"","country","agegrp","st","year","N_cases","pct","total_cases"
"1","Austria",5,"STRPNE_1",2010,3.3284671504,2.18978102437956,151.999999696
"2","Austria",5,"STRPNE_1",2012,1.580246912,1.23456790098765,127.9999998976
"3","Austria",5,"STRPNE_1",2013,1.1366459583,0.621118010993789,182.9999997072
"4","Austria",5,"STRPNE_1",2014,2.3013698568,1.36986301178082,167.9999997816
"5","Austria",5,"STRPNE_1",2015,2.2761904705,0.952380951809524,238.9999995459
"6","Austria",5,"STRPNE_1",2016,1.1069767226,0.465116271023256,237.9999994764
"7","Austria",5,"STRPNE_1",2017,2.1577060687,0.716845871648746,300.9999993077
"8","Austria",5,"STRPNE_1",2018,0,0,350.9999994735
"9","Austria",5,"STRPNE_1",2019,0,0,370.9999995548
"10","Austria",5,"STRPNE_1",2020,0,0,208.9999996447
"11","Austria",5,"STRPNE_1",2021,0,0,203.9999998368
"12","Austria",5,"STRPNE_1",2022,1.1249999739,0.378787870757576,296.999999406
"13","Austria",5,"STRPNE_1",2023,0,0,471.99999882
"14","Austria",5,"STRPNE_1",2024,0,0,505.9999988362
"15","Austria",5,"STRPNE_10",2010,0,0,151.999999696
"16","Austria",5,"STRPNE_10",2012,0,0,127.9999998976
"17","Austria",5,"STRPNE_10",2013,0,0,182.9999997072
"18","Austria",5,"STRPNE_10",2014,0,0,167.9999997816
"19","Austria",5,"STRPNE_10",2015,0,0,238.9999995459
"20","Austria",5,"STRPNE_10",2016,0,0,237.9999994764
"21","Austria",5,"STRPNE_10",2018,0,0,350.9999994735
"22","Austria",5,"STRPNE_10",2019,0,0,370.9999995548
"23","Austria",5,"STRPNE_10",2020,0,0,208.9999996447
"24","Austria",5,"STRPNE_10",2022,0,0,296.999999406
"25","Austria",5,"STRPNE_10",2023,0,0,471.99999882
"26","Austria",5,"STRPNE_10",2024,0,0,505.9999988362
"27","Austria",5,"STRPNE_10A",2010,2.2189780952,1.45985401291971,151.999999696
"28","Austria",5,"STRPNE_10A",2012,1.580246912,1.23456790098765,127.9999998976
"29","Austria",5,"STRPNE_10A",2013,3.4099378749,1.86335403298137,182.9999997072
"30","Austria",5,"STRPNE_10A",2014,5.7534246504,3.42465753445205,167.9999997816
"31","Austria",5,"STRPNE_10A",2015,7.9666666587,3.33333333633333,238.9999995459
"32","Austria",5,"STRPNE_10A",2016,4.4279069618,1.86046511409302,237.9999994764
"33","Austria",5,"STRPNE_10A",2017,4.3154121675,1.43369175329749,300.9999993077
"34","Austria",5,"STRPNE_10A",2018,9.7499999727,2.77777777416667,350.9999994735
"35","Austria",5,"STRPNE_10A",2019,4.37758111,1.17994100141593,370.9999995548
"36","Austria",5,"STRPNE_10A",2020,4.6187845275,2.20994475375691,208.9999996447
"37","Austria",5,"STRPNE_10A",2021,4.4347826016,2.17391304173913,203.9999998368
"38","Austria",5,"STRPNE_10A",2022,2.2499999775,0.757575751515152,296.999999406
"39","Austria",5,"STRPNE_10A",2023,8.6605504336,1.83486238458716,471.99999882
"40","Austria",5,"STRPNE_10A",2024,9.1814515672,1.81451612417339,505.9999988362
"41","Austria",5,"STRPNE_10B",2010,1.10948904,0.729927001459854,151.999999696
"42","Austria",5,"STRPNE_10B",2012,0,0,127.9999998976
"43","Austria",5,"STRPNE_10B",2013,0,0,182.9999997072
"44","Austria",5,"STRPNE_10B",2014,0,0,167.9999997816
"45","Austria",5,"STRPNE_10B",2015,0,0,238.9999995459
"46","Austria",5,"STRPNE_10B",2016,0,0,237.9999994764
"47","Austria",5,"STRPNE_10B",2017,2.1577060687,0.716845871648746,300.9999993077
"48","Austria",5,"STRPNE_10B",2018,1.0833333147,0.308641970462963,350.9999994735
"49","Austria",5,"STRPNE_10B",2019,0,0,370.9999995548
"50","Austria",5,"STRPNE_10B",2020,0,0,208.9999996447
"51","Austria",5,"STRPNE_10B",2021,0,0,203.9999998368
"52","Austria",5,"STRPNE_10B",2022,2.2499999775,0.757575751515152,296.999999406
"53","Austria",5,"STRPNE_10B",2023,0,0,471.99999882
"54","Austria",5,"STRPNE_10B",2024,1.020161274,0.20161290046371,505.9999988362
"55","Austria",5,"STRPNE_10C",2013,0,0,182.9999997072
"56","Austria",5,"STRPNE_10C",2017,0,0,300.9999993077
"57","Austria",5,"STRPNE_10C",2018,0,0,350.9999994735
"58","Austria",5,"STRPNE_10C",2020,0,0,208.9999996447
"59","Austria",5,"STRPNE_10C",2022,0,0,296.999999406
"60","Austria",5,"STRPNE_10C",2023,0,0,471.99999882
"61","Austria",5,"STRPNE_10F",2010,0,0,151.999999696
"62","Austria",5,"STRPNE_10F",2012,0,0,127.9999998976
"63","Austria",5,"STRPNE_10F",2013,0,0,182.9999997072
"64","Austria",5,"STRPNE_10F",2014,0,0,167.9999997816
"65","Austria",5,"STRPNE_10F",2015,0,0,238.9999995459
"66","Austria",5,"STRPNE_10F",2016,0,0,237.9999994764
"67","Austria",5,"STRPNE_10F",2017,0,0,300.9999993077
"68","Austria",5,"STRPNE_10F",2018,0,0,350.9999994735
"69","Austria",5,"STRPNE_10F",2019,0,0,370.9999995548
"70","Austria",5,"STRPNE_10F",2020,0,0,208.9999996447
"71","Austria",5,"STRPNE_10F",2021,0,0,203.9999998368
"72","Austria",5,"STRPNE_10F",2024,0,0,505.9999988362
"73","Austria",5,"STRPNE_11",2010,0,0,151.999999696
"74","Austria",5,"STRPNE_11",2012,0,0,127.9999998976
"75","Austria",5,"STRPNE_11",2013,0,0,182.9999997072
"76","Austria",5,"STRPNE_11",2014,0,0,167.9999997816
"77","Austria",5,"STRPNE_11",2015,0,0,238.9999995459
"78","Austria",5,"STRPNE_11",2016,0,0,237.9999994764
"79","Austria",5,"STRPNE_11",2017,0,0,300.9999993077
"80","Austria",5,"STRPNE_11",2019,0,0,370.9999995548
"81","Austria",5,"STRPNE_11",2021,0,0,203.9999998368
"82","Austria",5,"STRPNE_11",2022,0,0,296.999999406
"83","Austria",5,"STRPNE_11",2023,0,0,471.99999882
"84","Austria",5,"STRPNE_11",2024,0,0,505.9999988362
"85","Austria",5,"STRPNE_11A",2010,1.10948904,0.729927001459854,151.999999696
"86","Austria",5,"STRPNE_11A",2012,4.740740736,3.70370370296296,127.9999998976
"87","Austria",5,"STRPNE_11A",2013,5.6832298098,3.10559006496894,182.9999997072
"88","Austria",5,"STRPNE_11A",2014,5.7534246504,3.42465753445205,167.9999997816
"89","Austria",5,"STRPNE_11A",2015,4.552380941,1.90476190361905,238.9999995459
"90","Austria",5,"STRPNE_11A",2016,7.748837201,3.25581395716279,237.9999994764
"91","Austria",5,"STRPNE_11A",2017,14.025089582,4.65949821071685,300.9999993077
"92","Austria",5,"STRPNE_11A",2018,5.4166666437,1.54320987231481,350.9999994735
"93","Austria",5,"STRPNE_11A",2019,6.566371665,1.76991150212389,370.9999995548
"94","Austria",5,"STRPNE_11A",2020,4.6187845275,2.20994475375691,208.9999996447
"95","Austria",5,"STRPNE_11A",2021,6.6521739024,3.2608695626087,203.9999998368
"96","Austria",5,"STRPNE_11A",2022,10.124999973,3.40909090681818,296.999999406
"97","Austria",5,"STRPNE_11A",2023,17.3211009144,3.66972477917431,471.99999882
"98","Austria",5,"STRPNE_11A",2024,15.3024193124,3.02419354695565,505.9999988362
"99","Austria",5,"STRPNE_11A/D",2023,0,0,471.99999882
"100","Austria",5,"STRPNE_11B",2010,0,0,151.999999696
"101","Austria",5,"STRPNE_11B",2013,0,0,182.9999997072
"102","Austria",5,"STRPNE_11B",2014,0,0,167.9999997816
"103","Austria",5,"STRPNE_11B",2015,2.2761904705,0.952380951809524,238.9999995459
"104","Austria",5,"STRPNE_11B",2016,0,0,237.9999994764
"105","Austria",5,"STRPNE_11B",2017,0,0,300.9999993077
"106","Austria",5,"STRPNE_11B",2018,0,0,350.9999994735
"107","Austria",5,"STRPNE_11B",2019,1.0943952775,0.294985250353982,370.9999995548
"108","Austria",5,"STRPNE_11B",2020,0,0,208.9999996447
"109","Austria",5,"STRPNE_11B",2022,0,0,296.999999406
"110","Austria",5,"STRPNE_11B",2023,0,0,471.99999882
"111","Austria",5,"STRPNE_11B",2024,0,0,505.9999988362
"112","Austria",5,"STRPNE_11C",2012,0,0,127.9999998976
"113","Austria",5,"STRPNE_11C",2013,0,0,182.9999997072
"114","Austria",5,"STRPNE_11C",2014,0,0,167.9999997816
"115","Austria",5,"STRPNE_11C",2015,0,0,238.9999995459
"116","Austria",5,"STRPNE_11C",2016,0,0,237.9999994764
"117","Austria",5,"STRPNE_11C",2017,0,0,300.9999993077
"118","Austria",5,"STRPNE_11C",2018,0,0,350.9999994735
"119","Austria",5,"STRPNE_11C",2021,0,0,203.9999998368
"120","Austria",5,"STRPNE_11C",2023,0,0,471.99999882
"121","Austria",5,"STRPNE_11D",2010,0,0,151.999999696
"122","Austria",5,"STRPNE_11D",2015,0,0,238.9999995459
"123","Austria",5,"STRPNE_11D",2017,0,0,300.9999993077
"124","Austria",5,"STRPNE_11D",2018,0,0,350.9999994735
"125","Austria",5,"STRPNE_11D",2019,0,0,370.9999995548
"126","Austria",5,"STRPNE_11D",2020,0,0,208.9999996447
"127","Austria",5,"STRPNE_11D",2021,0,0,203.9999998368
"128","Austria",5,"STRPNE_11D",2022,0,0,296.999999406
"129","Austria",5,"STRPNE_11D",2023,0,0,471.99999882
"130","Austria",5,"STRPNE_11D",2024,1.020161274,0.20161290046371,505.9999988362
"131","Austria",5,"STRPNE_11E",2019,0,0,370.9999995548
"132","Austria",5,"STRPNE_11E",2022,0,0,296.999999406
"133","Austria",5,"STRPNE_11E",2024,0,0,505.9999988362
"134","Austria",5,"STRPNE_11F",2010,0,0,151.999999696
"135","Austria",5,"STRPNE_11F",2012,0,0,127.9999998976
"136","Austria",5,"STRPNE_11F",2018,0,0,350.9999994735
"137","Austria",5,"STRPNE_11F",2024,0,0,505.9999988362
"138","Austria",5,"STRPNE_12",2010,0,0,151.999999696
"139","Austria",5,"STRPNE_12",2012,0,0,127.9999998976
"140","Austria",5,"STRPNE_12",2013,0,0,182.9999997072
"141","Austria",5,"STRPNE_12",2014,0,0,167.9999997816
"142","Austria",5,"STRPNE_12",2015,0,0,238.9999995459
"143","Austria",5,"STRPNE_12",2016,0,0,237.9999994764
"144","Austria",5,"STRPNE_12",2017,0,0,300.9999993077
"145","Austria",5,"STRPNE_12",2018,0,0,350.9999994735
"146","Austria",5,"STRPNE_12",2019,0,0,370.9999995548
"147","Austria",5,"STRPNE_12",2022,0,0,296.999999406
"148","Austria",5,"STRPNE_12",2024,0,0,505.9999988362
"149","Austria",5,"STRPNE_12A",2010,0,0,151.999999696
"150","Austria",5,"STRPNE_12A",2012,0,0,127.9999998976
"151","Austria",5,"STRPNE_12A",2013,0,0,182.9999997072
"152","Austria",5,"STRPNE_12A",2015,0,0,238.9999995459
"153","Austria",5,"STRPNE_12A",2017,0,0,300.9999993077
"154","Austria",5,"STRPNE_12A",2018,0,0,350.9999994735
"155","Austria",5,"STRPNE_12A",2022,0,0,296.999999406
"156","Austria",5,"STRPNE_12A",2023,0,0,471.99999882
"157","Austria",5,"STRPNE_12A",2024,0,0,505.9999988362
"158","Austria",5,"STRPNE_12B",2010,0,0,151.999999696
"159","Austria",5,"STRPNE_12B",2012,0,0,127.9999998976
"160","Austria",5,"STRPNE_12B",2013,0,0,182.9999997072
"161","Austria",5,"STRPNE_12B",2014,0,0,167.9999997816
"162","Austria",5,"STRPNE_12B",2015,0,0,238.9999995459
"163","Austria",5,"STRPNE_12B",2016,0,0,237.9999994764
"164","Austria",5,"STRPNE_12B",2017,0,0,300.9999993077
"165","Austria",5,"STRPNE_12B",2018,0,0,350.9999994735
"166","Austria",5,"STRPNE_12B",2019,0,0,370.9999995548
"167","Austria",5,"STRPNE_12B",2020,0,0,208.9999996447
"168","Austria",5,"STRPNE_12B",2021,0,0,203.9999998368
"169","Austria",5,"STRPNE_12B",2022,0,0,296.999999406
"170","Austria",5,"STRPNE_12B",2023,0,0,471.99999882
"171","Austria",5,"STRPNE_12B",2024,0,0,505.9999988362
"172","Austria",5,"STRPNE_12F",2010,1.10948904,0.729927001459854,151.999999696
"173","Austria",5,"STRPNE_12F",2012,0,0,127.9999998976
"174","Austria",5,"STRPNE_12F",2013,0,0,182.9999997072
"175","Austria",5,"STRPNE_12F",2014,4.6027397136,2.73972602356164,167.9999997816
"176","Austria",5,"STRPNE_12F",2015,3.4142856938,1.42857142271429,238.9999995459
"177","Austria",5,"STRPNE_12F",2016,2.213953469,0.930232552046512,237.9999994764
"178","Austria",5,"STRPNE_12F",2017,0,0,300.9999993077
"179","Austria",5,"STRPNE_12F",2018,2.1666666645,0.617283950925926,350.9999994735
"180","Austria",5,"STRPNE_12F",2019,1.0943952775,0.294985250353982,370.9999995548
"181","Austria",5,"STRPNE_12F",2020,1.1546961162,0.552486180939226,208.9999996447
"182","Austria",5,"STRPNE_12F",2021,0,0,203.9999998368
"183","Austria",5,"STRPNE_12F",2022,0,0,296.999999406
"184","Austria",5,"STRPNE_12F",2023,2.1651375848,0.458715591146789,471.99999882
"185","Austria",5,"STRPNE_12F",2024,2.040322548,0.403225800927419,505.9999988362
"186","Austria",5,"STRPNE_13",2010,0,0,151.999999696
"187","Austria",5,"STRPNE_13",2012,0,0,127.9999998976
"188","Austria",5,"STRPNE_13",2013,0,0,182.9999997072
"189","Austria",5,"STRPNE_13",2014,0,0,167.9999997816
"190","Austria",5,"STRPNE_13",2015,1.1380952233,0.476190470904762,238.9999995459
"191","Austria",5,"STRPNE_13",2016,0,0,237.9999994764
"192","Austria",5,"STRPNE_13",2017,0,0,300.9999993077
"193","Austria",5,"STRPNE_13",2018,0,0,350.9999994735
"194","Austria",5,"STRPNE_13",2019,0,0,370.9999995548
"195","Austria",5,"STRPNE_13",2020,0,0,208.9999996447
"196","Austria",5,"STRPNE_13",2021,0,0,203.9999998368
"197","Austria",5,"STRPNE_13",2022,0,0,296.999999406
"198","Austria",5,"STRPNE_13",2023,0,0,471.99999882
"199","Austria",5,"STRPNE_13",2024,2.040322548,0.403225800927419,505.9999988362
"200","Austria",5,"STRPNE_14",2010,16.642335752,10.9489051218978,151.999999696
"201","Austria",5,"STRPNE_14",2012,20.5432098688,16.0493827228395,127.9999998976
"202","Austria",5,"STRPNE_14",2013,11.3664596196,6.21118012993789,182.9999997072
"203","Austria",5,"STRPNE_14",2014,5.7534246504,3.42465753445205,167.9999997816
"204","Austria",5,"STRPNE_14",2015,11.3809523764,4.76190476904762,238.9999995459
"205","Austria",5,"STRPNE_14",2016,9.9627906938,4.1860465192093,237.9999994764
"206","Austria",5,"STRPNE_14",2017,6.4731182663,2.15053763494624,300.9999993077
"207","Austria",5,"STRPNE_14",2018,6.4999999935,1.85185185277778,350.9999994735
"208","Austria",5,"STRPNE_14",2019,6.566371665,1.76991150212389,370.9999995548
"209","Austria",5,"STRPNE_14",2020,3.4640883904,1.65745856281768,208.9999996447
"210","Austria",5,"STRPNE_14",2021,2.2173913008,1.08695652086957,203.9999998368
"211","Austria",5,"STRPNE_14",2022,2.2499999775,0.757575751515152,296.999999406
"212","Austria",5,"STRPNE_14",2023,3.2477064008,0.688073391720184,471.99999882
"213","Austria",5,"STRPNE_14",2024,1.020161274,0.20161290046371,505.9999988362
"214","Austria",5,"STRPNE_15",2010,0,0,151.999999696
"215","Austria",5,"STRPNE_15",2012,0,0,127.9999998976
"216","Austria",5,"STRPNE_15",2013,0,0,182.9999997072
"217","Austria",5,"STRPNE_15",2014,0,0,167.9999997816
"218","Austria",5,"STRPNE_15",2015,0,0,238.9999995459
"219","Austria",5,"STRPNE_15",2016,0,0,237.9999994764
"220","Austria",5,"STRPNE_15",2017,0,0,300.9999993077
"221","Austria",5,"STRPNE_15",2018,0,0,350.9999994735
"222","Austria",5,"STRPNE_15",2019,0,0,370.9999995548
"223","Austria",5,"STRPNE_15",2020,0,0,208.9999996447
"224","Austria",5,"STRPNE_15",2021,0,0,203.9999998368
"225","Austria",5,"STRPNE_15",2022,0,0,296.999999406
"226","Austria",5,"STRPNE_15",2023,0,0,471.99999882
"227","Austria",5,"STRPNE_15",2024,0,0,505.9999988362
"228","Austria",5,"STRPNE_15A",2010,1.10948904,0.729927001459854,151.999999696
"229","Austria",5,"STRPNE_15A",2012,4.740740736,3.70370370296296,127.9999998976
"230","Austria",5,"STRPNE_15A",2013,4.5465838332,2.48447204397516,182.9999997072
"231","Austria",5,"STRPNE_15A",2014,3.4520547936,2.05479452267123,167.9999997816
"232","Austria",5,"STRPNE_15A",2015,3.4142856938,1.42857142271429,238.9999995459
"233","Austria",5,"STRPNE_15A",2016,4.4279069618,1.86046511409302,237.9999994764
"234","Austria",5,"STRPNE_15A",2017,9.7096774145,3.22580645741936,300.9999993077
"235","Austria",5,"STRPNE_15A",2018,9.7499999727,2.77777777416667,350.9999994735
"236","Austria",5,"STRPNE_15A",2019,9.8495574975,2.65486725318584,370.9999995548
"237","Austria",5,"STRPNE_15A",2020,3.4640883904,1.65745856281768,208.9999996447
"238","Austria",5,"STRPNE_15A",2021,11.086956504,5.43478260434783,203.9999998368
"239","Austria",5,"STRPNE_15A",2022,10.124999973,3.40909090681818,296.999999406
"240","Austria",5,"STRPNE_15A",2023,14.0733944664,2.98165137745413,471.99999882
"241","Austria",5,"STRPNE_15A",2024,14.2822580384,2.82258064649194,505.9999988362
"242","Austria",5,"STRPNE_15B",2010,1.10948904,0.729927001459854,151.999999696
"243","Austria",5,"STRPNE_15B",2012,0,0,127.9999998976
"244","Austria",5,"STRPNE_15B",2013,4.5465838332,2.48447204397516,182.9999997072
"245","Austria",5,"STRPNE_15B",2014,1.15068492,0.684931500890411,167.9999997816
"246","Austria",5,"STRPNE_15B",2015,2.2761904705,0.952380951809524,238.9999995459
"247","Austria",5,"STRPNE_15B",2016,5.5348837082,2.32558139511628,237.9999994764
"248","Austria",5,"STRPNE_15B",2017,3.2365591181,1.07526881247312,300.9999993077
"249","Austria",5,"STRPNE_15B",2018,2.1666666645,0.617283950925926,350.9999994735
"250","Austria",5,"STRPNE_15B",2019,4.37758111,1.17994100141593,370.9999995548
"251","Austria",5,"STRPNE_15B",2020,3.4640883904,1.65745856281768,208.9999996447
"252","Austria",5,"STRPNE_15B",2021,0,0,203.9999998368
"253","Austria",5,"STRPNE_15B",2022,3.3749999811,1.13636363227273,296.999999406
"254","Austria",5,"STRPNE_15B",2023,15.1559632824,3.21100917802752,471.99999882
"255","Austria",5,"STRPNE_15B",2024,8.1612902932,1.61290322370968,505.9999988362
"256","Austria",5,"STRPNE_15B/C",2012,0,0,127.9999998976
"257","Austria",5,"STRPNE_15B/C",2013,0,0,182.9999997072
"258","Austria",5,"STRPNE_15B/C",2014,0,0,167.9999997816
"259","Austria",5,"STRPNE_15B/C",2015,0,0,238.9999995459
"260","Austria",5,"STRPNE_15B/C",2016,0,0,237.9999994764
"261","Austria",5,"STRPNE_15B/C",2017,0,0,300.9999993077
"262","Austria",5,"STRPNE_15B/C",2018,0,0,350.9999994735
"263","Austria",5,"STRPNE_15B/C",2019,0,0,370.9999995548
"264","Austria",5,"STRPNE_15B/C",2020,0,0,208.9999996447
"265","Austria",5,"STRPNE_15B/C",2021,0,0,203.9999998368
"266","Austria",5,"STRPNE_15B/C",2022,0,0,296.999999406
"267","Austria",5,"STRPNE_15B/C",2023,0,0,471.99999882
"268","Austria",5,"STRPNE_15B/C",2024,0,0,505.9999988362
"269","Austria",5,"STRPNE_15C",2010,1.10948904,0.729927001459854,151.999999696
"270","Austria",5,"STRPNE_15C",2012,1.580246912,1.23456790098765,127.9999998976
"271","Austria",5,"STRPNE_15C",2013,2.2732919166,1.24223602198758,182.9999997072
"272","Austria",5,"STRPNE_15C",2014,1.15068492,0.684931500890411,167.9999997816
"273","Austria",5,"STRPNE_15C",2015,3.4142856938,1.42857142271429,238.9999995459
"274","Austria",5,"STRPNE_15C",2016,2.213953469,0.930232552046512,237.9999994764
"275","Austria",5,"STRPNE_15C",2017,1.0788530193,0.358422930824373,300.9999993077
"276","Austria",5,"STRPNE_15C",2018,3.2499999792,0.925925921388889,350.9999994735
"277","Austria",5,"STRPNE_15C",2019,3.2831858325,0.884955751061947,370.9999995548
"278","Austria",5,"STRPNE_15C",2020,3.4640883904,1.65745856281768,208.9999996447
"279","Austria",5,"STRPNE_15C",2021,2.2173913008,1.08695652086957,203.9999998368
"280","Austria",5,"STRPNE_15C",2022,3.3749999811,1.13636363227273,296.999999406
"281","Austria",5,"STRPNE_15C",2023,6.4954128016,1.37614678344037,471.99999882
"282","Austria",5,"STRPNE_15C",2024,6.1209676946,1.20967741278226,505.9999988362
"283","Austria",5,"STRPNE_15F",2010,1.10948904,0.729927001459854,151.999999696
"284","Austria",5,"STRPNE_15F",2012,0,0,127.9999998976
"285","Austria",5,"STRPNE_15F",2013,0,0,182.9999997072
"286","Austria",5,"STRPNE_15F",2014,0,0,167.9999997816
"287","Austria",5,"STRPNE_15F",2015,0,0,238.9999995459
"288","Austria",5,"STRPNE_15F",2016,0,0,237.9999994764
"289","Austria",5,"STRPNE_15F",2017,0,0,300.9999993077
"290","Austria",5,"STRPNE_15F",2018,0,0,350.9999994735
"291","Austria",5,"STRPNE_15F",2021,0,0,203.9999998368
"292","Austria",5,"STRPNE_15F",2022,0,0,296.999999406
"293","Austria",5,"STRPNE_15F",2023,0,0,471.99999882
"294","Austria",5,"STRPNE_15F",2024,0,0,505.9999988362
"295","Austria",5,"STRPNE_16",2010,0,0,151.999999696
"296","Austria",5,"STRPNE_16",2012,0,0,127.9999998976
"297","Austria",5,"STRPNE_16",2013,0,0,182.9999997072
"298","Austria",5,"STRPNE_16",2014,0,0,167.9999997816
"299","Austria",5,"STRPNE_16",2016,0,0,237.9999994764
"300","Austria",5,"STRPNE_16",2017,0,0,300.9999993077
"301","Austria",5,"STRPNE_16",2018,0,0,350.9999994735
"302","Austria",5,"STRPNE_16",2019,0,0,370.9999995548
"303","Austria",5,"STRPNE_16",2022,0,0,296.999999406
"304","Austria",5,"STRPNE_16",2023,0,0,471.99999882
"305","Austria",5,"STRPNE_16",2024,0,0,505.9999988362
"306","Austria",5,"STRPNE_16A",2013,0,0,182.9999997072
"307","Austria",5,"STRPNE_16A",2014,0,0,167.9999997816
"308","Austria",5,"STRPNE_16A",2015,0,0,238.9999995459
"309","Austria",5,"STRPNE_16A",2017,0,0,300.9999993077
"310","Austria",5,"STRPNE_16A",2018,0,0,350.9999994735
"311","Austria",5,"STRPNE_16A",2019,0,0,370.9999995548
"312","Austria",5,"STRPNE_16A",2021,0,0,203.9999998368
"313","Austria",5,"STRPNE_16A",2022,0,0,296.999999406
"314","Austria",5,"STRPNE_16A",2023,0,0,471.99999882
"315","Austria",5,"STRPNE_16A",2024,0,0,505.9999988362
"316","Austria",5,"STRPNE_16F",2010,0,0,151.999999696
"317","Austria",5,"STRPNE_16F",2012,0,0,127.9999998976
"318","Austria",5,"STRPNE_16F",2013,2.2732919166,1.24223602198758,182.9999997072
"319","Austria",5,"STRPNE_16F",2014,2.3013698568,1.36986301178082,167.9999997816
"320","Austria",5,"STRPNE_16F",2015,2.2761904705,0.952380951809524,238.9999995459
"321","Austria",5,"STRPNE_16F",2016,2.213953469,0.930232552046512,237.9999994764
"322","Austria",5,"STRPNE_16F",2017,2.1577060687,0.716845871648746,300.9999993077
"323","Austria",5,"STRPNE_16F",2018,3.2499999792,0.925925921388889,350.9999994735
"324","Austria",5,"STRPNE_16F",2019,3.2831858325,0.884955751061947,370.9999995548
"325","Austria",5,"STRPNE_16F",2020,1.1546961162,0.552486180939226,208.9999996447
"326","Austria",5,"STRPNE_16F",2021,2.2173913008,1.08695652086957,203.9999998368
"327","Austria",5,"STRPNE_16F",2022,0,0,296.999999406
"328","Austria",5,"STRPNE_16F",2023,6.4954128016,1.37614678344037,471.99999882
"329","Austria",5,"STRPNE_16F",2024,4.0806451466,0.806451611854839,505.9999988362
"330","Austria",5,"STRPNE_17",2010,0,0,151.999999696
"331","Austria",5,"STRPNE_17",2012,0,0,127.9999998976
"332","Austria",5,"STRPNE_17",2013,0,0,182.9999997072
"333","Austria",5,"STRPNE_17",2014,0,0,167.9999997816
"334","Austria",5,"STRPNE_17",2017,0,0,300.9999993077
"335","Austria",5,"STRPNE_17",2022,0,0,296.999999406
"336","Austria",5,"STRPNE_17A",2010,0,0,151.999999696
"337","Austria",5,"STRPNE_17A",2012,0,0,127.9999998976
"338","Austria",5,"STRPNE_17A",2013,0,0,182.9999997072
"339","Austria",5,"STRPNE_17A",2014,0,0,167.9999997816
"340","Austria",5,"STRPNE_17A",2015,0,0,238.9999995459
"341","Austria",5,"STRPNE_17A",2016,0,0,237.9999994764
"342","Austria",5,"STRPNE_17A",2017,0,0,300.9999993077
"343","Austria",5,"STRPNE_17A",2018,0,0,350.9999994735
"344","Austria",5,"STRPNE_17A",2019,0,0,370.9999995548
"345","Austria",5,"STRPNE_17A",2020,0,0,208.9999996447
"346","Austria",5,"STRPNE_17A",2021,0,0,203.9999998368
"347","Austria",5,"STRPNE_17A",2022,0,0,296.999999406
"348","Austria",5,"STRPNE_17A",2023,0,0,471.99999882
"349","Austria",5,"STRPNE_17A",2024,0,0,505.9999988362
"350","Austria",5,"STRPNE_17A/35B/C",2023,0,0,471.99999882
"351","Austria",5,"STRPNE_17F",2010,1.10948904,0.729927001459854,151.999999696
"352","Austria",5,"STRPNE_17F",2012,0,0,127.9999998976
"353","Austria",5,"STRPNE_17F",2013,1.1366459583,0.621118010993789,182.9999997072
"354","Austria",5,"STRPNE_17F",2014,2.3013698568,1.36986301178082,167.9999997816
"355","Austria",5,"STRPNE_17F",2015,1.1380952233,0.476190470904762,238.9999995459
"356","Austria",5,"STRPNE_17F",2016,2.213953469,0.930232552046512,237.9999994764
"357","Austria",5,"STRPNE_17F",2017,1.0788530193,0.358422930824373,300.9999993077
"358","Austria",5,"STRPNE_17F",2018,2.1666666645,0.617283950925926,350.9999994735
"359","Austria",5,"STRPNE_17F",2019,4.37758111,1.17994100141593,370.9999995548
"360","Austria",5,"STRPNE_17F",2020,1.1546961162,0.552486180939226,208.9999996447
"361","Austria",5,"STRPNE_17F",2021,2.2173913008,1.08695652086957,203.9999998368
"362","Austria",5,"STRPNE_17F",2022,0,0,296.999999406
"363","Austria",5,"STRPNE_17F",2023,1.0825687688,0.229357790573395,471.99999882
"364","Austria",5,"STRPNE_17F",2024,2.040322548,0.403225800927419,505.9999988362
"365","Austria",5,"STRPNE_18",2010,0,0,151.999999696
"366","Austria",5,"STRPNE_18",2012,0,0,127.9999998976
"367","Austria",5,"STRPNE_18",2013,0,0,182.9999997072
"368","Austria",5,"STRPNE_18",2014,0,0,167.9999997816
"369","Austria",5,"STRPNE_18",2019,0,0,370.9999995548
"370","Austria",5,"STRPNE_18",2021,0,0,203.9999998368
"371","Austria",5,"STRPNE_18",2022,0,0,296.999999406
"372","Austria",5,"STRPNE_18",2023,0,0,471.99999882
"373","Austria",5,"STRPNE_18",2024,0,0,505.9999988362
"374","Austria",5,"STRPNE_18A",2010,1.10948904,0.729927001459854,151.999999696
"375","Austria",5,"STRPNE_18A",2012,0,0,127.9999998976
"376","Austria",5,"STRPNE_18A",2013,1.1366459583,0.621118010993789,182.9999997072
"377","Austria",5,"STRPNE_18A",2014,0,0,167.9999997816
"378","Austria",5,"STRPNE_18A",2015,1.1380952233,0.476190470904762,238.9999995459
"379","Austria",5,"STRPNE_18A",2016,0,0,237.9999994764
"380","Austria",5,"STRPNE_18A",2017,0,0,300.9999993077
"381","Austria",5,"STRPNE_18A",2018,0,0,350.9999994735
"382","Austria",5,"STRPNE_18A",2019,1.0943952775,0.294985250353982,370.9999995548
"383","Austria",5,"STRPNE_18A",2020,0,0,208.9999996447
"384","Austria",5,"STRPNE_18A",2021,0,0,203.9999998368
"385","Austria",5,"STRPNE_18A",2022,0,0,296.999999406
"386","Austria",5,"STRPNE_18A",2023,0,0,471.99999882
"387","Austria",5,"STRPNE_18A",2024,0,0,505.9999988362
"388","Austria",5,"STRPNE_18B",2010,0,0,151.999999696
"389","Austria",5,"STRPNE_18B",2012,0,0,127.9999998976
"390","Austria",5,"STRPNE_18B",2013,0,0,182.9999997072
"391","Austria",5,"STRPNE_18B",2014,0,0,167.9999997816
"392","Austria",5,"STRPNE_18B",2017,0,0,300.9999993077
"393","Austria",5,"STRPNE_18B",2018,0,0,350.9999994735
"394","Austria",5,"STRPNE_18B",2019,0,0,370.9999995548
"395","Austria",5,"STRPNE_18B",2020,0,0,208.9999996447
"396","Austria",5,"STRPNE_18B",2022,0,0,296.999999406
"397","Austria",5,"STRPNE_18B",2024,0,0,505.9999988362
"398","Austria",5,"STRPNE_18C",2010,1.10948904,0.729927001459854,151.999999696
"399","Austria",5,"STRPNE_18C",2012,3.160493824,2.46913580197531,127.9999998976
"400","Austria",5,"STRPNE_18C",2013,0,0,182.9999997072
"401","Austria",5,"STRPNE_18C",2014,0,0,167.9999997816
"402","Austria",5,"STRPNE_18C",2015,1.1380952233,0.476190470904762,238.9999995459
"403","Austria",5,"STRPNE_18C",2016,1.1069767226,0.465116271023256,237.9999994764
"404","Austria",5,"STRPNE_18C",2017,4.3154121675,1.43369175329749,300.9999993077
"405","Austria",5,"STRPNE_18C",2018,3.2499999792,0.925925921388889,350.9999994735
"406","Austria",5,"STRPNE_18C",2019,5.4719763875,1.47492625176991,370.9999995548
"407","Austria",5,"STRPNE_18C",2020,1.1546961162,0.552486180939226,208.9999996447
"408","Austria",5,"STRPNE_18C",2021,0,0,203.9999998368
"409","Austria",5,"STRPNE_18C",2022,1.1249999739,0.378787870757576,296.999999406
"410","Austria",5,"STRPNE_18C",2023,0,0,471.99999882
"411","Austria",5,"STRPNE_18C",2024,2.040322548,0.403225800927419,505.9999988362
"412","Austria",5,"STRPNE_18F",2010,0,0,151.999999696
"413","Austria",5,"STRPNE_18F",2013,1.1366459583,0.621118010993789,182.9999997072
"414","Austria",5,"STRPNE_18F",2015,0,0,238.9999995459
"415","Austria",5,"STRPNE_18F",2016,0,0,237.9999994764
"416","Austria",5,"STRPNE_18F",2023,0,0,471.99999882
"417","Austria",5,"STRPNE_18F",2024,0,0,505.9999988362
"418","Austria",5,"STRPNE_19",2010,0,0,151.999999696
"419","Austria",5,"STRPNE_19",2012,0,0,127.9999998976
"420","Austria",5,"STRPNE_19",2013,0,0,182.9999997072
"421","Austria",5,"STRPNE_19",2014,0,0,167.9999997816
"422","Austria",5,"STRPNE_19",2016,0,0,237.9999994764
"423","Austria",5,"STRPNE_19",2017,0,0,300.9999993077
"424","Austria",5,"STRPNE_19",2018,0,0,350.9999994735
"425","Austria",5,"STRPNE_19",2019,0,0,370.9999995548
"426","Austria",5,"STRPNE_19",2020,0,0,208.9999996447
"427","Austria",5,"STRPNE_19",2021,0,0,203.9999998368
"428","Austria",5,"STRPNE_19",2022,0,0,296.999999406
"429","Austria",5,"STRPNE_19",2023,0,0,471.99999882
"430","Austria",5,"STRPNE_19",2024,0,0,505.9999988362
"431","Austria",5,"STRPNE_19A",2010,6.6569343008,4.37956204875912,151.999999696
"432","Austria",5,"STRPNE_19A",2012,7.90123456,6.17283950493827,127.9999998976
"433","Austria",5,"STRPNE_19A",2013,15.9130434711,8.69565218391304,182.9999997072
"434","Austria",5,"STRPNE_19A",2014,5.7534246504,3.42465753445205,167.9999997816
"435","Austria",5,"STRPNE_19A",2015,20.4857142823,8.57142858628571,238.9999995459
"436","Austria",5,"STRPNE_19A",2016,16.6046511484,6.97674419534884,237.9999994764
"437","Austria",5,"STRPNE_19A",2017,34.5232974905,11.4695340763799,300.9999993077
"438","Austria",5,"STRPNE_19A",2018,58.4999999766,16.666666685,350.9999994735
"439","Austria",5,"STRPNE_19A",2019,71.1356931859,19.1740413130088,370.9999995548
"440","Austria",5,"STRPNE_19A",2020,32.3314916925,15.4696132762983,208.9999996447
"441","Austria",5,"STRPNE_19A",2021,41.021739126,20.108695666087,203.9999998368
"442","Austria",5,"STRPNE_19A",2022,43.8749999919,14.7727272995455,296.999999406
"443","Austria",5,"STRPNE_19A",2023,60.6238531768,12.8440367221101,471.99999882
"444","Austria",5,"STRPNE_19A",2024,39.7862902932,7.86290323808468,505.9999988362
"445","Austria",5,"STRPNE_19B",2014,0,0,167.9999997816
"446","Austria",5,"STRPNE_19B",2016,0,0,237.9999994764
"447","Austria",5,"STRPNE_19B",2018,0,0,350.9999994735
"448","Austria",5,"STRPNE_19B",2021,0,0,203.9999998368
"449","Austria",5,"STRPNE_19B",2022,0,0,296.999999406
"450","Austria",5,"STRPNE_19B",2023,0,0,471.99999882
"451","Austria",5,"STRPNE_19C",2012,0,0,127.9999998976
"452","Austria",5,"STRPNE_19C",2013,0,0,182.9999997072
"453","Austria",5,"STRPNE_19C",2014,0,0,167.9999997816
"454","Austria",5,"STRPNE_19C",2017,0,0,300.9999993077
"455","Austria",5,"STRPNE_19C",2020,0,0,208.9999996447
"456","Austria",5,"STRPNE_19C",2024,0,0,505.9999988362
"457","Austria",5,"STRPNE_19F",2010,7.766423356,5.10948906021898,151.999999696
"458","Austria",5,"STRPNE_19F",2012,1.580246912,1.23456790098765,127.9999998976
"459","Austria",5,"STRPNE_19F",2013,2.2732919166,1.24223602198758,182.9999997072
"460","Austria",5,"STRPNE_19F",2014,4.6027397136,2.73972602356164,167.9999997816
"461","Austria",5,"STRPNE_19F",2015,5.6904761882,2.38095238452381,238.9999995459
"462","Austria",5,"STRPNE_19F",2016,3.3209302154,1.39534883306977,237.9999994764
"463","Austria",5,"STRPNE_19F",2017,1.0788530193,0.358422930824373,300.9999993077
"464","Austria",5,"STRPNE_19F",2018,0,0,350.9999994735
"465","Austria",5,"STRPNE_19F",2019,2.188790555,0.589970500707965,370.9999995548
"466","Austria",5,"STRPNE_19F",2020,2.3093922533,1.10497237187845,208.9999996447
"467","Austria",5,"STRPNE_19F",2021,2.2173913008,1.08695652086957,203.9999998368
"468","Austria",5,"STRPNE_19F",2022,5.6249999883,1.89393939378788,296.999999406
"469","Austria",5,"STRPNE_19F",2023,3.2477064008,0.688073391720184,471.99999882
"470","Austria",5,"STRPNE_19F",2024,4.0806451466,0.806451611854839,505.9999988362
"471","Austria",5,"STRPNE_2",2012,0,0,127.9999998976
"472","Austria",5,"STRPNE_2",2013,0,0,182.9999997072
"473","Austria",5,"STRPNE_2",2015,0,0,238.9999995459
"474","Austria",5,"STRPNE_2",2016,0,0,237.9999994764
"475","Austria",5,"STRPNE_2",2019,0,0,370.9999995548
"476","Austria",5,"STRPNE_2",2022,0,0,296.999999406
"477","Austria",5,"STRPNE_2",2024,0,0,505.9999988362
"478","Austria",5,"STRPNE_20",2010,1.10948904,0.729927001459854,151.999999696
"479","Austria",5,"STRPNE_20",2012,3.160493824,2.46913580197531,127.9999998976
"480","Austria",5,"STRPNE_20",2013,1.1366459583,0.621118010993789,182.9999997072
"481","Austria",5,"STRPNE_20",2014,2.3013698568,1.36986301178082,167.9999997816
"482","Austria",5,"STRPNE_20",2015,2.2761904705,0.952380951809524,238.9999995459
"483","Austria",5,"STRPNE_20",2016,1.1069767226,0.465116271023256,237.9999994764
"484","Austria",5,"STRPNE_20",2017,3.2365591181,1.07526881247312,300.9999993077
"485","Austria",5,"STRPNE_20",2018,3.2499999792,0.925925921388889,350.9999994735
"486","Austria",5,"STRPNE_20",2019,8.75516222,2.35988200283186,370.9999995548
"487","Austria",5,"STRPNE_20",2020,0,0,208.9999996447
"488","Austria",5,"STRPNE_20",2021,0,0,203.9999998368
"489","Austria",5,"STRPNE_20",2022,0,0,296.999999406
"490","Austria",5,"STRPNE_20",2023,1.0825687688,0.229357790573395,471.99999882
"491","Austria",5,"STRPNE_20",2024,0,0,505.9999988362
"492","Austria",5,"STRPNE_21",2010,0,0,151.999999696
"493","Austria",5,"STRPNE_21",2012,0,0,127.9999998976
"494","Austria",5,"STRPNE_21",2013,0,0,182.9999997072
"495","Austria",5,"STRPNE_21",2014,0,0,167.9999997816
"496","Austria",5,"STRPNE_21",2015,1.1380952233,0.476190470904762,238.9999995459
"497","Austria",5,"STRPNE_21",2016,0,0,237.9999994764
"498","Austria",5,"STRPNE_21",2017,0,0,300.9999993077
"499","Austria",5,"STRPNE_21",2018,0,0,350.9999994735
"500","Austria",5,"STRPNE_21",2019,2.188790555,0.589970500707965,370.9999995548
"501","Austria",5,"STRPNE_21",2020,0,0,208.9999996447
"502","Austria",5,"STRPNE_21",2021,0,0,203.9999998368
"503","Austria",5,"STRPNE_21",2022,0,0,296.999999406
"504","Austria",5,"STRPNE_21",2023,1.0825687688,0.229357790573395,471.99999882
"505","Austria",5,"STRPNE_21",2024,1.020161274,0.20161290046371,505.9999988362
"506","Austria",5,"STRPNE_22",2010,0,0,151.999999696
"507","Austria",5,"STRPNE_22",2012,0,0,127.9999998976
"508","Austria",5,"STRPNE_22",2013,0,0,182.9999997072
"509","Austria",5,"STRPNE_22",2014,0,0,167.9999997816
"510","Austria",5,"STRPNE_22",2015,0,0,238.9999995459
"511","Austria",5,"STRPNE_22",2016,0,0,237.9999994764
"512","Austria",5,"STRPNE_22",2017,0,0,300.9999993077
"513","Austria",5,"STRPNE_22",2018,0,0,350.9999994735
"514","Austria",5,"STRPNE_22",2019,0,0,370.9999995548
"515","Austria",5,"STRPNE_22",2022,0,0,296.999999406
"516","Austria",5,"STRPNE_22",2023,0,0,471.99999882
"517","Austria",5,"STRPNE_22A",2012,0,0,127.9999998976
"518","Austria",5,"STRPNE_22A",2013,0,0,182.9999997072
"519","Austria",5,"STRPNE_22A",2014,0,0,167.9999997816
"520","Austria",5,"STRPNE_22A",2015,0,0,238.9999995459
"521","Austria",5,"STRPNE_22A",2016,0,0,237.9999994764
"522","Austria",5,"STRPNE_22A",2017,0,0,300.9999993077
"523","Austria",5,"STRPNE_22A",2018,0,0,350.9999994735
"524","Austria",5,"STRPNE_22A",2019,0,0,370.9999995548
"525","Austria",5,"STRPNE_22A",2020,0,0,208.9999996447
"526","Austria",5,"STRPNE_22A",2022,0,0,296.999999406
"527","Austria",5,"STRPNE_22A",2023,0,0,471.99999882
"528","Austria",5,"STRPNE_22A",2024,0,0,505.9999988362
"529","Austria",5,"STRPNE_22F",2010,4.4379561904,2.91970802583942,151.999999696
"530","Austria",5,"STRPNE_22F",2012,0,0,127.9999998976
"531","Austria",5,"STRPNE_22F",2013,5.6832298098,3.10559006496894,182.9999997072
"532","Austria",5,"STRPNE_22F",2014,4.6027397136,2.73972602356164,167.9999997816
"533","Austria",5,"STRPNE_22F",2015,13.6571428469,5.71428572085714,238.9999995459
"534","Austria",5,"STRPNE_22F",2016,19.9255813876,8.3720930384186,237.9999994764
"535","Austria",5,"STRPNE_22F",2017,18.3405017796,6.09318997401434,300.9999993077
"536","Austria",5,"STRPNE_22F",2018,21.666666645,6.17283950925926,350.9999994735
"537","Austria",5,"STRPNE_22F",2019,17.5103244771,4.71976401566372,370.9999995548
"538","Austria",5,"STRPNE_22F",2020,11.5469613083,5.52486187939226,208.9999996447
"539","Austria",5,"STRPNE_22F",2021,12.1956521544,5.97826086478261,203.9999998368
"540","Austria",5,"STRPNE_22F",2022,17.9999999982,6.06060607212121,296.999999406
"541","Austria",5,"STRPNE_22F",2023,71.4495412424,15.137614707844,471.99999882
"542","Austria",5,"STRPNE_22F",2024,65.290322548,12.9032258296774,505.9999988362
"543","Austria",5,"STRPNE_23",2010,0,0,151.999999696
"544","Austria",5,"STRPNE_23",2012,0,0,127.9999998976
"545","Austria",5,"STRPNE_23",2013,0,0,182.9999997072
"546","Austria",5,"STRPNE_23",2014,0,0,167.9999997816
"547","Austria",5,"STRPNE_23",2015,0,0,238.9999995459
"548","Austria",5,"STRPNE_23",2016,0,0,237.9999994764
"549","Austria",5,"STRPNE_23",2017,0,0,300.9999993077
"550","Austria",5,"STRPNE_23",2018,0,0,350.9999994735
"551","Austria",5,"STRPNE_23",2019,0,0,370.9999995548
"552","Austria",5,"STRPNE_23",2020,0,0,208.9999996447
"553","Austria",5,"STRPNE_23",2021,0,0,203.9999998368
"554","Austria",5,"STRPNE_23",2022,0,0,296.999999406
"555","Austria",5,"STRPNE_23",2024,0,0,505.9999988362
"556","Austria",5,"STRPNE_23A",2010,5.5474452456,3.64963503729927,151.999999696
"557","Austria",5,"STRPNE_23A",2012,4.740740736,3.70370370296296,127.9999998976
"558","Austria",5,"STRPNE_23A",2013,2.2732919166,1.24223602198758,182.9999997072
"559","Austria",5,"STRPNE_23A",2014,3.4520547936,2.05479452267123,167.9999997816
"560","Austria",5,"STRPNE_23A",2015,4.552380941,1.90476190361905,238.9999995459
"561","Austria",5,"STRPNE_23A",2016,6.6418604546,2.79069767613954,237.9999994764
"562","Austria",5,"STRPNE_23A",2017,8.6308243651,2.86738351659498,300.9999993077
"563","Austria",5,"STRPNE_23A",2018,20.5833333303,5.8641975387963,350.9999994735
"564","Austria",5,"STRPNE_23A",2019,9.8495574975,2.65486725318584,370.9999995548
"565","Austria",5,"STRPNE_23A",2020,4.6187845275,2.20994475375691,208.9999996447
"566","Austria",5,"STRPNE_23A",2021,8.8695652032,4.34782608347826,203.9999998368
"567","Austria",5,"STRPNE_23A",2022,10.124999973,3.40909090681818,296.999999406
"568","Austria",5,"STRPNE_23A",2023,12.9908256504,2.75229357688073,471.99999882
"569","Austria",5,"STRPNE_23A",2024,15.3024193124,3.02419354695565,505.9999988362
"570","Austria",5,"STRPNE_23B",2010,1.10948904,0.729927001459854,151.999999696
"571","Austria",5,"STRPNE_23B",2012,6.320987648,4.93827160395062,127.9999998976
"572","Austria",5,"STRPNE_23B",2013,5.6832298098,3.10559006496894,182.9999997072
"573","Austria",5,"STRPNE_23B",2014,3.4520547936,2.05479452267123,167.9999997816
"574","Austria",5,"STRPNE_23B",2015,3.4142856938,1.42857142271429,238.9999995459
"575","Austria",5,"STRPNE_23B",2016,4.4279069618,1.86046511409302,237.9999994764
"576","Austria",5,"STRPNE_23B",2017,3.2365591181,1.07526881247312,300.9999993077
"577","Austria",5,"STRPNE_23B",2018,7.5833333082,2.16049382324074,350.9999994735
"578","Austria",5,"STRPNE_23B",2019,9.8495574975,2.65486725318584,370.9999995548
"579","Austria",5,"STRPNE_23B",2020,9.237569055,4.41988950751381,208.9999996447
"580","Austria",5,"STRPNE_23B",2021,4.4347826016,2.17391304173913,203.9999998368
"581","Austria",5,"STRPNE_23B",2022,7.8749999955,2.65151515530303,296.999999406
"582","Austria",5,"STRPNE_23B",2023,14.0733944664,2.98165137745413,471.99999882
"583","Austria",5,"STRPNE_23B",2024,8.1612902932,1.61290322370968,505.9999988362
"584","Austria",5,"STRPNE_23F",2010,1.10948904,0.729927001459854,151.999999696
"585","Austria",5,"STRPNE_23F",2012,3.160493824,2.46913580197531,127.9999998976
"586","Austria",5,"STRPNE_23F",2013,3.4099378749,1.86335403298137,182.9999997072
"587","Austria",5,"STRPNE_23F",2014,5.7534246504,3.42465753445205,167.9999997816
"588","Austria",5,"STRPNE_23F",2015,4.552380941,1.90476190361905,238.9999995459
"589","Austria",5,"STRPNE_23F",2016,3.3209302154,1.39534883306977,237.9999994764
"590","Austria",5,"STRPNE_23F",2017,7.5519713157,2.50896057577061,300.9999993077
"591","Austria",5,"STRPNE_23F",2018,3.2499999792,0.925925921388889,350.9999994735
"592","Austria",5,"STRPNE_23F",2019,4.37758111,1.17994100141593,370.9999995548
"593","Austria",5,"STRPNE_23F",2020,3.4640883904,1.65745856281768,208.9999996447
"594","Austria",5,"STRPNE_23F",2021,2.2173913008,1.08695652086957,203.9999998368
"595","Austria",5,"STRPNE_23F",2022,0,0,296.999999406
"596","Austria",5,"STRPNE_23F",2023,1.0825687688,0.229357790573395,471.99999882
"597","Austria",5,"STRPNE_23F",2024,1.020161274,0.20161290046371,505.9999988362
"598","Austria",5,"STRPNE_24",2010,0,0,151.999999696
"599","Austria",5,"STRPNE_24",2012,0,0,127.9999998976
"600","Austria",5,"STRPNE_24",2013,0,0,182.9999997072
"601","Austria",5,"STRPNE_24",2014,0,0,167.9999997816
"602","Austria",5,"STRPNE_24",2019,0,0,370.9999995548
"603","Austria",5,"STRPNE_24",2023,0,0,471.99999882
"604","Austria",5,"STRPNE_24",2024,0,0,505.9999988362
"605","Austria",5,"STRPNE_24A",2010,0,0,151.999999696
"606","Austria",5,"STRPNE_24A",2012,0,0,127.9999998976
"607","Austria",5,"STRPNE_24A",2013,0,0,182.9999997072
"608","Austria",5,"STRPNE_24A",2014,0,0,167.9999997816
"609","Austria",5,"STRPNE_24A",2015,0,0,238.9999995459
"610","Austria",5,"STRPNE_24A",2016,0,0,237.9999994764
"611","Austria",5,"STRPNE_24A",2017,0,0,300.9999993077
"612","Austria",5,"STRPNE_24A",2018,0,0,350.9999994735
"613","Austria",5,"STRPNE_24A",2019,0,0,370.9999995548
"614","Austria",5,"STRPNE_24A",2020,0,0,208.9999996447
"615","Austria",5,"STRPNE_24A",2021,0,0,203.9999998368
"616","Austria",5,"STRPNE_24A",2022,0,0,296.999999406
"617","Austria",5,"STRPNE_24A",2023,0,0,471.99999882
"618","Austria",5,"STRPNE_24A",2024,0,0,505.9999988362
"619","Austria",5,"STRPNE_24B",2012,0,0,127.9999998976
"620","Austria",5,"STRPNE_24B",2016,0,0,237.9999994764
"621","Austria",5,"STRPNE_24B",2017,0,0,300.9999993077
"622","Austria",5,"STRPNE_24B",2018,0,0,350.9999994735
"623","Austria",5,"STRPNE_24B",2019,0,0,370.9999995548
"624","Austria",5,"STRPNE_24B",2021,0,0,203.9999998368
"625","Austria",5,"STRPNE_24B",2022,0,0,296.999999406
"626","Austria",5,"STRPNE_24B",2023,0,0,471.99999882
"627","Austria",5,"STRPNE_24B",2024,0,0,505.9999988362
"628","Austria",5,"STRPNE_24F",2010,3.3284671504,2.18978102437956,151.999999696
"629","Austria",5,"STRPNE_24F",2012,0,0,127.9999998976
"630","Austria",5,"STRPNE_24F",2013,4.5465838332,2.48447204397516,182.9999997072
"631","Austria",5,"STRPNE_24F",2014,4.6027397136,2.73972602356164,167.9999997816
"632","Austria",5,"STRPNE_24F",2015,5.6904761882,2.38095238452381,238.9999995459
"633","Austria",5,"STRPNE_24F",2016,5.5348837082,2.32558139511628,237.9999994764
"634","Austria",5,"STRPNE_24F",2017,11.8673834832,3.9426523290681,300.9999993077
"635","Austria",5,"STRPNE_24F",2018,4.333333329,1.23456790185185,350.9999994735
"636","Austria",5,"STRPNE_24F",2019,9.8495574975,2.65486725318584,370.9999995548
"637","Austria",5,"STRPNE_24F",2020,2.3093922533,1.10497237187845,208.9999996447
"638","Austria",5,"STRPNE_24F",2021,3.3260869512,1.63043478130435,203.9999998368
"639","Austria",5,"STRPNE_24F",2022,1.1249999739,0.378787870757576,296.999999406
"640","Austria",5,"STRPNE_24F",2023,10.8256880656,2.29357798573395,471.99999882
"641","Austria",5,"STRPNE_24F",2024,17.342741911,3.42741935788306,505.9999988362
"642","Austria",5,"STRPNE_25",2010,0,0,151.999999696
"643","Austria",5,"STRPNE_25",2024,0,0,505.9999988362
"644","Austria",5,"STRPNE_25A",2010,0,0,151.999999696
"645","Austria",5,"STRPNE_25A",2012,0,0,127.9999998976
"646","Austria",5,"STRPNE_25A",2013,0,0,182.9999997072
"647","Austria",5,"STRPNE_25A",2014,0,0,167.9999997816
"648","Austria",5,"STRPNE_25A",2015,0,0,238.9999995459
"649","Austria",5,"STRPNE_25A",2016,0,0,237.9999994764
"650","Austria",5,"STRPNE_25A",2017,1.0788530193,0.358422930824373,300.9999993077
"651","Austria",5,"STRPNE_25A",2018,0,0,350.9999994735
"652","Austria",5,"STRPNE_25A",2019,1.0943952775,0.294985250353982,370.9999995548
"653","Austria",5,"STRPNE_25A",2022,0,0,296.999999406
"654","Austria",5,"STRPNE_25A",2023,0,0,471.99999882
"655","Austria",5,"STRPNE_25A",2024,2.040322548,0.403225800927419,505.9999988362
"656","Austria",5,"STRPNE_25F",2010,0,0,151.999999696
"657","Austria",5,"STRPNE_25F",2012,0,0,127.9999998976
"658","Austria",5,"STRPNE_25F",2014,0,0,167.9999997816
"659","Austria",5,"STRPNE_25F",2015,0,0,238.9999995459
"660","Austria",5,"STRPNE_25F",2016,0,0,237.9999994764
"661","Austria",5,"STRPNE_25F",2017,0,0,300.9999993077
"662","Austria",5,"STRPNE_25F",2018,0,0,350.9999994735
"663","Austria",5,"STRPNE_25F",2019,0,0,370.9999995548
"664","Austria",5,"STRPNE_25F",2020,0,0,208.9999996447
"665","Austria",5,"STRPNE_25F",2023,0,0,471.99999882
"666","Austria",5,"STRPNE_25F",2024,0,0,505.9999988362
"667","Austria",5,"STRPNE_27",2012,0,0,127.9999998976
"668","Austria",5,"STRPNE_27",2013,0,0,182.9999997072
"669","Austria",5,"STRPNE_27",2014,0,0,167.9999997816
"670","Austria",5,"STRPNE_27",2015,0,0,238.9999995459
"671","Austria",5,"STRPNE_27",2016,0,0,237.9999994764
"672","Austria",5,"STRPNE_27",2017,0,0,300.9999993077
"673","Austria",5,"STRPNE_27",2018,0,0,350.9999994735
"674","Austria",5,"STRPNE_27",2019,0,0,370.9999995548
"675","Austria",5,"STRPNE_27",2020,0,0,208.9999996447
"676","Austria",5,"STRPNE_27",2021,0,0,203.9999998368
"677","Austria",5,"STRPNE_27",2022,0,0,296.999999406
"678","Austria",5,"STRPNE_27",2023,0,0,471.99999882
"679","Austria",5,"STRPNE_28",2014,0,0,167.9999997816
"680","Austria",5,"STRPNE_28",2015,0,0,238.9999995459
"681","Austria",5,"STRPNE_28",2022,0,0,296.999999406
"682","Austria",5,"STRPNE_28A",2010,0,0,151.999999696
"683","Austria",5,"STRPNE_28A",2012,0,0,127.9999998976
"684","Austria",5,"STRPNE_28A",2013,0,0,182.9999997072
"685","Austria",5,"STRPNE_28A",2014,0,0,167.9999997816
"686","Austria",5,"STRPNE_28A",2015,0,0,238.9999995459
"687","Austria",5,"STRPNE_28A",2016,0,0,237.9999994764
"688","Austria",5,"STRPNE_28A",2017,0,0,300.9999993077
"689","Austria",5,"STRPNE_28A",2018,1.0833333147,0.308641970462963,350.9999994735
"690","Austria",5,"STRPNE_28A",2019,0,0,370.9999995548
"691","Austria",5,"STRPNE_28A",2020,0,0,208.9999996447
"692","Austria",5,"STRPNE_28A",2021,0,0,203.9999998368
"693","Austria",5,"STRPNE_28A",2022,0,0,296.999999406
"694","Austria",5,"STRPNE_28A",2023,0,0,471.99999882
"695","Austria",5,"STRPNE_28F",2010,0,0,151.999999696
"696","Austria",5,"STRPNE_28F",2012,0,0,127.9999998976
"697","Austria",5,"STRPNE_28F",2013,1.1366459583,0.621118010993789,182.9999997072
"698","Austria",5,"STRPNE_28F",2014,0,0,167.9999997816
"699","Austria",5,"STRPNE_28F",2017,1.0788530193,0.358422930824373,300.9999993077
"700","Austria",5,"STRPNE_28F",2019,1.0943952775,0.294985250353982,370.9999995548
"701","Austria",5,"STRPNE_28F",2021,0,0,203.9999998368
"702","Austria",5,"STRPNE_28F",2024,2.040322548,0.403225800927419,505.9999988362
"703","Austria",5,"STRPNE_29",2010,0,0,151.999999696
"704","Austria",5,"STRPNE_29",2012,0,0,127.9999998976
"705","Austria",5,"STRPNE_29",2013,0,0,182.9999997072
"706","Austria",5,"STRPNE_29",2014,0,0,167.9999997816
"707","Austria",5,"STRPNE_29",2015,0,0,238.9999995459
"708","Austria",5,"STRPNE_29",2016,0,0,237.9999994764
"709","Austria",5,"STRPNE_29",2017,0,0,300.9999993077
"710","Austria",5,"STRPNE_29",2018,0,0,350.9999994735
"711","Austria",5,"STRPNE_29",2019,0,0,370.9999995548
"712","Austria",5,"STRPNE_29",2020,0,0,208.9999996447
"713","Austria",5,"STRPNE_29",2021,0,0,203.9999998368
"714","Austria",5,"STRPNE_29",2022,1.1249999739,0.378787870757576,296.999999406
"715","Austria",5,"STRPNE_29",2023,1.0825687688,0.229357790573395,471.99999882
"716","Austria",5,"STRPNE_29",2024,2.040322548,0.403225800927419,505.9999988362
"717","Austria",5,"STRPNE_3",2010,27.7372262736,18.2481752164963,151.999999696
"718","Austria",5,"STRPNE_3",2012,20.5432098688,16.0493827228395,127.9999998976
"719","Austria",5,"STRPNE_3",2013,48.8757763899,26.7080745727329,182.9999997072
"720","Austria",5,"STRPNE_3",2014,42.57534246,25.3424657829452,167.9999997816
"721","Austria",5,"STRPNE_3",2015,69.4238095056,29.0476190951905,238.9999995459
"722","Austria",5,"STRPNE_3",2016,64.2046511484,26.9767442393488,237.9999994764
"723","Austria",5,"STRPNE_3",2017,75.5197132473,25.0896057877061,300.9999993077
"724","Austria",5,"STRPNE_3",2018,76.9166666424,21.9135802728704,350.9999994735
"725","Austria",5,"STRPNE_3",2019,77.702064888,20.9439528251327,370.9999995548
"726","Austria",5,"STRPNE_3",2020,54.2707182138,25.9668508641436,208.9999996447
"727","Austria",5,"STRPNE_3",2021,38.8043478252,19.0217391452174,203.9999998368
"728","Austria",5,"STRPNE_3",2022,97.8749999865,32.9545455159091,296.999999406
"729","Austria",5,"STRPNE_3",2023,111.5045871512,23.6238532690596,471.99999882
"730","Austria",5,"STRPNE_3",2024,113.237903185,22.3790323014718,505.9999988362
"731","Austria",5,"STRPNE_31",2010,0,0,151.999999696
"732","Austria",5,"STRPNE_31",2012,0,0,127.9999998976
"733","Austria",5,"STRPNE_31",2013,0,0,182.9999997072
"734","Austria",5,"STRPNE_31",2014,4.6027397136,2.73972602356164,167.9999997816
"735","Austria",5,"STRPNE_31",2015,1.1380952233,0.476190470904762,238.9999995459
"736","Austria",5,"STRPNE_31",2016,1.1069767226,0.465116271023256,237.9999994764
"737","Austria",5,"STRPNE_31",2017,3.2365591181,1.07526881247312,300.9999993077
"738","Austria",5,"STRPNE_31",2018,3.2499999792,0.925925921388889,350.9999994735
"739","Austria",5,"STRPNE_31",2019,2.188790555,0.589970500707965,370.9999995548
"740","Austria",5,"STRPNE_31",2020,2.3093922533,1.10497237187845,208.9999996447
"741","Austria",5,"STRPNE_31",2021,3.3260869512,1.63043478130435,203.9999998368
"742","Austria",5,"STRPNE_31",2022,0,0,296.999999406
"743","Austria",5,"STRPNE_31",2023,7.5779816176,1.60550458401376,471.99999882
"744","Austria",5,"STRPNE_31",2024,7.1411290192,1.41129032324597,505.9999988362
"745","Austria",5,"STRPNE_32",2010,0,0,151.999999696
"746","Austria",5,"STRPNE_32A",2013,0,0,182.9999997072
"747","Austria",5,"STRPNE_32A",2015,0,0,238.9999995459
"748","Austria",5,"STRPNE_33",2010,0,0,151.999999696
"749","Austria",5,"STRPNE_33",2012,0,0,127.9999998976
"750","Austria",5,"STRPNE_33",2013,0,0,182.9999997072
"751","Austria",5,"STRPNE_33",2014,0,0,167.9999997816
"752","Austria",5,"STRPNE_33",2015,0,0,238.9999995459
"753","Austria",5,"STRPNE_33",2017,0,0,300.9999993077
"754","Austria",5,"STRPNE_33",2018,0,0,350.9999994735
"755","Austria",5,"STRPNE_33",2019,0,0,370.9999995548
"756","Austria",5,"STRPNE_33",2022,0,0,296.999999406
"757","Austria",5,"STRPNE_33",2023,0,0,471.99999882
"758","Austria",5,"STRPNE_33",2024,0,0,505.9999988362
"759","Austria",5,"STRPNE_33A",2012,0,0,127.9999998976
"760","Austria",5,"STRPNE_33A",2013,0,0,182.9999997072
"761","Austria",5,"STRPNE_33A",2014,0,0,167.9999997816
"762","Austria",5,"STRPNE_33A",2015,1.1380952233,0.476190470904762,238.9999995459
"763","Austria",5,"STRPNE_33A",2016,0,0,237.9999994764
"764","Austria",5,"STRPNE_33A",2017,0,0,300.9999993077
"765","Austria",5,"STRPNE_33A",2018,0,0,350.9999994735
"766","Austria",5,"STRPNE_33A",2019,0,0,370.9999995548
"767","Austria",5,"STRPNE_33A",2020,0,0,208.9999996447
"768","Austria",5,"STRPNE_33A",2021,0,0,203.9999998368
"769","Austria",5,"STRPNE_33A",2022,0,0,296.999999406
"770","Austria",5,"STRPNE_33A",2024,0,0,505.9999988362
"771","Austria",5,"STRPNE_33B",2013,0,0,182.9999997072
"772","Austria",5,"STRPNE_33B",2014,0,0,167.9999997816
"773","Austria",5,"STRPNE_33B",2015,0,0,238.9999995459
"774","Austria",5,"STRPNE_33B",2017,0,0,300.9999993077
"775","Austria",5,"STRPNE_33B",2018,0,0,350.9999994735
"776","Austria",5,"STRPNE_33B",2019,0,0,370.9999995548
"777","Austria",5,"STRPNE_33B",2021,0,0,203.9999998368
"778","Austria",5,"STRPNE_33B",2024,0,0,505.9999988362
"779","Austria",5,"STRPNE_33C",2024,0,0,505.9999988362
"780","Austria",5,"STRPNE_33D",2016,0,0,237.9999994764
"781","Austria",5,"STRPNE_33D",2017,0,0,300.9999993077
"782","Austria",5,"STRPNE_33D",2018,0,0,350.9999994735
"783","Austria",5,"STRPNE_33D",2020,0,0,208.9999996447
"784","Austria",5,"STRPNE_33D",2021,0,0,203.9999998368
"785","Austria",5,"STRPNE_33D",2024,0,0,505.9999988362
"786","Austria",5,"STRPNE_33F",2010,1.10948904,0.729927001459854,151.999999696
"787","Austria",5,"STRPNE_33F",2012,3.160493824,2.46913580197531,127.9999998976
"788","Austria",5,"STRPNE_33F",2013,3.4099378749,1.86335403298137,182.9999997072
"789","Austria",5,"STRPNE_33F",2014,4.6027397136,2.73972602356164,167.9999997816
"790","Austria",5,"STRPNE_33F",2015,1.1380952233,0.476190470904762,238.9999995459
"791","Austria",5,"STRPNE_33F",2016,6.6418604546,2.79069767613954,237.9999994764
"792","Austria",5,"STRPNE_33F",2017,8.6308243651,2.86738351659498,300.9999993077
"793","Austria",5,"STRPNE_33F",2018,4.333333329,1.23456790185185,350.9999994735
"794","Austria",5,"STRPNE_33F",2019,4.37758111,1.17994100141593,370.9999995548
"795","Austria",5,"STRPNE_33F",2020,1.1546961162,0.552486180939226,208.9999996447
"796","Austria",5,"STRPNE_33F",2021,2.2173913008,1.08695652086957,203.9999998368
"797","Austria",5,"STRPNE_33F",2022,1.1249999739,0.378787870757576,296.999999406
"798","Austria",5,"STRPNE_33F",2023,6.4954128016,1.37614678344037,471.99999882
"799","Austria",5,"STRPNE_33F",2024,7.1411290192,1.41129032324597,505.9999988362
"800","Austria",5,"STRPNE_34",2010,1.10948904,0.729927001459854,151.999999696
"801","Austria",5,"STRPNE_34",2012,0,0,127.9999998976
"802","Austria",5,"STRPNE_34",2013,1.1366459583,0.621118010993789,182.9999997072
"803","Austria",5,"STRPNE_34",2014,0,0,167.9999997816
"804","Austria",5,"STRPNE_34",2015,0,0,238.9999995459
"805","Austria",5,"STRPNE_34",2016,0,0,237.9999994764
"806","Austria",5,"STRPNE_34",2017,0,0,300.9999993077
"807","Austria",5,"STRPNE_34",2018,0,0,350.9999994735
"808","Austria",5,"STRPNE_34",2019,0,0,370.9999995548
"809","Austria",5,"STRPNE_34",2020,0,0,208.9999996447
"810","Austria",5,"STRPNE_34",2021,0,0,203.9999998368
"811","Austria",5,"STRPNE_34",2022,0,0,296.999999406
"812","Austria",5,"STRPNE_34",2023,0,0,471.99999882
"813","Austria",5,"STRPNE_34",2024,0,0,505.9999988362
"814","Austria",5,"STRPNE_35",2010,0,0,151.999999696
"815","Austria",5,"STRPNE_35",2012,1.580246912,1.23456790098765,127.9999998976
"816","Austria",5,"STRPNE_35",2013,0,0,182.9999997072
"817","Austria",5,"STRPNE_35",2014,0,0,167.9999997816
"818","Austria",5,"STRPNE_35",2017,0,0,300.9999993077
"819","Austria",5,"STRPNE_35",2019,0,0,370.9999995548
"820","Austria",5,"STRPNE_35",2020,0,0,208.9999996447
"821","Austria",5,"STRPNE_35",2023,0,0,471.99999882
"822","Austria",5,"STRPNE_35",2024,0,0,505.9999988362
"823","Austria",5,"STRPNE_35A",2012,0,0,127.9999998976
"824","Austria",5,"STRPNE_35A",2013,0,0,182.9999997072
"825","Austria",5,"STRPNE_35A",2014,0,0,167.9999997816
"826","Austria",5,"STRPNE_35A",2015,0,0,238.9999995459
"827","Austria",5,"STRPNE_35A",2016,0,0,237.9999994764
"828","Austria",5,"STRPNE_35A",2017,0,0,300.9999993077
"829","Austria",5,"STRPNE_35A",2019,0,0,370.9999995548
"830","Austria",5,"STRPNE_35A",2020,0,0,208.9999996447
"831","Austria",5,"STRPNE_35A",2021,0,0,203.9999998368
"832","Austria",5,"STRPNE_35A",2022,0,0,296.999999406
"833","Austria",5,"STRPNE_35A",2023,0,0,471.99999882
"834","Austria",5,"STRPNE_35A",2024,0,0,505.9999988362
"835","Austria",5,"STRPNE_35B",2010,0,0,151.999999696
"836","Austria",5,"STRPNE_35B",2012,3.160493824,2.46913580197531,127.9999998976
"837","Austria",5,"STRPNE_35B",2013,2.2732919166,1.24223602198758,182.9999997072
"838","Austria",5,"STRPNE_35B",2014,2.3013698568,1.36986301178082,167.9999997816
"839","Austria",5,"STRPNE_35B",2015,4.552380941,1.90476190361905,238.9999995459
"840","Austria",5,"STRPNE_35B",2016,3.3209302154,1.39534883306977,237.9999994764
"841","Austria",5,"STRPNE_35B",2017,6.4731182663,2.15053763494624,300.9999993077
"842","Austria",5,"STRPNE_35B",2018,5.4166666437,1.54320987231481,350.9999994735
"843","Austria",5,"STRPNE_35B",2019,4.37758111,1.17994100141593,370.9999995548
"844","Austria",5,"STRPNE_35B",2020,1.1546961162,0.552486180939226,208.9999996447
"845","Austria",5,"STRPNE_35B",2021,2.2173913008,1.08695652086957,203.9999998368
"846","Austria",5,"STRPNE_35B",2022,3.3749999811,1.13636363227273,296.999999406
"847","Austria",5,"STRPNE_35B",2023,6.4954128016,1.37614678344037,471.99999882
"848","Austria",5,"STRPNE_35B",2024,8.1612902932,1.61290322370968,505.9999988362
"849","Austria",5,"STRPNE_35C",2010,0,0,151.999999696
"850","Austria",5,"STRPNE_35C",2013,0,0,182.9999997072
"851","Austria",5,"STRPNE_35C",2017,0,0,300.9999993077
"852","Austria",5,"STRPNE_35C",2022,0,0,296.999999406
"853","Austria",5,"STRPNE_35C",2023,1.0825687688,0.229357790573395,471.99999882
"854","Austria",5,"STRPNE_35C",2024,0,0,505.9999988362
"855","Austria",5,"STRPNE_35F",2010,1.10948904,0.729927001459854,151.999999696
"856","Austria",5,"STRPNE_35F",2012,3.160493824,2.46913580197531,127.9999998976
"857","Austria",5,"STRPNE_35F",2013,5.6832298098,3.10559006496894,182.9999997072
"858","Austria",5,"STRPNE_35F",2014,2.3013698568,1.36986301178082,167.9999997816
"859","Austria",5,"STRPNE_35F",2015,2.2761904705,0.952380951809524,238.9999995459
"860","Austria",5,"STRPNE_35F",2016,2.213953469,0.930232552046512,237.9999994764
"861","Austria",5,"STRPNE_35F",2017,5.3942652169,1.79211469412186,300.9999993077
"862","Austria",5,"STRPNE_35F",2018,6.4999999935,1.85185185277778,350.9999994735
"863","Austria",5,"STRPNE_35F",2019,7.6607669425,2.06489675247788,370.9999995548
"864","Austria",5,"STRPNE_35F",2020,4.6187845275,2.20994475375691,208.9999996447
"865","Austria",5,"STRPNE_35F",2021,5.543478252,2.71739130217391,203.9999998368
"866","Austria",5,"STRPNE_35F",2022,5.6249999883,1.89393939378788,296.999999406
"867","Austria",5,"STRPNE_35F",2023,8.6605504336,1.83486238458716,471.99999882
"868","Austria",5,"STRPNE_35F",2024,14.2822580384,2.82258064649194,505.9999988362
"869","Austria",5,"STRPNE_36",2013,0,0,182.9999997072
"870","Austria",5,"STRPNE_36",2020,0,0,208.9999996447
"871","Austria",5,"STRPNE_36",2023,0,0,471.99999882
"872","Austria",5,"STRPNE_37",2010,0,0,151.999999696
"873","Austria",5,"STRPNE_37",2012,1.580246912,1.23456790098765,127.9999998976
"874","Austria",5,"STRPNE_37",2013,0,0,182.9999997072
"875","Austria",5,"STRPNE_37",2014,1.15068492,0.684931500890411,167.9999997816
"876","Austria",5,"STRPNE_37",2015,1.1380952233,0.476190470904762,238.9999995459
"877","Austria",5,"STRPNE_37",2016,1.1069767226,0.465116271023256,237.9999994764
"878","Austria",5,"STRPNE_37",2017,0,0,300.9999993077
"879","Austria",5,"STRPNE_37",2018,0,0,350.9999994735
"880","Austria",5,"STRPNE_37",2019,2.188790555,0.589970500707965,370.9999995548
"881","Austria",5,"STRPNE_37",2020,0,0,208.9999996447
"882","Austria",5,"STRPNE_37",2021,1.1086956504,0.543478260434783,203.9999998368
"883","Austria",5,"STRPNE_37",2022,0,0,296.999999406
"884","Austria",5,"STRPNE_37",2023,0,0,471.99999882
"885","Austria",5,"STRPNE_37",2024,1.020161274,0.20161290046371,505.9999988362
"886","Austria",5,"STRPNE_38",2010,0,0,151.999999696
"887","Austria",5,"STRPNE_38",2012,1.580246912,1.23456790098765,127.9999998976
"888","Austria",5,"STRPNE_38",2013,0,0,182.9999997072
"889","Austria",5,"STRPNE_38",2014,0,0,167.9999997816
"890","Austria",5,"STRPNE_38",2015,1.1380952233,0.476190470904762,238.9999995459
"891","Austria",5,"STRPNE_38",2016,3.3209302154,1.39534883306977,237.9999994764
"892","Austria",5,"STRPNE_38",2017,2.1577060687,0.716845871648746,300.9999993077
"893","Austria",5,"STRPNE_38",2018,2.1666666645,0.617283950925926,350.9999994735
"894","Austria",5,"STRPNE_38",2019,5.4719763875,1.47492625176991,370.9999995548
"895","Austria",5,"STRPNE_38",2020,4.6187845275,2.20994475375691,208.9999996447
"896","Austria",5,"STRPNE_38",2021,0,0,203.9999998368
"897","Austria",5,"STRPNE_38",2022,2.2499999775,0.757575751515152,296.999999406
"898","Austria",5,"STRPNE_38",2023,12.9908256504,2.75229357688073,471.99999882
"899","Austria",5,"STRPNE_38",2024,34.685483822,6.85483871576613,505.9999988362
"900","Austria",5,"STRPNE_39",2014,0,0,167.9999997816
"901","Austria",5,"STRPNE_39",2016,0,0,237.9999994764
"902","Austria",5,"STRPNE_39",2020,0,0,208.9999996447
"903","Austria",5,"STRPNE_39",2021,0,0,203.9999998368
"904","Austria",5,"STRPNE_39",2022,0,0,296.999999406
"905","Austria",5,"STRPNE_4",2010,5.5474452456,3.64963503729927,151.999999696
"906","Austria",5,"STRPNE_4",2012,1.580246912,1.23456790098765,127.9999998976
"907","Austria",5,"STRPNE_4",2013,6.8198757681,3.72670807596273,182.9999997072
"908","Austria",5,"STRPNE_4",2014,5.7534246504,3.42465753445205,167.9999997816
"909","Austria",5,"STRPNE_4",2015,6.8285714115,2.85714285542857,238.9999995459
"910","Austria",5,"STRPNE_4",2016,6.6418604546,2.79069767613954,237.9999994764
"911","Austria",5,"STRPNE_4",2017,4.3154121675,1.43369175329749,300.9999993077
"912","Austria",5,"STRPNE_4",2018,3.2499999792,0.925925921388889,350.9999994735
"913","Austria",5,"STRPNE_4",2019,0,0,370.9999995548
"914","Austria",5,"STRPNE_4",2020,1.1546961162,0.552486180939226,208.9999996447
"915","Austria",5,"STRPNE_4",2021,1.1086956504,0.543478260434783,203.9999998368
"916","Austria",5,"STRPNE_4",2022,3.3749999811,1.13636363227273,296.999999406
"917","Austria",5,"STRPNE_4",2023,1.0825687688,0.229357790573395,471.99999882
"918","Austria",5,"STRPNE_4",2024,7.1411290192,1.41129032324597,505.9999988362
"919","Austria",5,"STRPNE_40",2010,0,0,151.999999696
"920","Austria",5,"STRPNE_40",2013,0,0,182.9999997072
"921","Austria",5,"STRPNE_40",2015,0,0,238.9999995459
"922","Austria",5,"STRPNE_40",2017,0,0,300.9999993077
"923","Austria",5,"STRPNE_40",2022,0,0,296.999999406
"924","Austria",5,"STRPNE_40",2023,0,0,471.99999882
"925","Austria",5,"STRPNE_40",2024,0,0,505.9999988362
"926","Austria",5,"STRPNE_41A",2019,0,0,370.9999995548
"927","Austria",5,"STRPNE_42",2016,0,0,237.9999994764
"928","Austria",5,"STRPNE_42",2018,0,0,350.9999994735
"929","Austria",5,"STRPNE_42",2022,0,0,296.999999406
"930","Austria",5,"STRPNE_43",2020,1.1546961162,0.552486180939226,208.9999996447
"931","Austria",5,"STRPNE_43",2023,0,0,471.99999882
"932","Austria",5,"STRPNE_43",2024,0,0,505.9999988362
"933","Austria",5,"STRPNE_45",2016,0,0,237.9999994764
"934","Austria",5,"STRPNE_46",2015,0,0,238.9999995459
"935","Austria",5,"STRPNE_46",2022,0,0,296.999999406
"936","Austria",5,"STRPNE_47F",2016,0,0,237.9999994764
"937","Austria",5,"STRPNE_5",2010,0,0,151.999999696
"938","Austria",5,"STRPNE_5",2012,0,0,127.9999998976
"939","Austria",5,"STRPNE_5",2013,0,0,182.9999997072
"940","Austria",5,"STRPNE_5",2014,0,0,167.9999997816
"941","Austria",5,"STRPNE_5",2015,0,0,238.9999995459
"942","Austria",5,"STRPNE_5",2016,0,0,237.9999994764
"943","Austria",5,"STRPNE_5",2017,0,0,300.9999993077
"944","Austria",5,"STRPNE_5",2019,0,0,370.9999995548
"945","Austria",5,"STRPNE_5",2021,0,0,203.9999998368
"946","Austria",5,"STRPNE_5",2022,0,0,296.999999406
"947","Austria",5,"STRPNE_5",2023,0,0,471.99999882
"948","Austria",5,"STRPNE_5",2024,0,0,505.9999988362
"949","Austria",5,"STRPNE_6",2010,0,0,151.999999696
"950","Austria",5,"STRPNE_6",2012,0,0,127.9999998976
"951","Austria",5,"STRPNE_6",2013,0,0,182.9999997072
"952","Austria",5,"STRPNE_6",2014,0,0,167.9999997816
"953","Austria",5,"STRPNE_6",2015,0,0,238.9999995459
"954","Austria",5,"STRPNE_6",2017,0,0,300.9999993077
"955","Austria",5,"STRPNE_6",2018,0,0,350.9999994735
"956","Austria",5,"STRPNE_6",2019,0,0,370.9999995548
"957","Austria",5,"STRPNE_6",2020,0,0,208.9999996447
"958","Austria",5,"STRPNE_6",2022,0,0,296.999999406
"959","Austria",5,"STRPNE_6",2023,0,0,471.99999882
"960","Austria",5,"STRPNE_6",2024,0,0,505.9999988362
"961","Austria",5,"STRPNE_6A",2010,11.0948905064,7.29927008459854,151.999999696
"962","Austria",5,"STRPNE_6A",2012,4.740740736,3.70370370296296,127.9999998976
"963","Austria",5,"STRPNE_6A",2013,4.5465838332,2.48447204397516,182.9999997072
"964","Austria",5,"STRPNE_6A",2014,3.4520547936,2.05479452267123,167.9999997816
"965","Austria",5,"STRPNE_6A",2015,3.4142856938,1.42857142271429,238.9999995459
"966","Austria",5,"STRPNE_6A",2016,5.5348837082,2.32558139511628,237.9999994764
"967","Austria",5,"STRPNE_6A",2017,6.4731182663,2.15053763494624,300.9999993077
"968","Austria",5,"STRPNE_6A",2018,10.8333333225,3.08641975462963,350.9999994735
"969","Austria",5,"STRPNE_6A",2019,7.6607669425,2.06489675247788,370.9999995548
"970","Austria",5,"STRPNE_6A",2020,3.4640883904,1.65745856281768,208.9999996447
"971","Austria",5,"STRPNE_6A",2021,4.4347826016,2.17391304173913,203.9999998368
"972","Austria",5,"STRPNE_6A",2022,1.1249999739,0.378787870757576,296.999999406
"973","Austria",5,"STRPNE_6A",2023,1.0825687688,0.229357790573395,471.99999882
"974","Austria",5,"STRPNE_6A",2024,6.1209676946,1.20967741278226,505.9999988362
"975","Austria",5,"STRPNE_6B",2010,6.6569343008,4.37956204875912,151.999999696
"976","Austria",5,"STRPNE_6B",2012,3.160493824,2.46913580197531,127.9999998976
"977","Austria",5,"STRPNE_6B",2013,2.2732919166,1.24223602198758,182.9999997072
"978","Austria",5,"STRPNE_6B",2014,2.3013698568,1.36986301178082,167.9999997816
"979","Austria",5,"STRPNE_6B",2015,1.1380952233,0.476190470904762,238.9999995459
"980","Austria",5,"STRPNE_6B",2016,4.4279069618,1.86046511409302,237.9999994764
"981","Austria",5,"STRPNE_6B",2017,3.2365591181,1.07526881247312,300.9999993077
"982","Austria",5,"STRPNE_6B",2018,0,0,350.9999994735
"983","Austria",5,"STRPNE_6B",2019,3.2831858325,0.884955751061947,370.9999995548
"984","Austria",5,"STRPNE_6B",2020,2.3093922533,1.10497237187845,208.9999996447
"985","Austria",5,"STRPNE_6B",2021,0,0,203.9999998368
"986","Austria",5,"STRPNE_6B",2022,2.2499999775,0.757575751515152,296.999999406
"987","Austria",5,"STRPNE_6B",2023,3.2477064008,0.688073391720184,471.99999882
"988","Austria",5,"STRPNE_6B",2024,1.020161274,0.20161290046371,505.9999988362
"989","Austria",5,"STRPNE_6C",2010,1.10948904,0.729927001459854,151.999999696
"990","Austria",5,"STRPNE_6C",2012,3.160493824,2.46913580197531,127.9999998976
"991","Austria",5,"STRPNE_6C",2013,5.6832298098,3.10559006496894,182.9999997072
"992","Austria",5,"STRPNE_6C",2014,6.9041095872,4.10958904534247,167.9999997816
"993","Austria",5,"STRPNE_6C",2015,9.104761882,3.8095238072381,238.9999995459
"994","Austria",5,"STRPNE_6C",2016,6.6418604546,2.79069767613954,237.9999994764
"995","Austria",5,"STRPNE_6C",2017,16.1827956808,5.37634409236559,300.9999993077
"996","Austria",5,"STRPNE_6C",2018,18.4166666658,5.24691358787037,350.9999994735
"997","Austria",5,"STRPNE_6C",2019,17.5103244771,4.71976401566372,370.9999995548
"998","Austria",5,"STRPNE_6C",2020,9.237569055,4.41988950751381,208.9999996447
"999","Austria",5,"STRPNE_6C",2021,16.6304347764,8.15217391652174,203.9999998368
"1000","Austria",5,"STRPNE_6C",2022,20.2499999757,6.81818182363636,296.999999406
"1001","Austria",5,"STRPNE_6C",2023,19.4862384992,4.1284403703211,471.99999882
"1002","Austria",5,"STRPNE_6C",2024,18.362903185,3.62903225834677,505.9999988362
"1003","Austria",5,"STRPNE_6D",2010,0,0,151.999999696
"1004","Austria",5,"STRPNE_6D",2012,0,0,127.9999998976
"1005","Austria",5,"STRPNE_6D",2013,0,0,182.9999997072
"1006","Austria",5,"STRPNE_6D",2014,0,0,167.9999997816
"1007","Austria",5,"STRPNE_6D",2015,0,0,238.9999995459
"1008","Austria",5,"STRPNE_6D",2016,0,0,237.9999994764
"1009","Austria",5,"STRPNE_6D",2017,0,0,300.9999993077
"1010","Austria",5,"STRPNE_6D",2018,0,0,350.9999994735
"1011","Austria",5,"STRPNE_6D",2019,0,0,370.9999995548
"1012","Austria",5,"STRPNE_6D",2020,0,0,208.9999996447
"1013","Austria",5,"STRPNE_6D",2021,0,0,203.9999998368
"1014","Austria",5,"STRPNE_6D",2022,0,0,296.999999406
"1015","Austria",5,"STRPNE_6D",2023,1.0825687688,0.229357790573395,471.99999882
"1016","Austria",5,"STRPNE_6D",2024,0,0,505.9999988362
"1017","Austria",5,"STRPNE_7",2010,0,0,151.999999696
"1018","Austria",5,"STRPNE_7",2012,0,0,127.9999998976
"1019","Austria",5,"STRPNE_7",2013,0,0,182.9999997072
"1020","Austria",5,"STRPNE_7",2014,0,0,167.9999997816
"1021","Austria",5,"STRPNE_7",2016,0,0,237.9999994764
"1022","Austria",5,"STRPNE_7",2019,0,0,370.9999995548
"1023","Austria",5,"STRPNE_7",2022,0,0,296.999999406
"1024","Austria",5,"STRPNE_7",2024,0,0,505.9999988362
"1025","Austria",5,"STRPNE_7A",2012,0,0,127.9999998976
"1026","Austria",5,"STRPNE_7A",2014,0,0,167.9999997816
"1027","Austria",5,"STRPNE_7A",2015,0,0,238.9999995459
"1028","Austria",5,"STRPNE_7A",2017,0,0,300.9999993077
"1029","Austria",5,"STRPNE_7A",2018,0,0,350.9999994735
"1030","Austria",5,"STRPNE_7A",2019,0,0,370.9999995548
"1031","Austria",5,"STRPNE_7A",2020,0,0,208.9999996447
"1032","Austria",5,"STRPNE_7A",2022,0,0,296.999999406
"1033","Austria",5,"STRPNE_7A",2023,0,0,471.99999882
"1034","Austria",5,"STRPNE_7A",2024,0,0,505.9999988362
"1035","Austria",5,"STRPNE_7B",2010,4.4379561904,2.91970802583942,151.999999696
"1036","Austria",5,"STRPNE_7B",2012,1.580246912,1.23456790098765,127.9999998976
"1037","Austria",5,"STRPNE_7B",2013,0,0,182.9999997072
"1038","Austria",5,"STRPNE_7B",2014,0,0,167.9999997816
"1039","Austria",5,"STRPNE_7B",2015,0,0,238.9999995459
"1040","Austria",5,"STRPNE_7B",2016,0,0,237.9999994764
"1041","Austria",5,"STRPNE_7B",2017,0,0,300.9999993077
"1042","Austria",5,"STRPNE_7B",2018,1.0833333147,0.308641970462963,350.9999994735
"1043","Austria",5,"STRPNE_7B",2019,2.188790555,0.589970500707965,370.9999995548
"1044","Austria",5,"STRPNE_7B",2020,0,0,208.9999996447
"1045","Austria",5,"STRPNE_7B",2021,1.1086956504,0.543478260434783,203.9999998368
"1046","Austria",5,"STRPNE_7B",2022,1.1249999739,0.378787870757576,296.999999406
"1047","Austria",5,"STRPNE_7B",2023,1.0825687688,0.229357790573395,471.99999882
"1048","Austria",5,"STRPNE_7B",2024,0,0,505.9999988362
"1049","Austria",5,"STRPNE_7C",2010,0,0,151.999999696
"1050","Austria",5,"STRPNE_7C",2012,0,0,127.9999998976
"1051","Austria",5,"STRPNE_7C",2013,0,0,182.9999997072
"1052","Austria",5,"STRPNE_7C",2014,0,0,167.9999997816
"1053","Austria",5,"STRPNE_7C",2015,0,0,238.9999995459
"1054","Austria",5,"STRPNE_7C",2016,1.1069767226,0.465116271023256,237.9999994764
"1055","Austria",5,"STRPNE_7C",2017,1.0788530193,0.358422930824373,300.9999993077
"1056","Austria",5,"STRPNE_7C",2018,1.0833333147,0.308641970462963,350.9999994735
"1057","Austria",5,"STRPNE_7C",2019,0,0,370.9999995548
"1058","Austria",5,"STRPNE_7C",2020,0,0,208.9999996447
"1059","Austria",5,"STRPNE_7C",2021,0,0,203.9999998368
"1060","Austria",5,"STRPNE_7C",2022,0,0,296.999999406
"1061","Austria",5,"STRPNE_7C",2023,2.1651375848,0.458715591146789,471.99999882
"1062","Austria",5,"STRPNE_7C",2024,3.060483822,0.604838701391129,505.9999988362
"1063","Austria",5,"STRPNE_7F",2010,13.3138686016,8.75912409751825,151.999999696
"1064","Austria",5,"STRPNE_7F",2012,7.90123456,6.17283950493827,127.9999998976
"1065","Austria",5,"STRPNE_7F",2013,9.0931676847,4.96894409795031,182.9999997072
"1066","Austria",5,"STRPNE_7F",2014,6.9041095872,4.10958904534247,167.9999997816
"1067","Austria",5,"STRPNE_7F",2015,4.552380941,1.90476190361905,238.9999995459
"1068","Austria",5,"STRPNE_7F",2016,4.4279069618,1.86046511409302,237.9999994764
"1069","Austria",5,"STRPNE_7F",2017,3.2365591181,1.07526881247312,300.9999993077
"1070","Austria",5,"STRPNE_7F",2018,2.1666666645,0.617283950925926,350.9999994735
"1071","Austria",5,"STRPNE_7F",2019,2.188790555,0.589970500707965,370.9999995548
"1072","Austria",5,"STRPNE_7F",2020,1.1546961162,0.552486180939226,208.9999996447
"1073","Austria",5,"STRPNE_7F",2021,0,0,203.9999998368
"1074","Austria",5,"STRPNE_7F",2022,0,0,296.999999406
"1075","Austria",5,"STRPNE_7F",2023,1.0825687688,0.229357790573395,471.99999882
"1076","Austria",5,"STRPNE_7F",2024,0,0,505.9999988362
"1077","Austria",5,"STRPNE_8",2010,0,0,151.999999696
"1078","Austria",5,"STRPNE_8",2012,1.580246912,1.23456790098765,127.9999998976
"1079","Austria",5,"STRPNE_8",2013,4.5465838332,2.48447204397516,182.9999997072
"1080","Austria",5,"STRPNE_8",2014,3.4520547936,2.05479452267123,167.9999997816
"1081","Austria",5,"STRPNE_8",2015,5.6904761882,2.38095238452381,238.9999995459
"1082","Austria",5,"STRPNE_8",2016,11.0697674402,4.65116280023256,237.9999994764
"1083","Austria",5,"STRPNE_8",2017,16.1827956808,5.37634409236559,300.9999993077
"1084","Austria",5,"STRPNE_8",2018,28.1666666385,8.02469136203704,350.9999994735
"1085","Austria",5,"STRPNE_8",2019,24.0766961421,6.48967551778761,370.9999995548
"1086","Austria",5,"STRPNE_8",2020,13.8563535825,6.62983426127072,208.9999996447
"1087","Austria",5,"STRPNE_8",2021,18.8478260772,9.2391304373913,203.9999998368
"1088","Austria",5,"STRPNE_8",2022,22.4999999829,7.57575758515152,296.999999406
"1089","Austria",5,"STRPNE_8",2023,27.064220164,5.73394496433486,471.99999882
"1090","Austria",5,"STRPNE_8",2024,36.7258064206,7.25806452669355,505.9999988362
"1091","Austria",5,"STRPNE_9",2010,0,0,151.999999696
"1092","Austria",5,"STRPNE_9",2012,0,0,127.9999998976
"1093","Austria",5,"STRPNE_9",2013,0,0,182.9999997072
"1094","Austria",5,"STRPNE_9",2014,0,0,167.9999997816
"1095","Austria",5,"STRPNE_9",2015,0,0,238.9999995459
"1096","Austria",5,"STRPNE_9",2016,0,0,237.9999994764
"1097","Austria",5,"STRPNE_9",2017,0,0,300.9999993077
"1098","Austria",5,"STRPNE_9",2018,0,0,350.9999994735
"1099","Austria",5,"STRPNE_9",2019,0,0,370.9999995548
"1100","Austria",5,"STRPNE_9",2021,0,0,203.9999998368
"1101","Austria",5,"STRPNE_9",2022,0,0,296.999999406
"1102","Austria",5,"STRPNE_9",2024,0,0,505.9999988362
"1103","Austria",5,"STRPNE_9A",2010,0,0,151.999999696
"1104","Austria",5,"STRPNE_9A",2012,0,0,127.9999998976
"1105","Austria",5,"STRPNE_9A",2013,0,0,182.9999997072
"1106","Austria",5,"STRPNE_9A",2014,0,0,167.9999997816
"1107","Austria",5,"STRPNE_9A",2015,0,0,238.9999995459
"1108","Austria",5,"STRPNE_9A",2016,0,0,237.9999994764
"1109","Austria",5,"STRPNE_9A",2017,0,0,300.9999993077
"1110","Austria",5,"STRPNE_9A",2018,0,0,350.9999994735
"1111","Austria",5,"STRPNE_9A",2019,1.0943952775,0.294985250353982,370.9999995548
"1112","Austria",5,"STRPNE_9A",2020,0,0,208.9999996447
"1113","Austria",5,"STRPNE_9A",2021,0,0,203.9999998368
"1114","Austria",5,"STRPNE_9A",2022,0,0,296.999999406
"1115","Austria",5,"STRPNE_9A",2023,0,0,471.99999882
"1116","Austria",5,"STRPNE_9A",2024,1.020161274,0.20161290046371,505.9999988362
"1117","Austria",5,"STRPNE_9L",2013,0,0,182.9999997072
"1118","Austria",5,"STRPNE_9L",2014,0,0,167.9999997816
"1119","Austria",5,"STRPNE_9L",2015,0,0,238.9999995459
"1120","Austria",5,"STRPNE_9L",2016,0,0,237.9999994764
"1121","Austria",5,"STRPNE_9L",2017,0,0,300.9999993077
"1122","Austria",5,"STRPNE_9L",2018,0,0,350.9999994735
"1123","Austria",5,"STRPNE_9L",2019,0,0,370.9999995548
"1124","Austria",5,"STRPNE_9L",2020,0,0,208.9999996447
"1125","Austria",5,"STRPNE_9L",2021,0,0,203.9999998368
"1126","Austria",5,"STRPNE_9L",2022,1.1249999739,0.378787870757576,296.999999406
"1127","Austria",5,"STRPNE_9L",2023,0,0,471.99999882
"1128","Austria",5,"STRPNE_9L",2024,1.020161274,0.20161290046371,505.9999988362
"1129","Austria",5,"STRPNE_9N",2010,7.766423356,5.10948906021898,151.999999696
"1130","Austria",5,"STRPNE_9N",2012,4.740740736,3.70370370296296,127.9999998976
"1131","Austria",5,"STRPNE_9N",2013,5.6832298098,3.10559006496894,182.9999997072
"1132","Austria",5,"STRPNE_9N",2014,10.3561643808,6.1643835680137,167.9999997816
"1133","Austria",5,"STRPNE_9N",2015,11.3809523764,4.76190476904762,238.9999995459
"1134","Austria",5,"STRPNE_9N",2016,8.8558139474,3.72093023818605,237.9999994764
"1135","Austria",5,"STRPNE_9N",2017,4.3154121675,1.43369175329749,300.9999993077
"1136","Austria",5,"STRPNE_9N",2018,14.0833333017,4.01234567601852,350.9999994735
"1137","Austria",5,"STRPNE_9N",2019,17.5103244771,4.71976401566372,370.9999995548
"1138","Austria",5,"STRPNE_9N",2020,12.7016574454,6.07734807033149,208.9999996447
"1139","Austria",5,"STRPNE_9N",2021,3.3260869512,1.63043478130435,203.9999998368
"1140","Austria",5,"STRPNE_9N",2022,11.2499999766,3.78787878757576,296.999999406
"1141","Austria",5,"STRPNE_9N",2023,6.4954128016,1.37614678344037,471.99999882
"1142","Austria",5,"STRPNE_9N",2024,18.362903185,3.62903225834677,505.9999988362
"1143","Austria",5,"STRPNE_9V",2010,6.6569343008,4.37956204875912,151.999999696
"1144","Austria",5,"STRPNE_9V",2012,0,0,127.9999998976
"1145","Austria",5,"STRPNE_9V",2013,2.2732919166,1.24223602198758,182.9999997072
"1146","Austria",5,"STRPNE_9V",2014,2.3013698568,1.36986301178082,167.9999997816
"1147","Austria",5,"STRPNE_9V",2015,5.6904761882,2.38095238452381,238.9999995459
"1148","Austria",5,"STRPNE_9V",2016,3.3209302154,1.39534883306977,237.9999994764
"1149","Austria",5,"STRPNE_9V",2017,3.2365591181,1.07526881247312,300.9999993077
"1150","Austria",5,"STRPNE_9V",2018,4.333333329,1.23456790185185,350.9999994735
"1151","Austria",5,"STRPNE_9V",2019,2.188790555,0.589970500707965,370.9999995548
"1152","Austria",5,"STRPNE_9V",2020,2.3093922533,1.10497237187845,208.9999996447
"1153","Austria",5,"STRPNE_9V",2021,0,0,203.9999998368
"1154","Austria",5,"STRPNE_9V",2022,0,0,296.999999406
"1155","Austria",5,"STRPNE_9V",2023,1.0825687688,0.229357790573395,471.99999882
"1156","Austria",5,"STRPNE_9V",2024,1.020161274,0.20161290046371,505.9999988362
"1157","Austria",5,"STRPNE_NTYP",2010,0,0,151.999999696
"1158","Austria",5,"STRPNE_NTYP",2012,0,0,127.9999998976
"1159","Austria",5,"STRPNE_NTYP",2013,0,0,182.9999997072
"1160","Austria",5,"STRPNE_NTYP",2014,0,0,167.9999997816
"1161","Austria",5,"STRPNE_NTYP",2015,0,0,238.9999995459
"1162","Austria",5,"STRPNE_NTYP",2016,0,0,237.9999994764
"1163","Austria",5,"STRPNE_NTYP",2017,0,0,300.9999993077
"1164","Austria",5,"STRPNE_NTYP",2018,0,0,350.9999994735
"1165","Austria",5,"STRPNE_NTYP",2019,0,0,370.9999995548
"1166","Austria",5,"STRPNE_NTYP",2020,0,0,208.9999996447
"1167","Austria",5,"STRPNE_NTYP",2021,0,0,203.9999998368
"1168","Austria",5,"STRPNE_NTYP",2022,0,0,296.999999406
"1169","Austria",5,"STRPNE_NTYP",2023,0,0,471.99999882
"1170","Austria",5,"STRPNE_NTYP",2024,0,0,505.9999988362
"1171","Belgium",1,"STRPNE_1",2010,63.999999984,20.98360658232,304.9999995612
"1172","Belgium",1,"STRPNE_1",2011,90.9999999856,27.2455090219292,333.9999994581
"1173","Belgium",1,"STRPNE_1",2012,48.9999999969,23.5576923340521,207.9999997541
"1174","Belgium",1,"STRPNE_1",2013,33.9999999885,18.8888889081469,179.9999997556
"1175","Belgium",1,"STRPNE_1",2014,12.9999999946,10.1562500036206,127.9999999012
"1176","Belgium",1,"STRPNE_10A",2010,5.9999999889,1.96721311394496,304.9999995612
"1177","Belgium",1,"STRPNE_10A",2011,5.9999999843,1.79640718384273,333.9999994581
"1178","Belgium",1,"STRPNE_10A",2012,1.9999999981,0.961538461761742,207.9999997541
"1179","Belgium",1,"STRPNE_10A",2013,6.9999999864,3.88888888661358,179.9999997556
"1180","Belgium",1,"STRPNE_10A",2014,10.999999996,8.5937500035083,127.9999999012
"1181","Belgium",1,"STRPNE_10B",2010,0,0,304.9999995612
"1182","Belgium",1,"STRPNE_10B",2011,0.9999999804,0.299401192222292,333.9999994581
"1183","Belgium",1,"STRPNE_10B",2012,0.9999999915,0.480769227251063,207.9999997541
"1184","Belgium",1,"STRPNE_10B",2013,0,0,179.9999997556
"1185","Belgium",1,"STRPNE_10B",2014,2.9999999926,2.34374999602783,127.9999999012
"1186","Belgium",1,"STRPNE_11A",2010,1.9999999877,0.655737701828648,304.9999995612
"1187","Belgium",1,"STRPNE_11A",2011,0.9999999804,0.299401192222292,333.9999994581
"1188","Belgium",1,"STRPNE_11A",2012,0.9999999972,0.480769229991448,207.9999997541
"1189","Belgium",1,"STRPNE_11A",2013,0,0,179.9999997556
"1190","Belgium",1,"STRPNE_11A",2014,0.9999999984,0.781249999353027,127.9999999012
"1191","Belgium",1,"STRPNE_11B",2012,0,0,207.9999997541
"1192","Belgium",1,"STRPNE_12",2013,1.9999999941,1.11111110934198,179.9999997556
"1193","Belgium",1,"STRPNE_12",2014,0,0,127.9999999012
"1194","Belgium",1,"STRPNE_12A",2013,0.9999999971,0.555555554698765,179.9999997556
"1195","Belgium",1,"STRPNE_12B",2012,0.9999999972,0.480769229991448,207.9999997541
"1196","Belgium",1,"STRPNE_12B",2014,0,0,127.9999999012
"1197","Belgium",1,"STRPNE_12F",2010,11.9999999782,3.93442622802107,304.9999995612
"1198","Belgium",1,"STRPNE_12F",2011,19.9999999777,5.98802395513446,333.9999994581
"1199","Belgium",1,"STRPNE_12F",2012,23.9999999815,11.5384615432082,207.9999997541
"1200","Belgium",1,"STRPNE_12F",2013,20.9999999853,11.6666666743407,179.9999997556
"1201","Belgium",1,"STRPNE_12F",2014,25.9999999976,20.3125000138037,127.9999999012
"1202","Belgium",1,"STRPNE_14",2010,2.9999999793,0.983606552005267,304.9999995612
"1203","Belgium",1,"STRPNE_14",2011,0,0,333.9999994581
"1204","Belgium",1,"STRPNE_14",2012,0,0,207.9999997541
"1205","Belgium",1,"STRPNE_14",2013,2.9999999913,1.6666666640963,179.9999997556
"1206","Belgium",1,"STRPNE_14",2014,0,0,127.9999999012
"1207","Belgium",1,"STRPNE_15",2010,0,0,304.9999995612
"1208","Belgium",1,"STRPNE_15",2011,0,0,333.9999994581
"1209","Belgium",1,"STRPNE_15",2012,0.9999999915,0.480769227251063,207.9999997541
"1210","Belgium",1,"STRPNE_15",2013,1.999999994,1.11111110928642,179.9999997556
"1211","Belgium",1,"STRPNE_15",2014,0,0,127.9999999012
"1212","Belgium",1,"STRPNE_15A",2010,8.9999999761,2.95081966854039,304.9999995612
"1213","Belgium",1,"STRPNE_15A",2011,2.9999999796,0.898203588163882,333.9999994581
"1214","Belgium",1,"STRPNE_15A",2012,1.9999999887,0.961538457242511,207.9999997541
"1215","Belgium",1,"STRPNE_15A",2013,2.9999999911,1.66666666398519,179.9999997556
"1216","Belgium",1,"STRPNE_15A",2014,1.9999999942,1.5624999966748,127.9999999012
"1217","Belgium",1,"STRPNE_15B",2010,3.9999999829,1.31147540611631,304.9999995612
"1218","Belgium",1,"STRPNE_15B",2011,1.9999999755,0.598802388845782,333.9999994581
"1219","Belgium",1,"STRPNE_15B",2012,3.9999999962,1.92307692352348,207.9999997541
"1220","Belgium",1,"STRPNE_15B",2013,3.9999999882,2.22222221868395,179.9999997556
"1221","Belgium",1,"STRPNE_15B",2014,4.9999999924,3.90624999707764,127.9999999012
"1222","Belgium",1,"STRPNE_15B/C",2010,0,0,304.9999995612
"1223","Belgium",1,"STRPNE_15B/C",2012,0,0,207.9999997541
"1224","Belgium",1,"STRPNE_15B/C",2013,0,0,179.9999997556
"1225","Belgium",1,"STRPNE_15B/C",2014,0,0,127.9999999012
"1226","Belgium",1,"STRPNE_15C",2010,0,0,304.9999995612
"1227","Belgium",1,"STRPNE_15C",2011,2.9999999886,0.898203590858493,333.9999994581
"1228","Belgium",1,"STRPNE_15C",2012,1.9999999887,0.961538457242511,207.9999997541
"1229","Belgium",1,"STRPNE_15C",2013,5.9999999893,3.33333333191481,179.9999997556
"1230","Belgium",1,"STRPNE_15C",2014,3.9999999966,3.12499999975586,127.9999999012
"1231","Belgium",1,"STRPNE_15F",2013,0,0,179.9999997556
"1232","Belgium",1,"STRPNE_16",2011,0,0,333.9999994581
"1233","Belgium",1,"STRPNE_16",2012,0.9999999972,0.480769229991448,207.9999997541
"1234","Belgium",1,"STRPNE_16",2013,1.9999999942,1.11111110939753,179.9999997556
"1235","Belgium",1,"STRPNE_16F",2010,0,0,304.9999995612
"1236","Belgium",1,"STRPNE_16F",2011,0.9999999951,0.29940119662349,333.9999994581
"1237","Belgium",1,"STRPNE_16F",2012,1.9999999981,0.961538461761742,207.9999997541
"1238","Belgium",1,"STRPNE_16F",2013,0,0,179.9999997556
"1239","Belgium",1,"STRPNE_16F",2014,0,0,127.9999999012
"1240","Belgium",1,"STRPNE_17F",2010,0.9999999845,0.32786884784875,304.9999995612
"1241","Belgium",1,"STRPNE_17F",2011,0.9999999951,0.29940119662349,333.9999994581
"1242","Belgium",1,"STRPNE_17F",2012,0.9999999915,0.480769227251063,207.9999997541
"1243","Belgium",1,"STRPNE_17F",2013,0.999999997,0.55555555464321,179.9999997556
"1244","Belgium",1,"STRPNE_17F",2014,0.9999999984,0.781249999353027,127.9999999012
"1245","Belgium",1,"STRPNE_18",2013,0,0,179.9999997556
"1246","Belgium",1,"STRPNE_18",2014,0,0,127.9999999012
"1247","Belgium",1,"STRPNE_18A",2011,0,0,333.9999994581
"1248","Belgium",1,"STRPNE_18A",2014,0,0,127.9999999012
"1249","Belgium",1,"STRPNE_18C",2010,0,0,304.9999995612
"1250","Belgium",1,"STRPNE_18C",2011,0,0,333.9999994581
"1251","Belgium",1,"STRPNE_18C",2012,0,0,207.9999997541
"1252","Belgium",1,"STRPNE_18C",2013,0,0,179.9999997556
"1253","Belgium",1,"STRPNE_18C",2014,0.9999999984,0.781249999353027,127.9999999012
"1254","Belgium",1,"STRPNE_18F",2012,0,0,207.9999997541
"1255","Belgium",1,"STRPNE_19",2010,2.9999999795,0.983606552070841,304.9999995612
"1256","Belgium",1,"STRPNE_19",2011,4.9999999885,1.49700598700966,333.9999994581
"1257","Belgium",1,"STRPNE_19",2012,0.9999999915,0.480769227251063,207.9999997541
"1258","Belgium",1,"STRPNE_19",2013,0.999999997,0.55555555464321,179.9999997556
"1259","Belgium",1,"STRPNE_19A",2010,80.9999999914,26.5573770845684,304.9999995612
"1260","Belgium",1,"STRPNE_19A",2011,75.9999999797,22.7544910488044,333.9999994581
"1261","Belgium",1,"STRPNE_19A",2012,30.9999999918,14.9038461675233,207.9999997541
"1262","Belgium",1,"STRPNE_19A",2013,12.9999999908,7.22222222691729,179.9999997556
"1263","Belgium",1,"STRPNE_19A",2014,8.9999999962,7.0312500024585,127.9999999012
"1264","Belgium",1,"STRPNE_19F",2010,0,0,304.9999995612
"1265","Belgium",1,"STRPNE_19F",2011,5.9999999836,1.79640718363315,333.9999994581
"1266","Belgium",1,"STRPNE_19F",2012,0.9999999972,0.480769229991448,207.9999997541
"1267","Belgium",1,"STRPNE_19F",2013,1.9999999941,1.11111110934198,179.9999997556
"1268","Belgium",1,"STRPNE_19F",2014,1.9999999942,1.5624999966748,127.9999999012
"1269","Belgium",1,"STRPNE_2",2012,0,0,207.9999997541
"1270","Belgium",1,"STRPNE_20",2011,0,0,333.9999994581
"1271","Belgium",1,"STRPNE_20",2012,0,0,207.9999997541
"1272","Belgium",1,"STRPNE_20",2013,0.999999997,0.55555555464321,179.9999997556
"1273","Belgium",1,"STRPNE_20",2014,0,0,127.9999999012
"1274","Belgium",1,"STRPNE_21",2010,0,0,304.9999995612
"1275","Belgium",1,"STRPNE_21",2011,0,0,333.9999994581
"1276","Belgium",1,"STRPNE_21",2012,0,0,207.9999997541
"1277","Belgium",1,"STRPNE_21",2013,1.9999999942,1.11111110939753,179.9999997556
"1278","Belgium",1,"STRPNE_21",2014,0.9999999958,0.781249997321777,127.9999999012
"1279","Belgium",1,"STRPNE_22",2012,0.9999999972,0.480769229991448,207.9999997541
"1280","Belgium",1,"STRPNE_22",2014,0,0,127.9999999012
"1281","Belgium",1,"STRPNE_22A",2010,0.9999999916,0.327868850176619,304.9999995612
"1282","Belgium",1,"STRPNE_22F",2010,4.9999999973,1.63934426376834,304.9999995612
"1283","Belgium",1,"STRPNE_22F",2011,1.9999999755,0.598802388845782,333.9999994581
"1284","Belgium",1,"STRPNE_22F",2012,3.9999999868,1.92307691900425,207.9999997541
"1285","Belgium",1,"STRPNE_22F",2013,4.9999999923,2.77777777727161,179.9999997556
"1286","Belgium",1,"STRPNE_22F",2014,7.9999999978,6.25000000310547,127.9999999012
"1287","Belgium",1,"STRPNE_23A",2010,0.9999999845,0.32786884784875,304.9999995612
"1288","Belgium",1,"STRPNE_23A",2011,0.9999999804,0.299401192222292,333.9999994581
"1289","Belgium",1,"STRPNE_23A",2012,0.9999999915,0.480769227251063,207.9999997541
"1290","Belgium",1,"STRPNE_23A",2013,3.9999999952,2.22222222257284,179.9999997556
"1291","Belgium",1,"STRPNE_23A",2014,0,0,127.9999999012
"1292","Belgium",1,"STRPNE_23B",2010,0,0,304.9999995612
"1293","Belgium",1,"STRPNE_23B",2011,3.9999999844,1.19760478769156,333.9999994581
"1294","Belgium",1,"STRPNE_23B",2012,4.9999999934,2.40384615351493,207.9999997541
"1295","Belgium",1,"STRPNE_23B",2013,7.9999999945,4.44444444742346,179.9999997556
"1296","Belgium",1,"STRPNE_23B",2014,8.999999995,7.031250001521,127.9999999012
"1297","Belgium",1,"STRPNE_23F",2010,1.999999995,0.655737704222091,304.9999995612
"1298","Belgium",1,"STRPNE_23F",2011,0.9999999804,0.299401192222292,333.9999994581
"1299","Belgium",1,"STRPNE_23F",2012,0.9999999915,0.480769227251063,207.9999997541
"1300","Belgium",1,"STRPNE_23F",2013,0,0,179.9999997556
"1301","Belgium",1,"STRPNE_23F",2014,0,0,127.9999999012
"1302","Belgium",1,"STRPNE_24",2010,1.9999999761,0.655737698025369,304.9999995612
"1303","Belgium",1,"STRPNE_24",2011,1.9999999755,0.598802388845782,333.9999994581
"1304","Belgium",1,"STRPNE_24",2012,0.9999999972,0.480769229991448,207.9999997541
"1305","Belgium",1,"STRPNE_24",2013,0,0,179.9999997556
"1306","Belgium",1,"STRPNE_24A",2010,0.9999999916,0.327868850176619,304.9999995612
"1307","Belgium",1,"STRPNE_24A",2011,0.9999999804,0.299401192222292,333.9999994581
"1308","Belgium",1,"STRPNE_24A",2012,0,0,207.9999997541
"1309","Belgium",1,"STRPNE_24A",2013,0,0,179.9999997556
"1310","Belgium",1,"STRPNE_24A",2014,0.9999999958,0.781249997321777,127.9999999012
"1311","Belgium",1,"STRPNE_24B",2010,0,0,304.9999995612
"1312","Belgium",1,"STRPNE_24B",2011,0.9999999951,0.29940119662349,333.9999994581
"1313","Belgium",1,"STRPNE_24B",2012,0,0,207.9999997541
"1314","Belgium",1,"STRPNE_24B",2013,0.999999997,0.55555555464321,179.9999997556
"1315","Belgium",1,"STRPNE_24B",2014,0,0,127.9999999012
"1316","Belgium",1,"STRPNE_24F",2010,4.9999999973,1.63934426376834,304.9999995612
"1317","Belgium",1,"STRPNE_24F",2011,17.9999999854,5.38922156125874,333.9999994581
"1318","Belgium",1,"STRPNE_24F",2012,7.9999999907,3.84615384622966,207.9999997541
"1319","Belgium",1,"STRPNE_24F",2013,13.9999999838,7.77777777933827,179.9999997556
"1320","Belgium",1,"STRPNE_24F",2014,6.9999999978,5.46875000250244,127.9999999012
"1321","Belgium",1,"STRPNE_25A",2010,0,0,304.9999995612
"1322","Belgium",1,"STRPNE_25A",2011,0,0,333.9999994581
"1323","Belgium",1,"STRPNE_25A",2013,0,0,179.9999997556
"1324","Belgium",1,"STRPNE_25A",2014,0,0,127.9999999012
"1325","Belgium",1,"STRPNE_27",2010,1.999999995,0.655737704222091,304.9999995612
"1326","Belgium",1,"STRPNE_27",2011,0,0,333.9999994581
"1327","Belgium",1,"STRPNE_27",2012,0,0,207.9999997541
"1328","Belgium",1,"STRPNE_27",2013,0.999999997,0.55555555464321,179.9999997556
"1329","Belgium",1,"STRPNE_27",2014,0,0,127.9999999012
"1330","Belgium",1,"STRPNE_28",2013,0,0,179.9999997556
"1331","Belgium",1,"STRPNE_28F",2013,0,0,179.9999997556
"1332","Belgium",1,"STRPNE_29",2010,0.9999999916,0.327868850176619,304.9999995612
"1333","Belgium",1,"STRPNE_29",2011,0,0,333.9999994581
"1334","Belgium",1,"STRPNE_29",2012,0.9999999972,0.480769229991448,207.9999997541
"1335","Belgium",1,"STRPNE_29",2013,0,0,179.9999997556
"1336","Belgium",1,"STRPNE_29",2014,0,0,127.9999999012
"1337","Belgium",1,"STRPNE_3",2010,4.9999999861,1.63934426009621,304.9999995612
"1338","Belgium",1,"STRPNE_3",2011,5.9999999772,1.79640718171699,333.9999994581
"1339","Belgium",1,"STRPNE_3",2012,1.9999999887,0.961538457242511,207.9999997541
"1340","Belgium",1,"STRPNE_3",2013,3.9999999882,2.22222221868395,179.9999997556
"1341","Belgium",1,"STRPNE_3",2014,4.999999998,3.90625000145264,127.9999999012
"1342","Belgium",1,"STRPNE_31",2010,0.9999999845,0.32786884784875,304.9999995612
"1343","Belgium",1,"STRPNE_31",2011,0,0,333.9999994581
"1344","Belgium",1,"STRPNE_31",2012,0,0,207.9999997541
"1345","Belgium",1,"STRPNE_31",2013,0,0,179.9999997556
"1346","Belgium",1,"STRPNE_31",2014,0,0,127.9999999012
"1347","Belgium",1,"STRPNE_33",2010,0.9999999916,0.327868850176619,304.9999995612
"1348","Belgium",1,"STRPNE_33",2011,0,0,333.9999994581
"1349","Belgium",1,"STRPNE_33",2013,0,0,179.9999997556
"1350","Belgium",1,"STRPNE_33",2014,0,0,127.9999999012
"1351","Belgium",1,"STRPNE_33A",2010,0.9999999845,0.32786884784875,304.9999995612
"1352","Belgium",1,"STRPNE_33A",2012,0.9999999972,0.480769229991448,207.9999997541
"1353","Belgium",1,"STRPNE_33A",2014,0.9999999984,0.781249999353027,127.9999999012
"1354","Belgium",1,"STRPNE_33B",2013,0,0,179.9999997556
"1355","Belgium",1,"STRPNE_33F",2010,11.9999999859,3.93442623054566,304.9999995612
"1356","Belgium",1,"STRPNE_33F",2011,2.9999999803,0.898203588373463,333.9999994581
"1357","Belgium",1,"STRPNE_33F",2012,4.9999999954,2.40384615447647,207.9999997541
"1358","Belgium",1,"STRPNE_33F",2013,11.9999999856,6.66666666771852,179.9999997556
"1359","Belgium",1,"STRPNE_33F",2014,6.9999999954,5.46875000062744,127.9999999012
"1360","Belgium",1,"STRPNE_34",2010,0,0,304.9999995612
"1361","Belgium",1,"STRPNE_34",2011,0,0,333.9999994581
"1362","Belgium",1,"STRPNE_34",2012,0,0,207.9999997541
"1363","Belgium",1,"STRPNE_34",2013,0,0,179.9999997556
"1364","Belgium",1,"STRPNE_34",2014,0,0,127.9999999012
"1365","Belgium",1,"STRPNE_35",2010,1.999999995,0.655737704222091,304.9999995612
"1366","Belgium",1,"STRPNE_35A",2014,0,0,127.9999999012
"1367","Belgium",1,"STRPNE_35B",2010,0,0,304.9999995612
"1368","Belgium",1,"STRPNE_35B",2011,0,0,333.9999994581
"1369","Belgium",1,"STRPNE_35B",2012,1.9999999944,0.961538459982896,207.9999997541
"1370","Belgium",1,"STRPNE_35B",2013,0.999999997,0.55555555464321,179.9999997556
"1371","Belgium",1,"STRPNE_35B",2014,1.9999999968,1.56249999870605,127.9999999012
"1372","Belgium",1,"STRPNE_35F",2010,0,0,304.9999995612
"1373","Belgium",1,"STRPNE_35F",2011,0,0,333.9999994581
"1374","Belgium",1,"STRPNE_35F",2012,2.9999999973,1.44230769271473,207.9999997541
"1375","Belgium",1,"STRPNE_35F",2013,0,0,179.9999997556
"1376","Belgium",1,"STRPNE_35F",2014,0,0,127.9999999012
"1377","Belgium",1,"STRPNE_38",2010,3.9999999941,1.31147540978844,304.9999995612
"1378","Belgium",1,"STRPNE_38",2011,3.9999999844,1.19760478769156,333.9999994581
"1379","Belgium",1,"STRPNE_38",2012,5.9999999849,2.88461538076599,207.9999997541
"1380","Belgium",1,"STRPNE_38",2013,3.9999999882,2.22222221868395,179.9999997556
"1381","Belgium",1,"STRPNE_38",2014,2.9999999982,2.34375000040283,127.9999999012
"1382","Belgium",1,"STRPNE_39",2010,0,0,304.9999995612
"1383","Belgium",1,"STRPNE_39",2011,0.9999999804,0.299401192222292,333.9999994581
"1384","Belgium",1,"STRPNE_4",2010,0,0,304.9999995612
"1385","Belgium",1,"STRPNE_4",2011,0,0,333.9999994581
"1386","Belgium",1,"STRPNE_4",2012,0,0,207.9999997541
"1387","Belgium",1,"STRPNE_4",2013,0,0,179.9999997556
"1388","Belgium",1,"STRPNE_4",2014,0,0,127.9999999012
"1389","Belgium",1,"STRPNE_40",2011,0,0,333.9999994581
"1390","Belgium",1,"STRPNE_5",2010,26.9999999778,8.85245902185069,304.9999995612
"1391","Belgium",1,"STRPNE_5",2011,34.9999999764,10.4790419261036,333.9999994581
"1392","Belgium",1,"STRPNE_5",2012,21.9999999888,10.5769230840426,207.9999997541
"1393","Belgium",1,"STRPNE_5",2013,1.9999999942,1.11111110939753,179.9999997556
"1394","Belgium",1,"STRPNE_5",2014,0.9999999958,0.781249997321777,127.9999999012
"1395","Belgium",1,"STRPNE_6",2011,0,0,333.9999994581
"1396","Belgium",1,"STRPNE_6",2013,0,0,179.9999997556
"1397","Belgium",1,"STRPNE_6A",2010,4.9999999745,1.63934425629293,304.9999995612
"1398","Belgium",1,"STRPNE_6A",2011,1.9999999999,0.598802396151171,333.9999994581
"1399","Belgium",1,"STRPNE_6A",2012,2.9999999896,1.44230768901281,207.9999997541
"1400","Belgium",1,"STRPNE_6A",2013,0,0,179.9999997556
"1401","Belgium",1,"STRPNE_6A",2014,0,0,127.9999999012
"1402","Belgium",1,"STRPNE_6B",2010,0.9999999845,0.32786884784875,304.9999995612
"1403","Belgium",1,"STRPNE_6B",2011,0.9999999951,0.29940119662349,333.9999994581
"1404","Belgium",1,"STRPNE_6B",2012,0,0,207.9999997541
"1405","Belgium",1,"STRPNE_6B",2013,0,0,179.9999997556
"1406","Belgium",1,"STRPNE_6B",2014,0,0,127.9999999012
"1407","Belgium",1,"STRPNE_6C",2010,0,0,304.9999995612
"1408","Belgium",1,"STRPNE_6C",2011,0,0,333.9999994581
"1409","Belgium",1,"STRPNE_6C",2012,0,0,207.9999997541
"1410","Belgium",1,"STRPNE_6C",2013,0,0,179.9999997556
"1411","Belgium",1,"STRPNE_6C",2014,0.9999999984,0.781249999353027,127.9999999012
"1412","Belgium",1,"STRPNE_7",2011,0.9999999804,0.299401192222292,333.9999994581
"1413","Belgium",1,"STRPNE_7",2013,0.999999997,0.55555555464321,179.9999997556
"1414","Belgium",1,"STRPNE_7A",2012,0,0,207.9999997541
"1415","Belgium",1,"STRPNE_7B",2012,0,0,207.9999997541
"1416","Belgium",1,"STRPNE_7C",2011,0,0,333.9999994581
"1417","Belgium",1,"STRPNE_7C",2012,0,0,207.9999997541
"1418","Belgium",1,"STRPNE_7F",2010,35.9999999877,11.803278701473,304.9999995612
"1419","Belgium",1,"STRPNE_7F",2011,29.9999999777,8.98203593604002,333.9999994581
"1420","Belgium",1,"STRPNE_7F",2012,12.9999999878,6.25000000152344,207.9999997541
"1421","Belgium",1,"STRPNE_7F",2013,7.9999999944,4.4444444473679,179.9999997556
"1422","Belgium",1,"STRPNE_7F",2014,0.9999999958,0.781249997321777,127.9999999012
"1423","Belgium",1,"STRPNE_8",2010,0,0,304.9999995612
"1424","Belgium",1,"STRPNE_8",2011,2.9999999796,0.898203588163882,333.9999994581
"1425","Belgium",1,"STRPNE_8",2012,1.9999999981,0.961538461761742,207.9999997541
"1426","Belgium",1,"STRPNE_8",2013,1.9999999941,1.11111110934198,179.9999997556
"1427","Belgium",1,"STRPNE_8",2014,0.9999999958,0.781249997321777,127.9999999012
"1428","Belgium",1,"STRPNE_9",2011,0,0,333.9999994581
"1429","Belgium",1,"STRPNE_9",2012,0.9999999972,0.480769229991448,207.9999997541
"1430","Belgium",1,"STRPNE_9",2013,0,0,179.9999997556
"1431","Belgium",1,"STRPNE_9A",2010,0,0,304.9999995612
"1432","Belgium",1,"STRPNE_9A",2011,0,0,333.9999994581
"1433","Belgium",1,"STRPNE_9L",2013,0.999999997,0.55555555464321,179.9999997556
"1434","Belgium",1,"STRPNE_9L",2014,0,0,127.9999999012
"1435","Belgium",1,"STRPNE_9N",2010,0.9999999916,0.327868850176619,304.9999995612
"1436","Belgium",1,"STRPNE_9N",2011,0.9999999951,0.29940119662349,333.9999994581
"1437","Belgium",1,"STRPNE_9N",2012,1.9999999944,0.961538459982896,207.9999997541
"1438","Belgium",1,"STRPNE_9N",2013,2.9999999912,1.66666666404074,179.9999997556
"1439","Belgium",1,"STRPNE_9N",2014,1.9999999968,1.56249999870605,127.9999999012
"1440","Belgium",1,"STRPNE_9V",2010,0.9999999916,0.327868850176619,304.9999995612
"1441","Belgium",1,"STRPNE_9V",2011,0.9999999804,0.299401192222292,333.9999994581
"1442","Belgium",1,"STRPNE_9V",2012,0,0,207.9999997541
"1443","Belgium",1,"STRPNE_9V",2013,0,0,179.9999997556
"1444","Belgium",1,"STRPNE_9V",2014,0,0,127.9999999012
"1445","Belgium",1,"STRPNE_NTYP",2010,2.9999999793,0.983606552005267,304.9999995612
"1446","Belgium",1,"STRPNE_NTYP",2011,0,0,333.9999994581
"1447","Belgium",1,"STRPNE_NTYP",2012,0,0,207.9999997541
"1448","Belgium",1,"STRPNE_NTYP",2013,3.9999999993,2.22222222485062,179.9999997556
"1449","Belgium",1,"STRPNE_NTYP",2014,0,0,127.9999999012
"1450","Belgium",5,"STRPNE_1",2010,50.9999999936,6.50510205040816,783.9999987456
"1451","Belgium",5,"STRPNE_1",2011,64.9999999645,8.7248322309396,744.999998212
"1452","Belgium",5,"STRPNE_1",2012,53.99999994,7.10526316705263,759.999998176
"1453","Belgium",5,"STRPNE_1",2013,46.999999977,6.58263305921569,713.9999990004
"1454","Belgium",5,"STRPNE_1",2014,23.9999999714,4.15224913622837,577.999999133
"1455","Belgium",5,"STRPNE_10",2010,7.9999999744,1.02040816163265,783.9999987456
"1456","Belgium",5,"STRPNE_10",2011,8.9999999905,1.20805369289933,744.999998212
"1457","Belgium",5,"STRPNE_10",2012,1.999999964,0.263157890631579,759.999998176
"1458","Belgium",5,"STRPNE_10",2013,13.9999999734,1.9607843127451,713.9999990004
"1459","Belgium",5,"STRPNE_10",2014,14.999999946,2.59515570389273,577.999999133
"1460","Belgium",5,"STRPNE_10A",2010,4.999999984,0.637755101020408,783.9999987456
"1461","Belgium",5,"STRPNE_10A",2011,1.9999999565,0.268456370644295,744.999998212
"1462","Belgium",5,"STRPNE_10A",2012,8.999999952,1.18421052284211,759.999998176
"1463","Belgium",5,"STRPNE_10A",2013,0,0,713.9999990004
"1464","Belgium",5,"STRPNE_10A",2014,0,0,577.999999133
"1465","Belgium",5,"STRPNE_10B",2010,0,0,783.9999987456
"1466","Belgium",5,"STRPNE_10B",2011,0,0,744.999998212
"1467","Belgium",5,"STRPNE_10B",2012,0.999999944,0.131578940315789,759.999998176
"1468","Belgium",5,"STRPNE_10B",2013,0,0,713.9999990004
"1469","Belgium",5,"STRPNE_10B",2014,0,0,577.999999133
"1470","Belgium",5,"STRPNE_10C",2013,0,0,713.9999990004
"1471","Belgium",5,"STRPNE_10F",2010,0,0,783.9999987456
"1472","Belgium",5,"STRPNE_10F",2011,0,0,744.999998212
"1473","Belgium",5,"STRPNE_10F",2012,0,0,759.999998176
"1474","Belgium",5,"STRPNE_10F",2013,0,0,713.9999990004
"1475","Belgium",5,"STRPNE_10F",2014,0,0,577.999999133
"1476","Belgium",5,"STRPNE_11",2010,9.999999968,1.27551020204082,783.9999987456
"1477","Belgium",5,"STRPNE_11",2011,19.9999999375,2.68456375644295,744.999998212
"1478","Belgium",5,"STRPNE_11",2012,31.999999956,4.21052632010526,759.999998176
"1479","Belgium",5,"STRPNE_11",2013,13.9999999734,1.9607843127451,713.9999990004
"1480","Belgium",5,"STRPNE_11",2014,15.9999999424,2.76816608415225,577.999999133
"1481","Belgium",5,"STRPNE_11A",2010,6.9999999776,0.892857141428571,783.9999987456
"1482","Belgium",5,"STRPNE_11A",2011,1.9999999565,0.268456370644295,744.999998212
"1483","Belgium",5,"STRPNE_11A",2012,0,0,759.999998176
"1484","Belgium",5,"STRPNE_11A",2013,0,0,713.9999990004
"1485","Belgium",5,"STRPNE_11A",2014,0,0,577.999999133
"1486","Belgium",5,"STRPNE_11B",2010,0,0,783.9999987456
"1487","Belgium",5,"STRPNE_11B",2011,0,0,744.999998212
"1488","Belgium",5,"STRPNE_11B",2013,0,0,713.9999990004
"1489","Belgium",5,"STRPNE_11B",2014,0,0,577.999999133
"1490","Belgium",5,"STRPNE_11C",2011,0,0,744.999998212
"1491","Belgium",5,"STRPNE_11C",2012,0,0,759.999998176
"1492","Belgium",5,"STRPNE_11C",2013,0,0,713.9999990004
"1493","Belgium",5,"STRPNE_11C",2014,0,0,577.999999133
"1494","Belgium",5,"STRPNE_11D",2010,0,0,783.9999987456
"1495","Belgium",5,"STRPNE_11D",2011,0,0,744.999998212
"1496","Belgium",5,"STRPNE_11F",2010,0,0,783.9999987456
"1497","Belgium",5,"STRPNE_11F",2011,0,0,744.999998212
"1498","Belgium",5,"STRPNE_11F",2012,0,0,759.999998176
"1499","Belgium",5,"STRPNE_12",2010,49.9999999968,6.37755103020408,783.9999987456
"1500","Belgium",5,"STRPNE_12",2011,48.99999994,6.57718121578523,744.999998212
"1501","Belgium",5,"STRPNE_12",2012,43.999999968,5.78947369389474,759.999998176
"1502","Belgium",5,"STRPNE_12",2013,71.9999999754,10.0840336241176,713.9999990004
"1503","Belgium",5,"STRPNE_12",2014,62.9999999466,10.8996539863495,577.999999133
"1504","Belgium",5,"STRPNE_12A",2010,1.9999999936,0.255102040408163,783.9999987456
"1505","Belgium",5,"STRPNE_12A",2012,0,0,759.999998176
"1506","Belgium",5,"STRPNE_12A",2013,0,0,713.9999990004
"1507","Belgium",5,"STRPNE_12B",2010,0.9999999968,0.127551020204082,783.9999987456
"1508","Belgium",5,"STRPNE_12B",2011,0.999999941,0.134228180322148,744.999998212
"1509","Belgium",5,"STRPNE_12B",2012,0,0,759.999998176
"1510","Belgium",5,"STRPNE_12B",2013,0,0,713.9999990004
"1511","Belgium",5,"STRPNE_12B",2014,0,0,577.999999133
"1512","Belgium",5,"STRPNE_12F",2010,11.9999999616,1.53061224244898,783.9999987456
"1513","Belgium",5,"STRPNE_12F",2011,2.999999972,0.402684560966443,744.999998212
"1514","Belgium",5,"STRPNE_12F",2012,24.999999968,3.28947368789474,759.999998176
"1515","Belgium",5,"STRPNE_12F",2013,0,0,713.9999990004
"1516","Belgium",5,"STRPNE_12F",2014,0,0,577.999999133
"1517","Belgium",5,"STRPNE_13",2010,0.9999999968,0.127551020204082,783.9999987456
"1518","Belgium",5,"STRPNE_13",2011,0,0,744.999998212
"1519","Belgium",5,"STRPNE_13",2012,0,0,759.999998176
"1520","Belgium",5,"STRPNE_13",2013,1.9999999656,0.280112040392157,713.9999990004
"1521","Belgium",5,"STRPNE_13",2014,0,0,577.999999133
"1522","Belgium",5,"STRPNE_14",2010,18.9999999392,2.42346938387755,783.9999987456
"1523","Belgium",5,"STRPNE_14",2011,20.999999953,2.8187919467651,744.999998212
"1524","Belgium",5,"STRPNE_14",2012,13.999999976,1.84210526442105,759.999998176
"1525","Belgium",5,"STRPNE_14",2013,9.9999999708,1.40056022196078,713.9999990004
"1526","Belgium",5,"STRPNE_14",2014,5.9999999784,1.03806228155709,577.999999133
"1527","Belgium",5,"STRPNE_15",2010,19.999999936,2.55102040408163,783.9999987456
"1528","Belgium",5,"STRPNE_15",2011,23.9999999995,3.22147651773154,744.999998212
"1529","Belgium",5,"STRPNE_15",2012,12.999999956,1.71052631410526,759.999998176
"1530","Belgium",5,"STRPNE_15",2013,26.999999964,3.78151260529412,713.9999990004
"1531","Belgium",5,"STRPNE_15",2014,31.9999999426,5.5363321783045,577.999999133
"1532","Belgium",5,"STRPNE_15A",2010,4.999999984,0.637755101020408,783.9999987456
"1533","Belgium",5,"STRPNE_15A",2011,1.9999999565,0.268456370644295,744.999998212
"1534","Belgium",5,"STRPNE_15A",2012,11.999999936,1.57894736378947,759.999998176
"1535","Belgium",5,"STRPNE_15A",2013,0,0,713.9999990004
"1536","Belgium",5,"STRPNE_15A",2014,0,0,577.999999133
"1537","Belgium",5,"STRPNE_15B",2010,0,0,783.9999987456
"1538","Belgium",5,"STRPNE_15B",2011,0,0,744.999998212
"1539","Belgium",5,"STRPNE_15B",2012,5.999999968,0.789473681894737,759.999998176
"1540","Belgium",5,"STRPNE_15B",2013,0,0,713.9999990004
"1541","Belgium",5,"STRPNE_15B",2014,0,0,577.999999133
"1542","Belgium",5,"STRPNE_15B/C",2012,0,0,759.999998176
"1543","Belgium",5,"STRPNE_15B/C",2013,0,0,713.9999990004
"1544","Belgium",5,"STRPNE_15B/C",2014,0,0,577.999999133
"1545","Belgium",5,"STRPNE_15C",2010,0.9999999968,0.127551020204082,783.9999987456
"1546","Belgium",5,"STRPNE_15C",2011,0,0,744.999998212
"1547","Belgium",5,"STRPNE_15C",2012,0.999999944,0.131578940315789,759.999998176
"1548","Belgium",5,"STRPNE_15C",2013,0,0,713.9999990004
"1549","Belgium",5,"STRPNE_15C",2014,0,0,577.999999133
"1550","Belgium",5,"STRPNE_15F",2010,0.9999999968,0.127551020204082,783.9999987456
"1551","Belgium",5,"STRPNE_15F",2011,0,0,744.999998212
"1552","Belgium",5,"STRPNE_15F",2012,0,0,759.999998176
"1553","Belgium",5,"STRPNE_15F",2013,0,0,713.9999990004
"1554","Belgium",5,"STRPNE_15F",2014,0,0,577.999999133
"1555","Belgium",5,"STRPNE_16",2010,3.9999999872,0.510204080816327,783.9999987456
"1556","Belgium",5,"STRPNE_16",2011,10.999999947,1.47651006354362,744.999998212
"1557","Belgium",5,"STRPNE_16",2012,12.999999956,1.71052631410526,759.999998176
"1558","Belgium",5,"STRPNE_16",2013,12.9999999906,1.82072829254902,713.9999990004
"1559","Belgium",5,"STRPNE_16",2014,10.9999999604,1.90311418285467,577.999999133
"1560","Belgium",5,"STRPNE_16A",2013,0,0,713.9999990004
"1561","Belgium",5,"STRPNE_16A",2014,0,0,577.999999133
"1562","Belgium",5,"STRPNE_16F",2010,0.9999999968,0.127551020204082,783.9999987456
"1563","Belgium",5,"STRPNE_16F",2011,2.999999972,0.402684560966443,744.999998212
"1564","Belgium",5,"STRPNE_16F",2012,0,0,759.999998176
"1565","Belgium",5,"STRPNE_16F",2013,0,0,713.9999990004
"1566","Belgium",5,"STRPNE_16F",2014,0,0,577.999999133
"1567","Belgium",5,"STRPNE_17",2010,5.9999999808,0.76530612122449,783.9999987456
"1568","Belgium",5,"STRPNE_17",2011,3.9999999875,0.536912751288591,744.999998212
"1569","Belgium",5,"STRPNE_17",2012,7.999999932,1.05263157252632,759.999998176
"1570","Belgium",5,"STRPNE_17",2013,12.9999999906,1.82072829254902,713.9999990004
"1571","Belgium",5,"STRPNE_17",2014,4.999999982,0.865051901297578,577.999999133
"1572","Belgium",5,"STRPNE_17A",2010,0,0,783.9999987456
"1573","Belgium",5,"STRPNE_17A",2011,0.999999941,0.134228180322148,744.999998212
"1574","Belgium",5,"STRPNE_17A",2012,0,0,759.999998176
"1575","Belgium",5,"STRPNE_17A",2013,0,0,713.9999990004
"1576","Belgium",5,"STRPNE_17A",2014,0,0,577.999999133
"1577","Belgium",5,"STRPNE_17F",2010,0,0,783.9999987456
"1578","Belgium",5,"STRPNE_17F",2011,0,0,744.999998212
"1579","Belgium",5,"STRPNE_17F",2012,0,0,759.999998176
"1580","Belgium",5,"STRPNE_17F",2013,0,0,713.9999990004
"1581","Belgium",5,"STRPNE_17F",2014,0,0,577.999999133
"1582","Belgium",5,"STRPNE_18",2010,5.9999999808,0.76530612122449,783.9999987456
"1583","Belgium",5,"STRPNE_18",2011,2.999999972,0.402684560966443,744.999998212
"1584","Belgium",5,"STRPNE_18",2012,1.999999964,0.263157890631579,759.999998176
"1585","Belgium",5,"STRPNE_18",2013,0.9999999828,0.140056020196078,713.9999990004
"1586","Belgium",5,"STRPNE_18",2014,1.9999999928,0.346020760519031,577.999999133
"1587","Belgium",5,"STRPNE_18A",2010,0,0,783.9999987456
"1588","Belgium",5,"STRPNE_18A",2011,0,0,744.999998212
"1589","Belgium",5,"STRPNE_18A",2012,0,0,759.999998176
"1590","Belgium",5,"STRPNE_18A",2013,0,0,713.9999990004
"1591","Belgium",5,"STRPNE_18A",2014,0,0,577.999999133
"1592","Belgium",5,"STRPNE_18B",2010,0,0,783.9999987456
"1593","Belgium",5,"STRPNE_18B",2011,0,0,744.999998212
"1594","Belgium",5,"STRPNE_18B",2012,0,0,759.999998176
"1595","Belgium",5,"STRPNE_18B",2013,0,0,713.9999990004
"1596","Belgium",5,"STRPNE_18B",2014,0,0,577.999999133
"1597","Belgium",5,"STRPNE_18C",2010,0,0,783.9999987456
"1598","Belgium",5,"STRPNE_18C",2011,0,0,744.999998212
"1599","Belgium",5,"STRPNE_18C",2012,0,0,759.999998176
"1600","Belgium",5,"STRPNE_18C",2013,0,0,713.9999990004
"1601","Belgium",5,"STRPNE_18C",2014,0,0,577.999999133
"1602","Belgium",5,"STRPNE_18F",2010,0,0,783.9999987456
"1603","Belgium",5,"STRPNE_18F",2011,0,0,744.999998212
"1604","Belgium",5,"STRPNE_18F",2013,0,0,713.9999990004
"1605","Belgium",5,"STRPNE_19",2010,80.999999976,10.3316326665306,783.9999987456
"1606","Belgium",5,"STRPNE_19",2011,92.9999999515,12.4832214999597,744.999998212
"1607","Belgium",5,"STRPNE_19",2012,57,7.500000018,759.999998176
"1608","Belgium",5,"STRPNE_19",2013,90.9999999342,12.7450980478431,713.9999990004
"1609","Belgium",5,"STRPNE_19",2014,66.99999999,11.5916955173875,577.999999133
"1610","Belgium",5,"STRPNE_19A",2010,23.9999999232,3.06122448489796,783.9999987456
"1611","Belgium",5,"STRPNE_19A",2011,25.999999956,3.48993288837584,744.999998212
"1612","Belgium",5,"STRPNE_19A",2012,48.999999992,6.44736843547368,759.999998176
"1613","Belgium",5,"STRPNE_19A",2013,0,0,713.9999990004
"1614","Belgium",5,"STRPNE_19A",2014,0,0,577.999999133
"1615","Belgium",5,"STRPNE_19B",2014,0,0,577.999999133
"1616","Belgium",5,"STRPNE_19C",2011,0,0,744.999998212
"1617","Belgium",5,"STRPNE_19C",2012,0,0,759.999998176
"1618","Belgium",5,"STRPNE_19C",2013,0,0,713.9999990004
"1619","Belgium",5,"STRPNE_19C",2014,0,0,577.999999133
"1620","Belgium",5,"STRPNE_19F",2010,1.9999999936,0.255102040408163,783.9999987456
"1621","Belgium",5,"STRPNE_19F",2011,0.999999941,0.134228180322148,744.999998212
"1622","Belgium",5,"STRPNE_19F",2012,4.999999948,0.657894731578947,759.999998176
"1623","Belgium",5,"STRPNE_19F",2013,0,0,713.9999990004
"1624","Belgium",5,"STRPNE_19F",2014,0,0,577.999999133
"1625","Belgium",5,"STRPNE_2",2011,0,0,744.999998212
"1626","Belgium",5,"STRPNE_2",2012,0,0,759.999998176
"1627","Belgium",5,"STRPNE_2",2013,0,0,713.9999990004
"1628","Belgium",5,"STRPNE_20",2010,1.9999999936,0.255102040408163,783.9999987456
"1629","Belgium",5,"STRPNE_20",2011,2.999999972,0.402684560966443,744.999998212
"1630","Belgium",5,"STRPNE_20",2012,5.999999968,0.789473681894737,759.999998176
"1631","Belgium",5,"STRPNE_20",2013,3.9999999312,0.560224080784314,713.9999990004
"1632","Belgium",5,"STRPNE_20",2014,8.9999999676,1.55709342233564,577.999999133
"1633","Belgium",5,"STRPNE_21",2010,0,0,783.9999987456
"1634","Belgium",5,"STRPNE_21",2011,0.999999941,0.134228180322148,744.999998212
"1635","Belgium",5,"STRPNE_21",2012,0,0,759.999998176
"1636","Belgium",5,"STRPNE_21",2013,0,0,713.9999990004
"1637","Belgium",5,"STRPNE_21",2014,2.9999999892,0.519031140778547,577.999999133
"1638","Belgium",5,"STRPNE_22",2010,45.9999999312,5.86734693938775,783.9999987456
"1639","Belgium",5,"STRPNE_22",2011,33.999999931,4.56375839095302,744.999998212
"1640","Belgium",5,"STRPNE_22",2012,41.999999928,5.52631579326316,759.999998176
"1641","Belgium",5,"STRPNE_22",2013,47.9999999598,6.72268907941177,713.9999990004
"1642","Belgium",5,"STRPNE_22",2014,34.9999999896,6.05536332908305,577.999999133
"1643","Belgium",5,"STRPNE_22A",2011,0,0,744.999998212
"1644","Belgium",5,"STRPNE_22A",2012,0,0,759.999998176
"1645","Belgium",5,"STRPNE_22A",2013,0,0,713.9999990004
"1646","Belgium",5,"STRPNE_22A",2014,0,0,577.999999133
"1647","Belgium",5,"STRPNE_22F",2010,13.9999999552,1.78571428285714,783.9999987456
"1648","Belgium",5,"STRPNE_22F",2011,7.999999975,1.07382550257718,744.999998212
"1649","Belgium",5,"STRPNE_22F",2012,0,0,759.999998176
"1650","Belgium",5,"STRPNE_22F",2013,0,0,713.9999990004
"1651","Belgium",5,"STRPNE_22F",2014,0,0,577.999999133
"1652","Belgium",5,"STRPNE_23",2010,14.999999952,1.91326530306122,783.9999987456
"1653","Belgium",5,"STRPNE_23",2011,11.9999999625,1.61073825386577,744.999998212
"1654","Belgium",5,"STRPNE_23",2012,13.999999976,1.84210526442105,759.999998176
"1655","Belgium",5,"STRPNE_23",2013,26.999999964,3.78151260529412,713.9999990004
"1656","Belgium",5,"STRPNE_23",2014,27.999999957,4.84429065726644,577.999999133
"1657","Belgium",5,"STRPNE_23A",2010,0.9999999968,0.127551020204082,783.9999987456
"1658","Belgium",5,"STRPNE_23A",2011,2.999999972,0.402684560966443,744.999998212
"1659","Belgium",5,"STRPNE_23A",2012,7.999999932,1.05263157252632,759.999998176
"1660","Belgium",5,"STRPNE_23A",2013,0,0,713.9999990004
"1661","Belgium",5,"STRPNE_23A",2014,0,0,577.999999133
"1662","Belgium",5,"STRPNE_23B",2010,0.9999999968,0.127551020204082,783.9999987456
"1663","Belgium",5,"STRPNE_23B",2011,2.999999972,0.402684560966443,744.999998212
"1664","Belgium",5,"STRPNE_23B",2012,5.999999968,0.789473681894737,759.999998176
"1665","Belgium",5,"STRPNE_23B",2013,0,0,713.9999990004
"1666","Belgium",5,"STRPNE_23B",2014,0,0,577.999999133
"1667","Belgium",5,"STRPNE_23F",2010,0.9999999968,0.127551020204082,783.9999987456
"1668","Belgium",5,"STRPNE_23F",2011,0,0,744.999998212
"1669","Belgium",5,"STRPNE_23F",2012,0.999999944,0.131578940315789,759.999998176
"1670","Belgium",5,"STRPNE_23F",2013,0,0,713.9999990004
"1671","Belgium",5,"STRPNE_23F",2014,0,0,577.999999133
"1672","Belgium",5,"STRPNE_24",2010,14.999999952,1.91326530306122,783.9999987456
"1673","Belgium",5,"STRPNE_24",2011,6.9999999595,0.939597312255034,744.999998212
"1674","Belgium",5,"STRPNE_24",2012,25.999999988,3.42105263821053,759.999998176
"1675","Belgium",5,"STRPNE_24",2013,12.9999999906,1.82072829254902,713.9999990004
"1676","Belgium",5,"STRPNE_24",2014,9.999999964,1.73010380259516,577.999999133
"1677","Belgium",5,"STRPNE_24A",2010,0,0,783.9999987456
"1678","Belgium",5,"STRPNE_24A",2011,0,0,744.999998212
"1679","Belgium",5,"STRPNE_24A",2012,0,0,759.999998176
"1680","Belgium",5,"STRPNE_24A",2013,0,0,713.9999990004
"1681","Belgium",5,"STRPNE_24A",2014,0,0,577.999999133
"1682","Belgium",5,"STRPNE_24B",2011,0,0,744.999998212
"1683","Belgium",5,"STRPNE_24B",2012,0,0,759.999998176
"1684","Belgium",5,"STRPNE_24F",2010,4.999999984,0.637755101020408,783.9999987456
"1685","Belgium",5,"STRPNE_24F",2011,0.999999941,0.134228180322148,744.999998212
"1686","Belgium",5,"STRPNE_24F",2012,0,0,759.999998176
"1687","Belgium",5,"STRPNE_24F",2013,0,0,713.9999990004
"1688","Belgium",5,"STRPNE_24F",2014,0,0,577.999999133
"1689","Belgium",5,"STRPNE_25",2010,0,0,783.9999987456
"1690","Belgium",5,"STRPNE_25A",2010,0,0,783.9999987456
"1691","Belgium",5,"STRPNE_25A",2011,0,0,744.999998212
"1692","Belgium",5,"STRPNE_25A",2012,0,0,759.999998176
"1693","Belgium",5,"STRPNE_25A",2013,0,0,713.9999990004
"1694","Belgium",5,"STRPNE_25A",2014,0,0,577.999999133
"1695","Belgium",5,"STRPNE_25F",2010,0,0,783.9999987456
"1696","Belgium",5,"STRPNE_25F",2011,0,0,744.999998212
"1697","Belgium",5,"STRPNE_25F",2012,0,0,759.999998176
"1698","Belgium",5,"STRPNE_25F",2014,0,0,577.999999133
"1699","Belgium",5,"STRPNE_27",2011,0,0,744.999998212
"1700","Belgium",5,"STRPNE_27",2012,0,0,759.999998176
"1701","Belgium",5,"STRPNE_27",2013,0.9999999828,0.140056020196078,713.9999990004
"1702","Belgium",5,"STRPNE_27",2014,0,0,577.999999133
"1703","Belgium",5,"STRPNE_28",2014,0,0,577.999999133
"1704","Belgium",5,"STRPNE_28A",2010,0,0,783.9999987456
"1705","Belgium",5,"STRPNE_28A",2011,0,0,744.999998212
"1706","Belgium",5,"STRPNE_28A",2012,0,0,759.999998176
"1707","Belgium",5,"STRPNE_28A",2013,0,0,713.9999990004
"1708","Belgium",5,"STRPNE_28A",2014,0,0,577.999999133
"1709","Belgium",5,"STRPNE_28F",2010,0,0,783.9999987456
"1710","Belgium",5,"STRPNE_28F",2012,0,0,759.999998176
"1711","Belgium",5,"STRPNE_28F",2013,0,0,713.9999990004
"1712","Belgium",5,"STRPNE_28F",2014,0,0,577.999999133
"1713","Belgium",5,"STRPNE_29",2010,7.9999999744,1.02040816163265,783.9999987456
"1714","Belgium",5,"STRPNE_29",2011,12.999999978,1.74496644418792,744.999998212
"1715","Belgium",5,"STRPNE_29",2012,0.999999944,0.131578940315789,759.999998176
"1716","Belgium",5,"STRPNE_29",2013,0.9999999828,0.140056020196078,713.9999990004
"1717","Belgium",5,"STRPNE_29",2014,0,0,577.999999133
"1718","Belgium",5,"STRPNE_3",2010,78.9999999824,10.0765306261224,783.9999987456
"1719","Belgium",5,"STRPNE_3",2011,70.999999983,9.53020136287248,744.999998212
"1720","Belgium",5,"STRPNE_3",2012,69.999999956,9.21052633210526,759.999998176
"1721","Belgium",5,"STRPNE_3",2013,75.999999978,10.644257714902,713.9999990004
"1722","Belgium",5,"STRPNE_3",2014,62.9999999466,10.8996539863495,577.999999133
"1723","Belgium",5,"STRPNE_31",2010,10.9999999648,1.4030612222449,783.9999987456
"1724","Belgium",5,"STRPNE_31",2011,12.999999978,1.74496644418792,744.999998212
"1725","Belgium",5,"STRPNE_31",2012,16.99999996,2.23684210536842,759.999998176
"1726","Belgium",5,"STRPNE_31",2013,10.9999999536,1.54061624215686,713.9999990004
"1727","Belgium",5,"STRPNE_31",2014,9.999999964,1.73010380259516,577.999999133
"1728","Belgium",5,"STRPNE_32",2010,0.9999999968,0.127551020204082,783.9999987456
"1729","Belgium",5,"STRPNE_32A",2013,0,0,713.9999990004
"1730","Belgium",5,"STRPNE_33",2010,16.9999999456,2.16836734346939,783.9999987456
"1731","Belgium",5,"STRPNE_33",2011,8.9999999905,1.20805369289933,744.999998212
"1732","Belgium",5,"STRPNE_33",2012,16.99999996,2.23684210536842,759.999998176
"1733","Belgium",5,"STRPNE_33",2013,17.999999976,2.52100840352941,713.9999990004
"1734","Belgium",5,"STRPNE_33",2014,17.999999993,3.11418685467128,577.999999133
"1735","Belgium",5,"STRPNE_33A",2011,0,0,744.999998212
"1736","Belgium",5,"STRPNE_33A",2012,0,0,759.999998176
"1737","Belgium",5,"STRPNE_33A",2013,0,0,713.9999990004
"1738","Belgium",5,"STRPNE_33A",2014,0,0,577.999999133
"1739","Belgium",5,"STRPNE_33B",2013,0,0,713.9999990004
"1740","Belgium",5,"STRPNE_33B",2014,0,0,577.999999133
"1741","Belgium",5,"STRPNE_33F",2010,5.9999999808,0.76530612122449,783.9999987456
"1742","Belgium",5,"STRPNE_33F",2011,1.9999999565,0.268456370644295,744.999998212
"1743","Belgium",5,"STRPNE_33F",2012,0,0,759.999998176
"1744","Belgium",5,"STRPNE_33F",2013,0,0,713.9999990004
"1745","Belgium",5,"STRPNE_33F",2014,0,0,577.999999133
"1746","Belgium",5,"STRPNE_34",2010,0.9999999968,0.127551020204082,783.9999987456
"1747","Belgium",5,"STRPNE_34",2011,1.9999999565,0.268456370644295,744.999998212
"1748","Belgium",5,"STRPNE_34",2012,2.999999984,0.394736840947368,759.999998176
"1749","Belgium",5,"STRPNE_34",2013,4.9999999854,0.700280110980392,713.9999990004
"1750","Belgium",5,"STRPNE_34",2014,2.9999999892,0.519031140778547,577.999999133
"1751","Belgium",5,"STRPNE_35",2010,12.9999999584,1.65816326265306,783.9999987456
"1752","Belgium",5,"STRPNE_35",2011,4.9999999285,0.671140931610738,744.999998212
"1753","Belgium",5,"STRPNE_35",2012,1.999999964,0.263157890631579,759.999998176
"1754","Belgium",5,"STRPNE_35",2013,6.999999951,0.980392151372549,713.9999990004
"1755","Belgium",5,"STRPNE_35",2014,5.9999999784,1.03806228155709,577.999999133
"1756","Belgium",5,"STRPNE_35A",2012,1.999999964,0.263157890631579,759.999998176
"1757","Belgium",5,"STRPNE_35A",2013,0,0,713.9999990004
"1758","Belgium",5,"STRPNE_35A",2014,0,0,577.999999133
"1759","Belgium",5,"STRPNE_35B",2010,0,0,783.9999987456
"1760","Belgium",5,"STRPNE_35B",2011,0,0,744.999998212
"1761","Belgium",5,"STRPNE_35B",2012,12.999999956,1.71052631410526,759.999998176
"1762","Belgium",5,"STRPNE_35B",2013,11.9999999364,1.68067226235294,713.9999990004
"1763","Belgium",5,"STRPNE_35B",2014,13.9999999496,2.42214532363322,577.999999133
"1764","Belgium",5,"STRPNE_35C",2010,0,0,783.9999987456
"1765","Belgium",5,"STRPNE_35C",2011,0,0,744.999998212
"1766","Belgium",5,"STRPNE_35C",2013,0,0,713.9999990004
"1767","Belgium",5,"STRPNE_35F",2010,0,0,783.9999987456
"1768","Belgium",5,"STRPNE_35F",2011,0,0,744.999998212
"1769","Belgium",5,"STRPNE_35F",2012,5.999999968,0.789473681894737,759.999998176
"1770","Belgium",5,"STRPNE_35F",2013,0,0,713.9999990004
"1771","Belgium",5,"STRPNE_35F",2014,0.9999999964,0.173010380259516,577.999999133
"1772","Belgium",5,"STRPNE_36",2013,0,0,713.9999990004
"1773","Belgium",5,"STRPNE_37",2010,0,0,783.9999987456
"1774","Belgium",5,"STRPNE_37",2011,0,0,744.999998212
"1775","Belgium",5,"STRPNE_37",2012,0,0,759.999998176
"1776","Belgium",5,"STRPNE_37",2013,0,0,713.9999990004
"1777","Belgium",5,"STRPNE_37",2014,0,0,577.999999133
"1778","Belgium",5,"STRPNE_38",2010,12.9999999584,1.65816326265306,783.9999987456
"1779","Belgium",5,"STRPNE_38",2011,18.9999999965,2.55033557612081,744.999998212
"1780","Belgium",5,"STRPNE_38",2012,7.999999932,1.05263157252632,759.999998176
"1781","Belgium",5,"STRPNE_38",2013,13.9999999734,1.9607843127451,713.9999990004
"1782","Belgium",5,"STRPNE_38",2014,7.9999999712,1.38408304207612,577.999999133
"1783","Belgium",5,"STRPNE_39",2014,0,0,577.999999133
"1784","Belgium",5,"STRPNE_4",2010,13.9999999552,1.78571428285714,783.9999987456
"1785","Belgium",5,"STRPNE_4",2011,7.999999975,1.07382550257718,744.999998212
"1786","Belgium",5,"STRPNE_4",2012,4.999999948,0.657894731578947,759.999998176
"1787","Belgium",5,"STRPNE_4",2013,3.9999999312,0.560224080784314,713.9999990004
"1788","Belgium",5,"STRPNE_4",2014,0.9999999964,0.173010380259516,577.999999133
"1789","Belgium",5,"STRPNE_40",2010,0.9999999968,0.127551020204082,783.9999987456
"1790","Belgium",5,"STRPNE_40",2013,0,0,713.9999990004
"1791","Belgium",5,"STRPNE_5",2010,15.9999999488,2.04081632326531,783.9999987456
"1792","Belgium",5,"STRPNE_5",2011,26.9999999715,3.62416107869799,744.999998212
"1793","Belgium",5,"STRPNE_5",2012,11.999999936,1.57894736378947,759.999998176
"1794","Belgium",5,"STRPNE_5",2013,9.9999999708,1.40056022196078,713.9999990004
"1795","Belgium",5,"STRPNE_5",2014,2.9999999892,0.519031140778547,577.999999133
"1796","Belgium",5,"STRPNE_6",2010,32.9999999728,4.20918367673469,783.9999987456
"1797","Belgium",5,"STRPNE_6",2011,30.999999959,4.16107382998658,744.999998212
"1798","Belgium",5,"STRPNE_6",2012,26.999999932,3.55263157852632,759.999998176
"1799","Belgium",5,"STRPNE_6",2013,47.9999999598,6.72268907941177,713.9999990004
"1800","Belgium",5,"STRPNE_6",2014,27.999999957,4.84429065726644,577.999999133
"1801","Belgium",5,"STRPNE_6A",2010,8.9999999712,1.14795918183673,783.9999987456
"1802","Belgium",5,"STRPNE_6A",2011,5.999999944,0.805369121932886,744.999998212
"1803","Belgium",5,"STRPNE_6A",2012,12.999999956,1.71052631410526,759.999998176
"1804","Belgium",5,"STRPNE_6A",2013,0,0,713.9999990004
"1805","Belgium",5,"STRPNE_6A",2014,0,0,577.999999133
"1806","Belgium",5,"STRPNE_6B",2010,2.9999999904,0.382653060612245,783.9999987456
"1807","Belgium",5,"STRPNE_6B",2011,0.999999941,0.134228180322148,744.999998212
"1808","Belgium",5,"STRPNE_6B",2012,0.999999944,0.131578940315789,759.999998176
"1809","Belgium",5,"STRPNE_6B",2013,0,0,713.9999990004
"1810","Belgium",5,"STRPNE_6B",2014,0,0,577.999999133
"1811","Belgium",5,"STRPNE_6C",2010,0,0,783.9999987456
"1812","Belgium",5,"STRPNE_6C",2011,0,0,744.999998212
"1813","Belgium",5,"STRPNE_6C",2012,0,0,759.999998176
"1814","Belgium",5,"STRPNE_6C",2013,0,0,713.9999990004
"1815","Belgium",5,"STRPNE_6C",2014,0,0,577.999999133
"1816","Belgium",5,"STRPNE_6D",2010,0,0,783.9999987456
"1817","Belgium",5,"STRPNE_6D",2012,0,0,759.999998176
"1818","Belgium",5,"STRPNE_6D",2013,0,0,713.9999990004
"1819","Belgium",5,"STRPNE_6D",2014,0,0,577.999999133
"1820","Belgium",5,"STRPNE_7",2010,58.999999968,7.52551021204082,783.9999987456
"1821","Belgium",5,"STRPNE_7",2011,66.9999999955,8.99328861158389,744.999998212
"1822","Belgium",5,"STRPNE_7",2012,55.99999998,7.36842106768421,759.999998176
"1823","Belgium",5,"STRPNE_7",2013,46.999999977,6.58263305921569,713.9999990004
"1824","Belgium",5,"STRPNE_7",2014,29.9999999498,5.19031141778547,577.999999133
"1825","Belgium",5,"STRPNE_7A",2012,0,0,759.999998176
"1826","Belgium",5,"STRPNE_7A",2014,0,0,577.999999133
"1827","Belgium",5,"STRPNE_7B",2010,0,0,783.9999987456
"1828","Belgium",5,"STRPNE_7B",2011,0,0,744.999998212
"1829","Belgium",5,"STRPNE_7B",2012,0,0,759.999998176
"1830","Belgium",5,"STRPNE_7B",2013,0,0,713.9999990004
"1831","Belgium",5,"STRPNE_7B",2014,0,0,577.999999133
"1832","Belgium",5,"STRPNE_7C",2010,0.9999999968,0.127551020204082,783.9999987456
"1833","Belgium",5,"STRPNE_7C",2011,0,0,744.999998212
"1834","Belgium",5,"STRPNE_7C",2012,0,0,759.999998176
"1835","Belgium",5,"STRPNE_7C",2013,0,0,713.9999990004
"1836","Belgium",5,"STRPNE_7C",2014,0,0,577.999999133
"1837","Belgium",5,"STRPNE_7F",2010,28.9999999856,3.69897959591837,783.9999987456
"1838","Belgium",5,"STRPNE_7F",2011,17.999999981,2.41610738579866,744.999998212
"1839","Belgium",5,"STRPNE_7F",2012,0,0,759.999998176
"1840","Belgium",5,"STRPNE_7F",2013,0,0,713.9999990004
"1841","Belgium",5,"STRPNE_7F",2014,0,0,577.999999133
"1842","Belgium",5,"STRPNE_8",2010,27.9999999888,3.57142857571429,783.9999987456
"1843","Belgium",5,"STRPNE_8",2011,14.9999999345,2.01342281483221,744.999998212
"1844","Belgium",5,"STRPNE_8",2012,29.999999992,3.94736842947368,759.999998176
"1845","Belgium",5,"STRPNE_8",2013,35.999999952,5.04201680705882,713.9999990004
"1846","Belgium",5,"STRPNE_8",2014,39.9999999716,6.92041523038062,577.999999133
"1847","Belgium",5,"STRPNE_9",2010,21.9999999296,2.8061224444898,783.9999987456
"1848","Belgium",5,"STRPNE_9",2011,17.999999981,2.41610738579866,744.999998212
"1849","Belgium",5,"STRPNE_9",2012,26.999999932,3.55263157852632,759.999998176
"1850","Belgium",5,"STRPNE_9",2013,24.9999999984,3.50140056490196,713.9999990004
"1851","Belgium",5,"STRPNE_9",2014,26.9999999606,4.67128027700692,577.999999133
"1852","Belgium",5,"STRPNE_9A",2010,0,0,783.9999987456
"1853","Belgium",5,"STRPNE_9A",2011,0,0,744.999998212
"1854","Belgium",5,"STRPNE_9A",2012,0,0,759.999998176
"1855","Belgium",5,"STRPNE_9A",2013,0,0,713.9999990004
"1856","Belgium",5,"STRPNE_9A",2014,0,0,577.999999133
"1857","Belgium",5,"STRPNE_9L",2011,0,0,744.999998212
"1858","Belgium",5,"STRPNE_9L",2013,0,0,713.9999990004
"1859","Belgium",5,"STRPNE_9L",2014,0,0,577.999999133
"1860","Belgium",5,"STRPNE_9N",2010,1.9999999936,0.255102040408163,783.9999987456
"1861","Belgium",5,"STRPNE_9N",2011,6.9999999595,0.939597312255034,744.999998212
"1862","Belgium",5,"STRPNE_9N",2012,0,0,759.999998176
"1863","Belgium",5,"STRPNE_9N",2013,0,0,713.9999990004
"1864","Belgium",5,"STRPNE_9N",2014,0,0,577.999999133
"1865","Belgium",5,"STRPNE_9V",2010,0.9999999968,0.127551020204082,783.9999987456
"1866","Belgium",5,"STRPNE_9V",2011,0,0,744.999998212
"1867","Belgium",5,"STRPNE_9V",2012,0,0,759.999998176
"1868","Belgium",5,"STRPNE_9V",2013,0,0,713.9999990004
"1869","Belgium",5,"STRPNE_9V",2014,0,0,577.999999133
"1870","Belgium",5,"STRPNE_NTYP",2010,0,0,783.9999987456
"1871","Belgium",5,"STRPNE_NTYP",2011,0.999999941,0.134228180322148,744.999998212
"1872","Belgium",5,"STRPNE_NTYP",2012,0,0,759.999998176
"1873","Belgium",5,"STRPNE_NTYP",2013,2.9999999484,0.420168060588235,713.9999990004
"1874","Belgium",5,"STRPNE_NTYP",2014,0,0,577.999999133
"1875","Denmark",5,"STRPNE_1",2010,60.999999987,12.1756487255689,500.9999989479
"1876","Denmark",5,"STRPNE_1",2011,70.28,14,502
"1877","Denmark",5,"STRPNE_1",2012,66.792,13.2,506
"1878","Denmark",5,"STRPNE_1",2013,41.3744292078,9.36073060684931,441.9999992044
"1879","Denmark",5,"STRPNE_1",2014,16.9999999697,3.78619153832962,448.9999990122
"1880","Denmark",5,"STRPNE_1",2015,8.456211801,1.62932790342159,518.9999989101
"1881","Denmark",5,"STRPNE_1",2016,1.0316026891,0.2257336303386,456.9999993145
"1882","Denmark",5,"STRPNE_1",2017,0,0,474.9999990975
"1883","Denmark",5,"STRPNE_1",2018,0,0,526.9999990514
"1884","Denmark",5,"STRPNE_1",2019,0,0,404.99999919
"1885","Denmark",5,"STRPNE_1",2020,0,0,205.9999996704
"1886","Denmark",5,"STRPNE_1",2021,0,0,190.9999997326
"1887","Denmark",5,"STRPNE_1",2022,0,0,328.9999992104
"1888","Denmark",5,"STRPNE_1",2023,0,0,371.9999994048
"1889","Denmark",5,"STRPNE_1",2024,0,0,374.999999025
"1890","Denmark",5,"STRPNE_10",2010,0,0,500.9999989479
"1891","Denmark",5,"STRPNE_10",2011,0,0,502
"1892","Denmark",5,"STRPNE_10",2012,0,0,506
"1893","Denmark",5,"STRPNE_10",2013,0,0,441.9999992044
"1894","Denmark",5,"STRPNE_10",2014,0,0,448.9999990122
"1895","Denmark",5,"STRPNE_10",2015,0,0,518.9999989101
"1896","Denmark",5,"STRPNE_10",2016,0,0,456.9999993145
"1897","Denmark",5,"STRPNE_10",2018,0,0,526.9999990514
"1898","Denmark",5,"STRPNE_10",2019,0,0,404.99999919
"1899","Denmark",5,"STRPNE_10",2020,0,0,205.9999996704
"1900","Denmark",5,"STRPNE_10",2022,0,0,328.9999992104
"1901","Denmark",5,"STRPNE_10",2023,0,0,371.9999994048
"1902","Denmark",5,"STRPNE_10",2024,0,0,374.999999025
"1903","Denmark",5,"STRPNE_10A",2010,11.9999999958,2.39520958502994,500.9999989479
"1904","Denmark",5,"STRPNE_10A",2011,7.028,1.4,502
"1905","Denmark",5,"STRPNE_10A",2012,14.168,2.8,506
"1906","Denmark",5,"STRPNE_10A",2013,7.0639269142,1.59817351287671,441.9999992044
"1907","Denmark",5,"STRPNE_10A",2014,6.9999999796,1.55902004342984,448.9999990122
"1908","Denmark",5,"STRPNE_10A",2015,9.5132382891,1.83299389384929,518.9999989101
"1909","Denmark",5,"STRPNE_10A",2016,15.4740406107,3.38600451507901,456.9999993145
"1910","Denmark",5,"STRPNE_10A",2017,7.2916666225,1.53508771291667,474.9999990975
"1911","Denmark",5,"STRPNE_10A",2018,11.4339250148,2.16962524390533,526.9999990514
"1912","Denmark",5,"STRPNE_10A",2019,6.2307691965,1.53846153307692,404.99999919
"1913","Denmark",5,"STRPNE_10A",2020,7.2462311358,3.51758793562814,205.9999996704
"1914","Denmark",5,"STRPNE_10A",2021,4.2921348291,2.24719101314607,190.9999997326
"1915","Denmark",5,"STRPNE_10A",2022,4.2866449311,1.30293159312704,328.9999992104
"1916","Denmark",5,"STRPNE_10A",2023,11.5593220236,3.10734463497175,371.9999994048
"1917","Denmark",5,"STRPNE_10A",2024,7.4786324625,1.99430199518519,374.999999025
"1918","Denmark",5,"STRPNE_10B",2010,1.9999999659,0.399201590838323,500.9999989479
"1919","Denmark",5,"STRPNE_10B",2011,4.016,0.8,502
"1920","Denmark",5,"STRPNE_10B",2012,4.048,0.8,506
"1921","Denmark",5,"STRPNE_10B",2013,8.0730593242,1.82648401328767,441.9999992044
"1922","Denmark",5,"STRPNE_10B",2014,1.9999999621,0.445434290979955,448.9999990122
"1923","Denmark",5,"STRPNE_10B",2015,5.2851323367,1.01832993213849,518.9999989101
"1924","Denmark",5,"STRPNE_10B",2016,4.1264108021,0.902934531354402,456.9999993145
"1925","Denmark",5,"STRPNE_10B",2017,3.1249999675,0.65789473125,474.9999990975
"1926","Denmark",5,"STRPNE_10B",2018,6.2366863765,1.18343195213018,526.9999990514
"1927","Denmark",5,"STRPNE_10B",2019,4.153846131,1.02564102205128,404.99999919
"1928","Denmark",5,"STRPNE_10B",2020,2.0703517472,1.00502512160804,205.9999996704
"1929","Denmark",5,"STRPNE_10B",2021,2.146067405,1.12359550157303,190.9999997326
"1930","Denmark",5,"STRPNE_10B",2022,3.2149836901,0.977198692345277,328.9999992104
"1931","Denmark",5,"STRPNE_10B",2023,4.20338982,1.12994350180791,371.9999994048
"1932","Denmark",5,"STRPNE_10B",2024,0,0,374.999999025
"1933","Denmark",5,"STRPNE_10C",2013,0,0,441.9999992044
"1934","Denmark",5,"STRPNE_10C",2017,0,0,474.9999990975
"1935","Denmark",5,"STRPNE_10C",2018,0,0,526.9999990514
"1936","Denmark",5,"STRPNE_10C",2020,0,0,205.9999996704
"1937","Denmark",5,"STRPNE_10C",2022,0,0,328.9999992104
"1938","Denmark",5,"STRPNE_10C",2023,0,0,371.9999994048
"1939","Denmark",5,"STRPNE_10F",2010,0,0,500.9999989479
"1940","Denmark",5,"STRPNE_10F",2011,0,0,502
"1941","Denmark",5,"STRPNE_10F",2012,0,0,506
"1942","Denmark",5,"STRPNE_10F",2013,0,0,441.9999992044
"1943","Denmark",5,"STRPNE_10F",2014,0,0,448.9999990122
"1944","Denmark",5,"STRPNE_10F",2015,0,0,518.9999989101
"1945","Denmark",5,"STRPNE_10F",2016,0,0,456.9999993145
"1946","Denmark",5,"STRPNE_10F",2017,0,0,474.9999990975
"1947","Denmark",5,"STRPNE_10F",2018,0,0,526.9999990514
"1948","Denmark",5,"STRPNE_10F",2019,0,0,404.99999919
"1949","Denmark",5,"STRPNE_10F",2020,0,0,205.9999996704
"1950","Denmark",5,"STRPNE_10F",2021,0,0,190.9999997326
"1951","Denmark",5,"STRPNE_10F",2024,0,0,374.999999025
"1952","Denmark",5,"STRPNE_11",2010,0,0,500.9999989479
"1953","Denmark",5,"STRPNE_11",2011,0,0,502
"1954","Denmark",5,"STRPNE_11",2012,0,0,506
"1955","Denmark",5,"STRPNE_11",2013,0,0,441.9999992044
"1956","Denmark",5,"STRPNE_11",2014,0,0,448.9999990122
"1957","Denmark",5,"STRPNE_11",2015,0,0,518.9999989101
"1958","Denmark",5,"STRPNE_11",2016,0,0,456.9999993145
"1959","Denmark",5,"STRPNE_11",2017,0,0,474.9999990975
"1960","Denmark",5,"STRPNE_11",2019,0,0,404.99999919
"1961","Denmark",5,"STRPNE_11",2021,0,0,190.9999997326
"1962","Denmark",5,"STRPNE_11",2022,0,0,328.9999992104
"1963","Denmark",5,"STRPNE_11",2023,0,0,371.9999994048
"1964","Denmark",5,"STRPNE_11",2024,0,0,374.999999025
"1965","Denmark",5,"STRPNE_11A",2010,12.9999999537,2.5948103754491,500.9999989479
"1966","Denmark",5,"STRPNE_11A",2011,13.052,2.6,502
"1967","Denmark",5,"STRPNE_11A",2012,12.144,2.4,506
"1968","Denmark",5,"STRPNE_11A",2013,14.1278538726,3.19634703575342,441.9999992044
"1969","Denmark",5,"STRPNE_11A",2014,10.9999999936,2.44988864538976,448.9999990122
"1970","Denmark",5,"STRPNE_11A",2015,16.912423602,3.25865580684318,518.9999989101
"1971","Denmark",5,"STRPNE_11A",2016,8.2528216499,1.8058690727088,456.9999993145
"1972","Denmark",5,"STRPNE_11A",2017,15.62499998,3.28947368625,474.9999990975
"1973","Denmark",5,"STRPNE_11A",2018,15.5917159676,2.95857988532544,526.9999990514
"1974","Denmark",5,"STRPNE_11A",2019,12.4615384335,3.07692307615385,404.99999919
"1975","Denmark",5,"STRPNE_11A",2020,5.1758793886,2.5125628140201,205.9999996704
"1976","Denmark",5,"STRPNE_11A",2021,8.5842696582,4.49438202629214,190.9999997326
"1977","Denmark",5,"STRPNE_11A",2022,16.0749185492,4.88599349172638,328.9999992104
"1978","Denmark",5,"STRPNE_11A",2023,7.3559321664,1.97740112316384,371.9999994048
"1979","Denmark",5,"STRPNE_11A",2024,12.8205127875,3.41880341888889,374.999999025
"1980","Denmark",5,"STRPNE_11A/D",2023,0,0,371.9999994048
"1981","Denmark",5,"STRPNE_11B",2010,0,0,500.9999989479
"1982","Denmark",5,"STRPNE_11B",2011,0,0,502
"1983","Denmark",5,"STRPNE_11B",2013,0,0,441.9999992044
"1984","Denmark",5,"STRPNE_11B",2014,0,0,448.9999990122
"1985","Denmark",5,"STRPNE_11B",2015,1.0570264362,0.203665980427699,518.9999989101
"1986","Denmark",5,"STRPNE_11B",2016,0,0,456.9999993145
"1987","Denmark",5,"STRPNE_11B",2017,0,0,474.9999990975
"1988","Denmark",5,"STRPNE_11B",2018,1.0394476855,0.19723865035503,526.9999990514
"1989","Denmark",5,"STRPNE_11B",2019,0,0,404.99999919
"1990","Denmark",5,"STRPNE_11B",2020,0,0,205.9999996704
"1991","Denmark",5,"STRPNE_11B",2022,0,0,328.9999992104
"1992","Denmark",5,"STRPNE_11B",2023,0,0,371.9999994048
"1993","Denmark",5,"STRPNE_11B",2024,0,0,374.999999025
"1994","Denmark",5,"STRPNE_11C",2011,0,0,502
"1995","Denmark",5,"STRPNE_11C",2012,0,0,506
"1996","Denmark",5,"STRPNE_11C",2013,0,0,441.9999992044
"1997","Denmark",5,"STRPNE_11C",2014,0,0,448.9999990122
"1998","Denmark",5,"STRPNE_11C",2015,0,0,518.9999989101
"1999","Denmark",5,"STRPNE_11C",2016,0,0,456.9999993145
"2000","Denmark",5,"STRPNE_11C",2017,0,0,474.9999990975
"2001","Denmark",5,"STRPNE_11C",2018,1.0394476855,0.19723865035503,526.9999990514
"2002","Denmark",5,"STRPNE_11C",2021,0,0,190.9999997326
"2003","Denmark",5,"STRPNE_11C",2023,0,0,371.9999994048
"2004","Denmark",5,"STRPNE_11D",2010,0,0,500.9999989479
"2005","Denmark",5,"STRPNE_11D",2011,0,0,502
"2006","Denmark",5,"STRPNE_11D",2015,0,0,518.9999989101
"2007","Denmark",5,"STRPNE_11D",2017,0,0,474.9999990975
"2008","Denmark",5,"STRPNE_11D",2018,0,0,526.9999990514
"2009","Denmark",5,"STRPNE_11D",2019,0,0,404.99999919
"2010","Denmark",5,"STRPNE_11D",2020,0,0,205.9999996704
"2011","Denmark",5,"STRPNE_11D",2021,0,0,190.9999997326
"2012","Denmark",5,"STRPNE_11D",2022,0,0,328.9999992104
"2013","Denmark",5,"STRPNE_11D",2023,0,0,371.9999994048
"2014","Denmark",5,"STRPNE_11D",2024,0,0,374.999999025
"2015","Denmark",5,"STRPNE_11E",2019,0,0,404.99999919
"2016","Denmark",5,"STRPNE_11E",2022,0,0,328.9999992104
"2017","Denmark",5,"STRPNE_11E",2024,0,0,374.999999025
"2018","Denmark",5,"STRPNE_11F",2010,0,0,500.9999989479
"2019","Denmark",5,"STRPNE_11F",2011,0,0,502
"2020","Denmark",5,"STRPNE_11F",2012,0,0,506
"2021","Denmark",5,"STRPNE_11F",2018,0,0,526.9999990514
"2022","Denmark",5,"STRPNE_11F",2024,0,0,374.999999025
"2023","Denmark",5,"STRPNE_12",2010,0,0,500.9999989479
"2024","Denmark",5,"STRPNE_12",2011,0,0,502
"2025","Denmark",5,"STRPNE_12",2012,0,0,506
"2026","Denmark",5,"STRPNE_12",2013,0,0,441.9999992044
"2027","Denmark",5,"STRPNE_12",2014,0,0,448.9999990122
"2028","Denmark",5,"STRPNE_12",2015,2.1140529243,0.407331970855397,518.9999989101
"2029","Denmark",5,"STRPNE_12",2016,0,0,456.9999993145
"2030","Denmark",5,"STRPNE_12",2017,0,0,474.9999990975
"2031","Denmark",5,"STRPNE_12",2018,0,0,526.9999990514
"2032","Denmark",5,"STRPNE_12",2019,0,0,404.99999919
"2033","Denmark",5,"STRPNE_12",2022,0,0,328.9999992104
"2034","Denmark",5,"STRPNE_12",2024,0,0,374.999999025
"2035","Denmark",5,"STRPNE_12A",2010,0,0,500.9999989479
"2036","Denmark",5,"STRPNE_12A",2012,0,0,506
"2037","Denmark",5,"STRPNE_12A",2013,0,0,441.9999992044
"2038","Denmark",5,"STRPNE_12A",2015,0,0,518.9999989101
"2039","Denmark",5,"STRPNE_12A",2017,0,0,474.9999990975
"2040","Denmark",5,"STRPNE_12A",2018,0,0,526.9999990514
"2041","Denmark",5,"STRPNE_12A",2022,0,0,328.9999992104
"2042","Denmark",5,"STRPNE_12A",2023,0,0,371.9999994048
"2043","Denmark",5,"STRPNE_12A",2024,0,0,374.999999025
"2044","Denmark",5,"STRPNE_12B",2010,0,0,500.9999989479
"2045","Denmark",5,"STRPNE_12B",2011,0,0,502
"2046","Denmark",5,"STRPNE_12B",2012,0,0,506
"2047","Denmark",5,"STRPNE_12B",2013,0,0,441.9999992044
"2048","Denmark",5,"STRPNE_12B",2014,0,0,448.9999990122
"2049","Denmark",5,"STRPNE_12B",2015,0,0,518.9999989101
"2050","Denmark",5,"STRPNE_12B",2016,0,0,456.9999993145
"2051","Denmark",5,"STRPNE_12B",2017,0,0,474.9999990975
"2052","Denmark",5,"STRPNE_12B",2018,0,0,526.9999990514
"2053","Denmark",5,"STRPNE_12B",2019,0,0,404.99999919
"2054","Denmark",5,"STRPNE_12B",2020,0,0,205.9999996704
"2055","Denmark",5,"STRPNE_12B",2021,0,0,190.9999997326
"2056","Denmark",5,"STRPNE_12B",2022,0,0,328.9999992104
"2057","Denmark",5,"STRPNE_12B",2023,0,0,371.9999994048
"2058","Denmark",5,"STRPNE_12B",2024,0,0,374.999999025
"2059","Denmark",5,"STRPNE_12F",2010,12.9999999537,2.5948103754491,500.9999989479
"2060","Denmark",5,"STRPNE_12F",2011,25.1,5,502
"2061","Denmark",5,"STRPNE_12F",2012,23.276,4.6,506
"2062","Denmark",5,"STRPNE_12F",2013,34.3105022494,7.7625570839726,441.9999992044
"2063","Denmark",5,"STRPNE_12F",2014,18.9999999767,4.23162583930958,448.9999990122
"2064","Denmark",5,"STRPNE_12F",2015,26.4256618911,5.09164970069246,518.9999989101
"2065","Denmark",5,"STRPNE_12F",2016,26.8216704193,5.86907449880361,456.9999993145
"2066","Denmark",5,"STRPNE_12F",2017,40.6249999575,8.55263158625,474.9999990975
"2067","Denmark",5,"STRPNE_12F",2018,29.1045364588,5.52268244994083,526.9999990514
"2068","Denmark",5,"STRPNE_12F",2019,24.9230769075,6.15384616230769,404.99999919
"2069","Denmark",5,"STRPNE_12F",2020,9.3165829036,4.52261306723618,205.9999996704
"2070","Denmark",5,"STRPNE_12F",2021,1.0730337025,0.561797750786517,190.9999997326
"2071","Denmark",5,"STRPNE_12F",2022,1.0716612081,0.325732890781759,328.9999992104
"2072","Denmark",5,"STRPNE_12F",2023,2.10169491,0.564971750903955,371.9999994048
"2073","Denmark",5,"STRPNE_12F",2024,2.1367521,0.569800561481481,374.999999025
"2074","Denmark",5,"STRPNE_13",2010,0,0,500.9999989479
"2075","Denmark",5,"STRPNE_13",2011,0,0,502
"2076","Denmark",5,"STRPNE_13",2012,0,0,506
"2077","Denmark",5,"STRPNE_13",2013,0,0,441.9999992044
"2078","Denmark",5,"STRPNE_13",2014,0,0,448.9999990122
"2079","Denmark",5,"STRPNE_13",2015,0,0,518.9999989101
"2080","Denmark",5,"STRPNE_13",2016,0,0,456.9999993145
"2081","Denmark",5,"STRPNE_13",2017,0,0,474.9999990975
"2082","Denmark",5,"STRPNE_13",2018,0,0,526.9999990514
"2083","Denmark",5,"STRPNE_13",2019,0,0,404.99999919
"2084","Denmark",5,"STRPNE_13",2020,0,0,205.9999996704
"2085","Denmark",5,"STRPNE_13",2021,0,0,190.9999997326
"2086","Denmark",5,"STRPNE_13",2022,0,0,328.9999992104
"2087","Denmark",5,"STRPNE_13",2023,0,0,371.9999994048
"2088","Denmark",5,"STRPNE_13",2024,0,0,374.999999025
"2089","Denmark",5,"STRPNE_14",2010,12.9999999537,2.5948103754491,500.9999989479
"2090","Denmark",5,"STRPNE_14",2011,7.028,1.4,502
"2091","Denmark",5,"STRPNE_14",2012,6.072,1.2,506
"2092","Denmark",5,"STRPNE_14",2013,2.01826482,0.456621000821918,441.9999992044
"2093","Denmark",5,"STRPNE_14",2014,0,0,448.9999990122
"2094","Denmark",5,"STRPNE_14",2015,2.1140529243,0.407331970855397,518.9999989101
"2095","Denmark",5,"STRPNE_14",2016,0,0,456.9999993145
"2096","Denmark",5,"STRPNE_14",2017,2.0833333275,0.438596490833333,474.9999990975
"2097","Denmark",5,"STRPNE_14",2018,2.0788954237,0.394477310710059,526.9999990514
"2098","Denmark",5,"STRPNE_14",2019,1.0384615125,0.256410250512821,404.99999919
"2099","Denmark",5,"STRPNE_14",2020,0,0,205.9999996704
"2100","Denmark",5,"STRPNE_14",2021,0,0,190.9999997326
"2101","Denmark",5,"STRPNE_14",2022,0,0,328.9999992104
"2102","Denmark",5,"STRPNE_14",2023,1.0508474364,0.282485870451977,371.9999994048
"2103","Denmark",5,"STRPNE_14",2024,0,0,374.999999025
"2104","Denmark",5,"STRPNE_15",2010,0,0,500.9999989479
"2105","Denmark",5,"STRPNE_15",2011,0,0,502
"2106","Denmark",5,"STRPNE_15",2012,0,0,506
"2107","Denmark",5,"STRPNE_15",2013,0,0,441.9999992044
"2108","Denmark",5,"STRPNE_15",2014,0,0,448.9999990122
"2109","Denmark",5,"STRPNE_15",2015,2.1140529243,0.407331970855397,518.9999989101
"2110","Denmark",5,"STRPNE_15",2016,0,0,456.9999993145
"2111","Denmark",5,"STRPNE_15",2017,0,0,474.9999990975
"2112","Denmark",5,"STRPNE_15",2018,0,0,526.9999990514
"2113","Denmark",5,"STRPNE_15",2019,0,0,404.99999919
"2114","Denmark",5,"STRPNE_15",2020,0,0,205.9999996704
"2115","Denmark",5,"STRPNE_15",2021,0,0,190.9999997326
"2116","Denmark",5,"STRPNE_15",2022,0,0,328.9999992104
"2117","Denmark",5,"STRPNE_15",2023,0,0,371.9999994048
"2118","Denmark",5,"STRPNE_15",2024,0,0,374.999999025
"2119","Denmark",5,"STRPNE_15A",2010,1.9999999659,0.399201590838323,500.9999989479
"2120","Denmark",5,"STRPNE_15A",2011,8.032,1.6,502
"2121","Denmark",5,"STRPNE_15A",2012,13.156,2.6,506
"2122","Denmark",5,"STRPNE_15A",2013,20.1826483768,4.56621004821918,441.9999992044
"2123","Denmark",5,"STRPNE_15A",2014,21.9999999872,4.89977729077951,448.9999990122
"2124","Denmark",5,"STRPNE_15A",2015,22.1975559906,4.27698574898167,518.9999989101
"2125","Denmark",5,"STRPNE_15A",2016,15.4740406107,3.38600451507901,456.9999993145
"2126","Denmark",5,"STRPNE_15A",2017,9.3749999975,1.97368421375,474.9999990975
"2127","Denmark",5,"STRPNE_15A",2018,17.6706113913,3.3530571960355,526.9999990514
"2128","Denmark",5,"STRPNE_15A",2019,13.4999999865,3.33333333666667,404.99999919
"2129","Denmark",5,"STRPNE_15A",2020,7.2462311358,3.51758793562814,205.9999996704
"2130","Denmark",5,"STRPNE_15A",2021,6.4382022341,3.3707865147191,190.9999997326
"2131","Denmark",5,"STRPNE_15A",2022,13.9315960672,4.23452769016287,328.9999992104
"2132","Denmark",5,"STRPNE_15A",2023,15.7627118436,4.23728813677966,371.9999994048
"2133","Denmark",5,"STRPNE_15A",2024,12.8205127875,3.41880341888889,374.999999025
"2134","Denmark",5,"STRPNE_15B",2010,3.9999999819,0.798403191676647,500.9999989479
"2135","Denmark",5,"STRPNE_15B",2011,3.012,0.6,502
"2136","Denmark",5,"STRPNE_15B",2012,3.036,0.6,506
"2137","Denmark",5,"STRPNE_15B",2013,5.0456620942,1.14155251205479,441.9999992044
"2138","Denmark",5,"STRPNE_15B",2014,1.9999999621,0.445434290979955,448.9999990122
"2139","Denmark",5,"STRPNE_15B",2015,6.3421588248,1.22199592256619,518.9999989101
"2140","Denmark",5,"STRPNE_15B",2016,5.1580135369,1.128668171693,456.9999993145
"2141","Denmark",5,"STRPNE_15B",2017,8.33333331,1.75438596333333,474.9999990975
"2142","Denmark",5,"STRPNE_15B",2018,7.2761341147,1.38067061248521,526.9999990514
"2143","Denmark",5,"STRPNE_15B",2019,5.192307684,1.2820512825641,404.99999919
"2144","Denmark",5,"STRPNE_15B",2020,5.1758793886,2.5125628140201,205.9999996704
"2145","Denmark",5,"STRPNE_15B",2021,3.2191011075,1.68539325235955,190.9999997326
"2146","Denmark",5,"STRPNE_15B",2022,4.2866449311,1.30293159312704,328.9999992104
"2147","Denmark",5,"STRPNE_15B",2023,6.30508473,1.69491525271186,371.9999994048
"2148","Denmark",5,"STRPNE_15B",2024,1.06837605,0.284900280740741,374.999999025
"2149","Denmark",5,"STRPNE_15B/C",2012,0,0,506
"2150","Denmark",5,"STRPNE_15B/C",2013,0,0,441.9999992044
"2151","Denmark",5,"STRPNE_15B/C",2014,0,0,448.9999990122
"2152","Denmark",5,"STRPNE_15B/C",2015,0,0,518.9999989101
"2153","Denmark",5,"STRPNE_15B/C",2016,0,0,456.9999993145
"2154","Denmark",5,"STRPNE_15B/C",2017,0,0,474.9999990975
"2155","Denmark",5,"STRPNE_15B/C",2018,0,0,526.9999990514
"2156","Denmark",5,"STRPNE_15B/C",2019,0,0,404.99999919
"2157","Denmark",5,"STRPNE_15B/C",2020,0,0,205.9999996704
"2158","Denmark",5,"STRPNE_15B/C",2021,0,0,190.9999997326
"2159","Denmark",5,"STRPNE_15B/C",2022,0,0,328.9999992104
"2160","Denmark",5,"STRPNE_15B/C",2023,0,0,371.9999994048
"2161","Denmark",5,"STRPNE_15B/C",2024,0,0,374.999999025
"2162","Denmark",5,"STRPNE_15C",2010,6.9999999558,1.39720558293413,500.9999989479
"2163","Denmark",5,"STRPNE_15C",2011,3.012,0.6,502
"2164","Denmark",5,"STRPNE_15C",2012,4.048,0.8,506
"2165","Denmark",5,"STRPNE_15C",2013,5.0456620942,1.14155251205479,441.9999992044
"2166","Denmark",5,"STRPNE_15C",2014,1.9999999621,0.445434290979955,448.9999990122
"2167","Denmark",5,"STRPNE_15C",2015,3.1710794124,0.610997961283096,518.9999989101
"2168","Denmark",5,"STRPNE_15C",2016,9.284424339,2.0316027030474,456.9999993145
"2169","Denmark",5,"STRPNE_15C",2017,2.0833333275,0.438596490833333,474.9999990975
"2170","Denmark",5,"STRPNE_15C",2018,2.0788954237,0.394477310710059,526.9999990514
"2171","Denmark",5,"STRPNE_15C",2019,6.2307691965,1.53846153307692,404.99999919
"2172","Denmark",5,"STRPNE_15C",2020,1.0351758736,0.50251256080402,205.9999996704
"2173","Denmark",5,"STRPNE_15C",2021,1.0730337025,0.561797750786517,190.9999997326
"2174","Denmark",5,"STRPNE_15C",2022,3.2149836901,0.977198692345277,328.9999992104
"2175","Denmark",5,"STRPNE_15C",2023,6.30508473,1.69491525271186,371.9999994048
"2176","Denmark",5,"STRPNE_15C",2024,4.2735042375,1.13960113296296,374.999999025
"2177","Denmark",5,"STRPNE_15F",2010,0,0,500.9999989479
"2178","Denmark",5,"STRPNE_15F",2011,0,0,502
"2179","Denmark",5,"STRPNE_15F",2012,1.012,0.2,506
"2180","Denmark",5,"STRPNE_15F",2013,0,0,441.9999992044
"2181","Denmark",5,"STRPNE_15F",2014,0,0,448.9999990122
"2182","Denmark",5,"STRPNE_15F",2015,0,0,518.9999989101
"2183","Denmark",5,"STRPNE_15F",2016,0,0,456.9999993145
"2184","Denmark",5,"STRPNE_15F",2017,0,0,474.9999990975
"2185","Denmark",5,"STRPNE_15F",2018,0,0,526.9999990514
"2186","Denmark",5,"STRPNE_15F",2021,0,0,190.9999997326
"2187","Denmark",5,"STRPNE_15F",2022,0,0,328.9999992104
"2188","Denmark",5,"STRPNE_15F",2023,0,0,371.9999994048
"2189","Denmark",5,"STRPNE_15F",2024,0,0,374.999999025
"2190","Denmark",5,"STRPNE_16",2010,0,0,500.9999989479
"2191","Denmark",5,"STRPNE_16",2011,0,0,502
"2192","Denmark",5,"STRPNE_16",2012,0,0,506
"2193","Denmark",5,"STRPNE_16",2013,0,0,441.9999992044
"2194","Denmark",5,"STRPNE_16",2014,0,0,448.9999990122
"2195","Denmark",5,"STRPNE_16",2016,0,0,456.9999993145
"2196","Denmark",5,"STRPNE_16",2017,0,0,474.9999990975
"2197","Denmark",5,"STRPNE_16",2018,0,0,526.9999990514
"2198","Denmark",5,"STRPNE_16",2019,0,0,404.99999919
"2199","Denmark",5,"STRPNE_16",2022,0,0,328.9999992104
"2200","Denmark",5,"STRPNE_16",2023,0,0,371.9999994048
"2201","Denmark",5,"STRPNE_16",2024,0,0,374.999999025
"2202","Denmark",5,"STRPNE_16A",2013,0,0,441.9999992044
"2203","Denmark",5,"STRPNE_16A",2014,0,0,448.9999990122
"2204","Denmark",5,"STRPNE_16A",2015,0,0,518.9999989101
"2205","Denmark",5,"STRPNE_16A",2017,0,0,474.9999990975
"2206","Denmark",5,"STRPNE_16A",2018,0,0,526.9999990514
"2207","Denmark",5,"STRPNE_16A",2019,0,0,404.99999919
"2208","Denmark",5,"STRPNE_16A",2021,0,0,190.9999997326
"2209","Denmark",5,"STRPNE_16A",2022,1.0716612081,0.325732890781759,328.9999992104
"2210","Denmark",5,"STRPNE_16A",2023,1.0508474364,0.282485870451977,371.9999994048
"2211","Denmark",5,"STRPNE_16A",2024,0,0,374.999999025
"2212","Denmark",5,"STRPNE_16F",2010,5.9999999979,1.19760479251497,500.9999989479
"2213","Denmark",5,"STRPNE_16F",2011,4.016,0.8,502
"2214","Denmark",5,"STRPNE_16F",2012,7.084,1.4,506
"2215","Denmark",5,"STRPNE_16F",2013,5.0456620942,1.14155251205479,441.9999992044
"2216","Denmark",5,"STRPNE_16F",2014,7.9999999831,1.78173719391982,448.9999990122
"2217","Denmark",5,"STRPNE_16F",2015,10.5702647253,2.03665987427699,518.9999989101
"2218","Denmark",5,"STRPNE_16F",2016,9.284424339,2.0316027030474,456.9999993145
"2219","Denmark",5,"STRPNE_16F",2017,16.66666662,3.50877192666667,474.9999990975
"2220","Denmark",5,"STRPNE_16F",2018,17.6706113913,3.3530571960355,526.9999990514
"2221","Denmark",5,"STRPNE_16F",2019,14.538461499,3.58974358717949,404.99999919
"2222","Denmark",5,"STRPNE_16F",2020,2.0703517472,1.00502512160804,205.9999996704
"2223","Denmark",5,"STRPNE_16F",2021,9.6573033607,5.05617977707865,190.9999997326
"2224","Denmark",5,"STRPNE_16F",2022,10.7166123771,3.25732899781759,328.9999992104
"2225","Denmark",5,"STRPNE_16F",2023,6.30508473,1.69491525271186,371.9999994048
"2226","Denmark",5,"STRPNE_16F",2024,4.2735042375,1.13960113296296,374.999999025
"2227","Denmark",5,"STRPNE_17",2010,0,0,500.9999989479
"2228","Denmark",5,"STRPNE_17",2011,0,0,502
"2229","Denmark",5,"STRPNE_17",2012,0,0,506
"2230","Denmark",5,"STRPNE_17",2013,0,0,441.9999992044
"2231","Denmark",5,"STRPNE_17",2014,0,0,448.9999990122
"2232","Denmark",5,"STRPNE_17",2017,0,0,474.9999990975
"2233","Denmark",5,"STRPNE_17",2022,0,0,328.9999992104
"2234","Denmark",5,"STRPNE_17A",2010,0,0,500.9999989479
"2235","Denmark",5,"STRPNE_17A",2011,1.004,0.2,502
"2236","Denmark",5,"STRPNE_17A",2012,0,0,506
"2237","Denmark",5,"STRPNE_17A",2013,0,0,441.9999992044
"2238","Denmark",5,"STRPNE_17A",2014,0,0,448.9999990122
"2239","Denmark",5,"STRPNE_17A",2015,1.0570264362,0.203665980427699,518.9999989101
"2240","Denmark",5,"STRPNE_17A",2016,1.0316026891,0.2257336303386,456.9999993145
"2241","Denmark",5,"STRPNE_17A",2017,1.04166664,0.219298240416667,474.9999990975
"2242","Denmark",5,"STRPNE_17A",2018,3.1183431619,0.591715971065089,526.9999990514
"2243","Denmark",5,"STRPNE_17A",2019,3.115384578,0.769230761538462,404.99999919
"2244","Denmark",5,"STRPNE_17A",2020,0,0,205.9999996704
"2245","Denmark",5,"STRPNE_17A",2021,1.0730337025,0.561797750786517,190.9999997326
"2246","Denmark",5,"STRPNE_17A",2022,0,0,328.9999992104
"2247","Denmark",5,"STRPNE_17A",2023,2.10169491,0.564971750903955,371.9999994048
"2248","Denmark",5,"STRPNE_17A",2024,1.06837605,0.284900280740741,374.999999025
"2249","Denmark",5,"STRPNE_17A/35B/C",2023,0,0,371.9999994048
"2250","Denmark",5,"STRPNE_17F",2010,0,0,500.9999989479
"2251","Denmark",5,"STRPNE_17F",2011,4.016,0.8,502
"2252","Denmark",5,"STRPNE_17F",2012,0,0,506
"2253","Denmark",5,"STRPNE_17F",2013,2.01826482,0.456621000821918,441.9999992044
"2254","Denmark",5,"STRPNE_17F",2014,0.9999999586,0.222717140489978,448.9999990122
"2255","Denmark",5,"STRPNE_17F",2015,1.0570264362,0.203665980427699,518.9999989101
"2256","Denmark",5,"STRPNE_17F",2016,7.2212189608,1.5801354423702,456.9999993145
"2257","Denmark",5,"STRPNE_17F",2017,6.2499999825,1.3157894725,474.9999990975
"2258","Denmark",5,"STRPNE_17F",2018,8.3155818529,1.57790927284024,526.9999990514
"2259","Denmark",5,"STRPNE_17F",2019,5.192307684,1.2820512825641,404.99999919
"2260","Denmark",5,"STRPNE_17F",2020,5.1758793886,2.5125628140201,205.9999996704
"2261","Denmark",5,"STRPNE_17F",2021,5.3651685316,2.80898876393258,190.9999997326
"2262","Denmark",5,"STRPNE_17F",2022,3.2149836901,0.977198692345277,328.9999992104
"2263","Denmark",5,"STRPNE_17F",2023,2.10169491,0.564971750903955,371.9999994048
"2264","Denmark",5,"STRPNE_17F",2024,6.410256375,1.70940170444444,374.999999025
"2265","Denmark",5,"STRPNE_18",2010,0,0,500.9999989479
"2266","Denmark",5,"STRPNE_18",2011,0,0,502
"2267","Denmark",5,"STRPNE_18",2012,0,0,506
"2268","Denmark",5,"STRPNE_18",2013,0,0,441.9999992044
"2269","Denmark",5,"STRPNE_18",2014,0,0,448.9999990122
"2270","Denmark",5,"STRPNE_18",2019,0,0,404.99999919
"2271","Denmark",5,"STRPNE_18",2021,0,0,190.9999997326
"2272","Denmark",5,"STRPNE_18",2022,0,0,328.9999992104
"2273","Denmark",5,"STRPNE_18",2023,0,0,371.9999994048
"2274","Denmark",5,"STRPNE_18",2024,0,0,374.999999025
"2275","Denmark",5,"STRPNE_18A",2010,0,0,500.9999989479
"2276","Denmark",5,"STRPNE_18A",2011,0,0,502
"2277","Denmark",5,"STRPNE_18A",2012,0,0,506
"2278","Denmark",5,"STRPNE_18A",2013,0,0,441.9999992044
"2279","Denmark",5,"STRPNE_18A",2014,0,0,448.9999990122
"2280","Denmark",5,"STRPNE_18A",2015,1.0570264362,0.203665980427699,518.9999989101
"2281","Denmark",5,"STRPNE_18A",2016,0,0,456.9999993145
"2282","Denmark",5,"STRPNE_18A",2017,1.04166664,0.219298240416667,474.9999990975
"2283","Denmark",5,"STRPNE_18A",2018,0,0,526.9999990514
"2284","Denmark",5,"STRPNE_18A",2019,0,0,404.99999919
"2285","Denmark",5,"STRPNE_18A",2020,0,0,205.9999996704
"2286","Denmark",5,"STRPNE_18A",2021,0,0,190.9999997326
"2287","Denmark",5,"STRPNE_18A",2022,0,0,328.9999992104
"2288","Denmark",5,"STRPNE_18A",2023,0,0,371.9999994048
"2289","Denmark",5,"STRPNE_18A",2024,0,0,374.999999025
"2290","Denmark",5,"STRPNE_18B",2010,0.9999999579,0.199600790419162,500.9999989479
"2291","Denmark",5,"STRPNE_18B",2011,1.004,0.2,502
"2292","Denmark",5,"STRPNE_18B",2012,0,0,506
"2293","Denmark",5,"STRPNE_18B",2013,0,0,441.9999992044
"2294","Denmark",5,"STRPNE_18B",2014,0,0,448.9999990122
"2295","Denmark",5,"STRPNE_18B",2017,0,0,474.9999990975
"2296","Denmark",5,"STRPNE_18B",2018,0,0,526.9999990514
"2297","Denmark",5,"STRPNE_18B",2019,0,0,404.99999919
"2298","Denmark",5,"STRPNE_18B",2020,0,0,205.9999996704
"2299","Denmark",5,"STRPNE_18B",2022,0,0,328.9999992104
"2300","Denmark",5,"STRPNE_18B",2024,0,0,374.999999025
"2301","Denmark",5,"STRPNE_18C",2010,8.9999999718,1.79640718377246,500.9999989479
"2302","Denmark",5,"STRPNE_18C",2011,4.016,0.8,502
"2303","Denmark",5,"STRPNE_18C",2012,2.024,0.4,506
"2304","Denmark",5,"STRPNE_18C",2013,1.00913241,0.228310500410959,441.9999992044
"2305","Denmark",5,"STRPNE_18C",2014,0,0,448.9999990122
"2306","Denmark",5,"STRPNE_18C",2015,0,0,518.9999989101
"2307","Denmark",5,"STRPNE_18C",2016,0,0,456.9999993145
"2308","Denmark",5,"STRPNE_18C",2017,2.0833333275,0.438596490833333,474.9999990975
"2309","Denmark",5,"STRPNE_18C",2018,0,0,526.9999990514
"2310","Denmark",5,"STRPNE_18C",2019,1.0384615125,0.256410250512821,404.99999919
"2311","Denmark",5,"STRPNE_18C",2020,0,0,205.9999996704
"2312","Denmark",5,"STRPNE_18C",2021,0,0,190.9999997326
"2313","Denmark",5,"STRPNE_18C",2022,0,0,328.9999992104
"2314","Denmark",5,"STRPNE_18C",2023,0,0,371.9999994048
"2315","Denmark",5,"STRPNE_18C",2024,0,0,374.999999025
"2316","Denmark",5,"STRPNE_18F",2010,0,0,500.9999989479
"2317","Denmark",5,"STRPNE_18F",2011,0,0,502
"2318","Denmark",5,"STRPNE_18F",2013,0,0,441.9999992044
"2319","Denmark",5,"STRPNE_18F",2015,0,0,518.9999989101
"2320","Denmark",5,"STRPNE_18F",2016,0,0,456.9999993145
"2321","Denmark",5,"STRPNE_18F",2023,0,0,371.9999994048
"2322","Denmark",5,"STRPNE_18F",2024,0,0,374.999999025
"2323","Denmark",5,"STRPNE_19",2010,0,0,500.9999989479
"2324","Denmark",5,"STRPNE_19",2011,0,0,502
"2325","Denmark",5,"STRPNE_19",2012,0,0,506
"2326","Denmark",5,"STRPNE_19",2013,0,0,441.9999992044
"2327","Denmark",5,"STRPNE_19",2014,0,0,448.9999990122
"2328","Denmark",5,"STRPNE_19",2016,0,0,456.9999993145
"2329","Denmark",5,"STRPNE_19",2017,0,0,474.9999990975
"2330","Denmark",5,"STRPNE_19",2018,0,0,526.9999990514
"2331","Denmark",5,"STRPNE_19",2019,0,0,404.99999919
"2332","Denmark",5,"STRPNE_19",2020,0,0,205.9999996704
"2333","Denmark",5,"STRPNE_19",2021,0,0,190.9999997326
"2334","Denmark",5,"STRPNE_19",2022,0,0,328.9999992104
"2335","Denmark",5,"STRPNE_19",2023,0,0,371.9999994048
"2336","Denmark",5,"STRPNE_19",2024,0,0,374.999999025
"2337","Denmark",5,"STRPNE_19A",2010,46.9999999752,9.3812375397006,500.9999989479
"2338","Denmark",5,"STRPNE_19A",2011,42.168,8.4,502
"2339","Denmark",5,"STRPNE_19A",2012,22.264,4.4,506
"2340","Denmark",5,"STRPNE_19A",2013,20.1826483768,4.56621004821918,441.9999992044
"2341","Denmark",5,"STRPNE_19A",2014,13.9999999592,3.11804008685969,448.9999990122
"2342","Denmark",5,"STRPNE_19A",2015,10.5702647253,2.03665987427699,518.9999989101
"2343","Denmark",5,"STRPNE_19A",2016,13.4108351868,2.93453724440181,456.9999993145
"2344","Denmark",5,"STRPNE_19A",2017,3.1249999675,0.65789473125,474.9999990975
"2345","Denmark",5,"STRPNE_19A",2018,5.1972386383,0.986193291775148,526.9999990514
"2346","Denmark",5,"STRPNE_19A",2019,6.2307691965,1.53846153307692,404.99999919
"2347","Denmark",5,"STRPNE_19A",2020,7.2462311358,3.51758793562814,205.9999996704
"2348","Denmark",5,"STRPNE_19A",2021,4.2921348291,2.24719101314607,190.9999997326
"2349","Denmark",5,"STRPNE_19A",2022,8.5732898951,2.60586319625407,328.9999992104
"2350","Denmark",5,"STRPNE_19A",2023,11.5593220236,3.10734463497175,371.9999994048
"2351","Denmark",5,"STRPNE_19A",2024,9.6153846,2.56410256666667,374.999999025
"2352","Denmark",5,"STRPNE_19B",2014,0,0,448.9999990122
"2353","Denmark",5,"STRPNE_19B",2016,0,0,456.9999993145
"2354","Denmark",5,"STRPNE_19B",2018,0,0,526.9999990514
"2355","Denmark",5,"STRPNE_19B",2021,0,0,190.9999997326
"2356","Denmark",5,"STRPNE_19B",2022,0,0,328.9999992104
"2357","Denmark",5,"STRPNE_19B",2023,0,0,371.9999994048
"2358","Denmark",5,"STRPNE_19C",2011,0,0,502
"2359","Denmark",5,"STRPNE_19C",2012,0,0,506
"2360","Denmark",5,"STRPNE_19C",2013,0,0,441.9999992044
"2361","Denmark",5,"STRPNE_19C",2014,0,0,448.9999990122
"2362","Denmark",5,"STRPNE_19C",2017,0,0,474.9999990975
"2363","Denmark",5,"STRPNE_19C",2020,0,0,205.9999996704
"2364","Denmark",5,"STRPNE_19C",2024,0,0,374.999999025
"2365","Denmark",5,"STRPNE_19F",2010,11.9999999958,2.39520958502994,500.9999989479
"2366","Denmark",5,"STRPNE_19F",2011,9.036,1.8,502
"2367","Denmark",5,"STRPNE_19F",2012,6.072,1.2,506
"2368","Denmark",5,"STRPNE_19F",2013,6.0547945042,1.36986301246575,441.9999992044
"2369","Denmark",5,"STRPNE_19F",2014,5.9999999761,1.33630289293987,448.9999990122
"2370","Denmark",5,"STRPNE_19F",2015,11.6272912134,2.24032586470468,518.9999989101
"2371","Denmark",5,"STRPNE_19F",2016,5.1580135369,1.128668171693,456.9999993145
"2372","Denmark",5,"STRPNE_19F",2017,9.3749999975,1.97368421375,474.9999990975
"2373","Denmark",5,"STRPNE_19F",2018,5.1972386383,0.986193291775148,526.9999990514
"2374","Denmark",5,"STRPNE_19F",2019,6.2307691965,1.53846153307692,404.99999919
"2375","Denmark",5,"STRPNE_19F",2020,2.0703517472,1.00502512160804,205.9999996704
"2376","Denmark",5,"STRPNE_19F",2021,3.2191011075,1.68539325235955,190.9999997326
"2377","Denmark",5,"STRPNE_19F",2022,7.5016286541,2.28013029547231,328.9999992104
"2378","Denmark",5,"STRPNE_19F",2023,3.1525423464,0.847457621355932,371.9999994048
"2379","Denmark",5,"STRPNE_19F",2024,8.5470085125,2.27920227592593,374.999999025
"2380","Denmark",5,"STRPNE_2",2011,1.004,0.2,502
"2381","Denmark",5,"STRPNE_2",2012,0,0,506
"2382","Denmark",5,"STRPNE_2",2013,0,0,441.9999992044
"2383","Denmark",5,"STRPNE_2",2015,0,0,518.9999989101
"2384","Denmark",5,"STRPNE_2",2016,0,0,456.9999993145
"2385","Denmark",5,"STRPNE_2",2019,0,0,404.99999919
"2386","Denmark",5,"STRPNE_2",2022,0,0,328.9999992104
"2387","Denmark",5,"STRPNE_2",2024,0,0,374.999999025
"2388","Denmark",5,"STRPNE_20",2010,6.9999999558,1.39720558293413,500.9999989479
"2389","Denmark",5,"STRPNE_20",2011,5.02,1,502
"2390","Denmark",5,"STRPNE_20",2012,5.06,1,506
"2391","Denmark",5,"STRPNE_20",2013,8.0730593242,1.82648401328767,441.9999992044
"2392","Denmark",5,"STRPNE_20",2014,8.9999999866,2.0044543444098,448.9999990122
"2393","Denmark",5,"STRPNE_20",2015,8.456211801,1.62932790342159,518.9999989101
"2394","Denmark",5,"STRPNE_20",2016,16.5056432998,3.61173814541761,456.9999993145
"2395","Denmark",5,"STRPNE_20",2017,16.66666662,3.50877192666667,474.9999990975
"2396","Denmark",5,"STRPNE_20",2018,16.6311637058,3.15581854568047,526.9999990514
"2397","Denmark",5,"STRPNE_20",2019,9.346153815,2.30769230461538,404.99999919
"2398","Denmark",5,"STRPNE_20",2020,6.2110552622,3.01507537482412,205.9999996704
"2399","Denmark",5,"STRPNE_20",2021,0,0,190.9999997326
"2400","Denmark",5,"STRPNE_20",2022,3.2149836901,0.977198692345277,328.9999992104
"2401","Denmark",5,"STRPNE_20",2023,2.10169491,0.564971750903955,371.9999994048
"2402","Denmark",5,"STRPNE_20",2024,1.06837605,0.284900280740741,374.999999025
"2403","Denmark",5,"STRPNE_21",2010,0,0,500.9999989479
"2404","Denmark",5,"STRPNE_21",2011,0,0,502
"2405","Denmark",5,"STRPNE_21",2012,0,0,506
"2406","Denmark",5,"STRPNE_21",2013,0,0,441.9999992044
"2407","Denmark",5,"STRPNE_21",2014,0.9999999586,0.222717140489978,448.9999990122
"2408","Denmark",5,"STRPNE_21",2015,2.1140529243,0.407331970855397,518.9999989101
"2409","Denmark",5,"STRPNE_21",2016,0,0,456.9999993145
"2410","Denmark",5,"STRPNE_21",2017,0,0,474.9999990975
"2411","Denmark",5,"STRPNE_21",2018,0,0,526.9999990514
"2412","Denmark",5,"STRPNE_21",2019,1.0384615125,0.256410250512821,404.99999919
"2413","Denmark",5,"STRPNE_21",2020,0,0,205.9999996704
"2414","Denmark",5,"STRPNE_21",2021,0,0,190.9999997326
"2415","Denmark",5,"STRPNE_21",2022,1.0716612081,0.325732890781759,328.9999992104
"2416","Denmark",5,"STRPNE_21",2023,1.0508474364,0.282485870451977,371.9999994048
"2417","Denmark",5,"STRPNE_21",2024,0,0,374.999999025
"2418","Denmark",5,"STRPNE_22",2010,0,0,500.9999989479
"2419","Denmark",5,"STRPNE_22",2011,0,0,502
"2420","Denmark",5,"STRPNE_22",2012,0,0,506
"2421","Denmark",5,"STRPNE_22",2013,1.00913241,0.228310500410959,441.9999992044
"2422","Denmark",5,"STRPNE_22",2014,0.9999999586,0.222717140489978,448.9999990122
"2423","Denmark",5,"STRPNE_22",2015,0,0,518.9999989101
"2424","Denmark",5,"STRPNE_22",2016,0,0,456.9999993145
"2425","Denmark",5,"STRPNE_22",2017,0,0,474.9999990975
"2426","Denmark",5,"STRPNE_22",2018,0,0,526.9999990514
"2427","Denmark",5,"STRPNE_22",2019,0,0,404.99999919
"2428","Denmark",5,"STRPNE_22",2022,0,0,328.9999992104
"2429","Denmark",5,"STRPNE_22",2023,0,0,371.9999994048
"2430","Denmark",5,"STRPNE_22A",2011,0,0,502
"2431","Denmark",5,"STRPNE_22A",2012,0,0,506
"2432","Denmark",5,"STRPNE_22A",2013,0,0,441.9999992044
"2433","Denmark",5,"STRPNE_22A",2014,0,0,448.9999990122
"2434","Denmark",5,"STRPNE_22A",2015,0,0,518.9999989101
"2435","Denmark",5,"STRPNE_22A",2016,0,0,456.9999993145
"2436","Denmark",5,"STRPNE_22A",2017,0,0,474.9999990975
"2437","Denmark",5,"STRPNE_22A",2018,0,0,526.9999990514
"2438","Denmark",5,"STRPNE_22A",2019,0,0,404.99999919
"2439","Denmark",5,"STRPNE_22A",2020,0,0,205.9999996704
"2440","Denmark",5,"STRPNE_22A",2022,0,0,328.9999992104
"2441","Denmark",5,"STRPNE_22A",2023,0,0,371.9999994048
"2442","Denmark",5,"STRPNE_22A",2024,0,0,374.999999025
"2443","Denmark",5,"STRPNE_22F",2010,36.9999999954,7.38522955550898,500.9999989479
"2444","Denmark",5,"STRPNE_22F",2011,31.124,6.2,502
"2445","Denmark",5,"STRPNE_22F",2012,47.564,9.4,506
"2446","Denmark",5,"STRPNE_22F",2013,38.3470319336,8.67579909561644,441.9999992044
"2447","Denmark",5,"STRPNE_22F",2014,31.9999999773,7.12694878567929,448.9999990122
"2448","Denmark",5,"STRPNE_22F",2015,47.5661914455,9.16496946924644,518.9999989101
"2449","Denmark",5,"STRPNE_22F",2016,36.106094804,7.90067721185102,456.9999993145
"2450","Denmark",5,"STRPNE_22F",2017,46.8749999875,9.86842106875,474.9999990975
"2451","Denmark",5,"STRPNE_22F",2018,51.9723865411,9.86193294775148,526.9999990514
"2452","Denmark",5,"STRPNE_22F",2019,37.3846153815,9.23076924846154,404.99999919
"2453","Denmark",5,"STRPNE_22F",2020,16.56281406,8.04020101286432,205.9999996704
"2454","Denmark",5,"STRPNE_22F",2021,9.6573033607,5.05617977707865,190.9999997326
"2455","Denmark",5,"STRPNE_22F",2022,26.7915309263,8.14332248954397,328.9999992104
"2456","Denmark",5,"STRPNE_22F",2023,43.084745748,11.5819209185311,371.9999994048
"2457","Denmark",5,"STRPNE_22F",2024,51.2820512625,13.6752137055556,374.999999025
"2458","Denmark",5,"STRPNE_23",2010,0,0,500.9999989479
"2459","Denmark",5,"STRPNE_23",2011,0,0,502
"2460","Denmark",5,"STRPNE_23",2012,0,0,506
"2461","Denmark",5,"STRPNE_23",2013,1.00913241,0.228310500410959,441.9999992044
"2462","Denmark",5,"STRPNE_23",2014,0,0,448.9999990122
"2463","Denmark",5,"STRPNE_23",2015,0,0,518.9999989101
"2464","Denmark",5,"STRPNE_23",2016,0,0,456.9999993145
"2465","Denmark",5,"STRPNE_23",2017,0,0,474.9999990975
"2466","Denmark",5,"STRPNE_23",2018,0,0,526.9999990514
"2467","Denmark",5,"STRPNE_23",2019,0,0,404.99999919
"2468","Denmark",5,"STRPNE_23",2020,0,0,205.9999996704
"2469","Denmark",5,"STRPNE_23",2021,0,0,190.9999997326
"2470","Denmark",5,"STRPNE_23",2022,0,0,328.9999992104
"2471","Denmark",5,"STRPNE_23",2024,0,0,374.999999025
"2472","Denmark",5,"STRPNE_23A",2010,10.9999999878,2.19560878461078,500.9999989479
"2473","Denmark",5,"STRPNE_23A",2011,9.036,1.8,502
"2474","Denmark",5,"STRPNE_23A",2012,4.048,0.8,506
"2475","Denmark",5,"STRPNE_23A",2013,11.1004565984,2.51141552452055,441.9999992044
"2476","Denmark",5,"STRPNE_23A",2014,8.9999999866,2.0044543444098,448.9999990122
"2477","Denmark",5,"STRPNE_23A",2015,3.1710794124,0.610997961283096,518.9999989101
"2478","Denmark",5,"STRPNE_23A",2016,10.3160270738,2.257336343386,456.9999993145
"2479","Denmark",5,"STRPNE_23A",2017,14.5833332925,3.07017543583333,474.9999990975
"2480","Denmark",5,"STRPNE_23A",2018,10.3944772766,1.9723865835503,526.9999990514
"2481","Denmark",5,"STRPNE_23A",2019,10.384615368,2.56410256512821,404.99999919
"2482","Denmark",5,"STRPNE_23A",2020,6.2110552622,3.01507537482412,205.9999996704
"2483","Denmark",5,"STRPNE_23A",2021,3.2191011075,1.68539325235955,190.9999997326
"2484","Denmark",5,"STRPNE_23A",2022,7.5016286541,2.28013029547231,328.9999992104
"2485","Denmark",5,"STRPNE_23A",2023,12.61016946,3.38983050542373,371.9999994048
"2486","Denmark",5,"STRPNE_23A",2024,11.7521367375,3.13390313814815,374.999999025
"2487","Denmark",5,"STRPNE_23B",2010,3.9999999819,0.798403191676647,500.9999989479
"2488","Denmark",5,"STRPNE_23B",2011,8.032,1.6,502
"2489","Denmark",5,"STRPNE_23B",2012,9.108,1.8,506
"2490","Denmark",5,"STRPNE_23B",2013,7.0639269142,1.59817351287671,441.9999992044
"2491","Denmark",5,"STRPNE_23B",2014,4.9999999726,1.11358574244989,448.9999990122
"2492","Denmark",5,"STRPNE_23B",2015,9.5132382891,1.83299389384929,518.9999989101
"2493","Denmark",5,"STRPNE_23B",2016,11.3476297629,2.4830699737246,456.9999993145
"2494","Denmark",5,"STRPNE_23B",2017,10.4166666375,2.19298245416667,474.9999990975
"2495","Denmark",5,"STRPNE_23B",2018,9.3550295384,1.77514792319527,526.9999990514
"2496","Denmark",5,"STRPNE_23B",2019,8.3076923025,2.05128205410256,404.99999919
"2497","Denmark",5,"STRPNE_23B",2020,6.2110552622,3.01507537482412,205.9999996704
"2498","Denmark",5,"STRPNE_23B",2021,13.9494381898,7.30337079022472,190.9999997326
"2499","Denmark",5,"STRPNE_23B",2022,8.5732898951,2.60586319625407,328.9999992104
"2500","Denmark",5,"STRPNE_23B",2023,6.30508473,1.69491525271186,371.9999994048
"2501","Denmark",5,"STRPNE_23B",2024,6.410256375,1.70940170444444,374.999999025
"2502","Denmark",5,"STRPNE_23F",2010,5.9999999979,1.19760479251497,500.9999989479
"2503","Denmark",5,"STRPNE_23F",2011,4.016,0.8,502
"2504","Denmark",5,"STRPNE_23F",2012,2.024,0.4,506
"2505","Denmark",5,"STRPNE_23F",2013,2.01826482,0.456621000821918,441.9999992044
"2506","Denmark",5,"STRPNE_23F",2014,0.9999999586,0.222717140489978,448.9999990122
"2507","Denmark",5,"STRPNE_23F",2015,1.0570264362,0.203665980427699,518.9999989101
"2508","Denmark",5,"STRPNE_23F",2016,3.094808113,0.677200901015801,456.9999993145
"2509","Denmark",5,"STRPNE_23F",2017,0,0,474.9999990975
"2510","Denmark",5,"STRPNE_23F",2018,0,0,526.9999990514
"2511","Denmark",5,"STRPNE_23F",2019,0,0,404.99999919
"2512","Denmark",5,"STRPNE_23F",2020,0,0,205.9999996704
"2513","Denmark",5,"STRPNE_23F",2021,0,0,190.9999997326
"2514","Denmark",5,"STRPNE_23F",2022,1.0716612081,0.325732890781759,328.9999992104
"2515","Denmark",5,"STRPNE_23F",2023,0,0,371.9999994048
"2516","Denmark",5,"STRPNE_23F",2024,1.06837605,0.284900280740741,374.999999025
"2517","Denmark",5,"STRPNE_24",2010,0,0,500.9999989479
"2518","Denmark",5,"STRPNE_24",2011,0,0,502
"2519","Denmark",5,"STRPNE_24",2012,0,0,506
"2520","Denmark",5,"STRPNE_24",2013,0,0,441.9999992044
"2521","Denmark",5,"STRPNE_24",2014,0,0,448.9999990122
"2522","Denmark",5,"STRPNE_24",2019,0,0,404.99999919
"2523","Denmark",5,"STRPNE_24",2023,0,0,371.9999994048
"2524","Denmark",5,"STRPNE_24",2024,0,0,374.999999025
"2525","Denmark",5,"STRPNE_24A",2010,0.9999999579,0.199600790419162,500.9999989479
"2526","Denmark",5,"STRPNE_24A",2011,0,0,502
"2527","Denmark",5,"STRPNE_24A",2012,0,0,506
"2528","Denmark",5,"STRPNE_24A",2013,0,0,441.9999992044
"2529","Denmark",5,"STRPNE_24A",2014,0,0,448.9999990122
"2530","Denmark",5,"STRPNE_24A",2015,0,0,518.9999989101
"2531","Denmark",5,"STRPNE_24A",2016,0,0,456.9999993145
"2532","Denmark",5,"STRPNE_24A",2017,0,0,474.9999990975
"2533","Denmark",5,"STRPNE_24A",2018,0,0,526.9999990514
"2534","Denmark",5,"STRPNE_24A",2019,1.0384615125,0.256410250512821,404.99999919
"2535","Denmark",5,"STRPNE_24A",2020,0,0,205.9999996704
"2536","Denmark",5,"STRPNE_24A",2021,0,0,190.9999997326
"2537","Denmark",5,"STRPNE_24A",2022,0,0,328.9999992104
"2538","Denmark",5,"STRPNE_24A",2023,0,0,371.9999994048
"2539","Denmark",5,"STRPNE_24A",2024,2.1367521,0.569800561481481,374.999999025
"2540","Denmark",5,"STRPNE_24B",2011,0,0,502
"2541","Denmark",5,"STRPNE_24B",2012,0,0,506
"2542","Denmark",5,"STRPNE_24B",2016,0,0,456.9999993145
"2543","Denmark",5,"STRPNE_24B",2017,0,0,474.9999990975
"2544","Denmark",5,"STRPNE_24B",2018,0,0,526.9999990514
"2545","Denmark",5,"STRPNE_24B",2019,0,0,404.99999919
"2546","Denmark",5,"STRPNE_24B",2021,0,0,190.9999997326
"2547","Denmark",5,"STRPNE_24B",2022,0,0,328.9999992104
"2548","Denmark",5,"STRPNE_24B",2023,2.10169491,0.564971750903955,371.9999994048
"2549","Denmark",5,"STRPNE_24B",2024,0,0,374.999999025
"2550","Denmark",5,"STRPNE_24F",2010,6.9999999558,1.39720558293413,500.9999989479
"2551","Denmark",5,"STRPNE_24F",2011,6.024,1.2,502
"2552","Denmark",5,"STRPNE_24F",2012,20.24,4,506
"2553","Denmark",5,"STRPNE_24F",2013,8.0730593242,1.82648401328767,441.9999992044
"2554","Denmark",5,"STRPNE_24F",2014,26.9999999598,6.0133630332294,448.9999990122
"2555","Denmark",5,"STRPNE_24F",2015,21.1405295025,4.07331975855397,518.9999989101
"2556","Denmark",5,"STRPNE_24F",2016,15.4740406107,3.38600451507901,456.9999993145
"2557","Denmark",5,"STRPNE_24F",2017,9.3749999975,1.97368421375,474.9999990975
"2558","Denmark",5,"STRPNE_24F",2018,12.473372753,2.36686390426035,526.9999990514
"2559","Denmark",5,"STRPNE_24F",2019,8.3076923025,2.05128205410256,404.99999919
"2560","Denmark",5,"STRPNE_24F",2020,5.1758793886,2.5125628140201,205.9999996704
"2561","Denmark",5,"STRPNE_24F",2021,5.3651685316,2.80898876393258,190.9999997326
"2562","Denmark",5,"STRPNE_24F",2022,11.7882735852,3.58306188859935,328.9999992104
"2563","Denmark",5,"STRPNE_24F",2023,18.9152542272,5.08474576813559,371.9999994048
"2564","Denmark",5,"STRPNE_24F",2024,14.957264925,3.98860399037037,374.999999025
"2565","Denmark",5,"STRPNE_25",2010,0,0,500.9999989479
"2566","Denmark",5,"STRPNE_25",2024,0,0,374.999999025
"2567","Denmark",5,"STRPNE_25A",2010,0,0,500.9999989479
"2568","Denmark",5,"STRPNE_25A",2011,0,0,502
"2569","Denmark",5,"STRPNE_25A",2012,0,0,506
"2570","Denmark",5,"STRPNE_25A",2013,0,0,441.9999992044
"2571","Denmark",5,"STRPNE_25A",2014,0,0,448.9999990122
"2572","Denmark",5,"STRPNE_25A",2015,1.0570264362,0.203665980427699,518.9999989101
"2573","Denmark",5,"STRPNE_25A",2016,0,0,456.9999993145
"2574","Denmark",5,"STRPNE_25A",2017,1.04166664,0.219298240416667,474.9999990975
"2575","Denmark",5,"STRPNE_25A",2018,0,0,526.9999990514
"2576","Denmark",5,"STRPNE_25A",2019,0,0,404.99999919
"2577","Denmark",5,"STRPNE_25A",2022,0,0,328.9999992104
"2578","Denmark",5,"STRPNE_25A",2023,0,0,371.9999994048
"2579","Denmark",5,"STRPNE_25A",2024,0,0,374.999999025
"2580","Denmark",5,"STRPNE_25F",2010,0,0,500.9999989479
"2581","Denmark",5,"STRPNE_25F",2011,0,0,502
"2582","Denmark",5,"STRPNE_25F",2012,0,0,506
"2583","Denmark",5,"STRPNE_25F",2014,0,0,448.9999990122
"2584","Denmark",5,"STRPNE_25F",2015,0,0,518.9999989101
"2585","Denmark",5,"STRPNE_25F",2016,0,0,456.9999993145
"2586","Denmark",5,"STRPNE_25F",2017,0,0,474.9999990975
"2587","Denmark",5,"STRPNE_25F",2018,0,0,526.9999990514
"2588","Denmark",5,"STRPNE_25F",2019,0,0,404.99999919
"2589","Denmark",5,"STRPNE_25F",2020,0,0,205.9999996704
"2590","Denmark",5,"STRPNE_25F",2023,0,0,371.9999994048
"2591","Denmark",5,"STRPNE_25F",2024,0,0,374.999999025
"2592","Denmark",5,"STRPNE_27",2011,0,0,502
"2593","Denmark",5,"STRPNE_27",2012,0,0,506
"2594","Denmark",5,"STRPNE_27",2013,0,0,441.9999992044
"2595","Denmark",5,"STRPNE_27",2014,0,0,448.9999990122
"2596","Denmark",5,"STRPNE_27",2015,0,0,518.9999989101
"2597","Denmark",5,"STRPNE_27",2016,0,0,456.9999993145
"2598","Denmark",5,"STRPNE_27",2017,0,0,474.9999990975
"2599","Denmark",5,"STRPNE_27",2018,0,0,526.9999990514
"2600","Denmark",5,"STRPNE_27",2019,0,0,404.99999919
"2601","Denmark",5,"STRPNE_27",2020,0,0,205.9999996704
"2602","Denmark",5,"STRPNE_27",2021,0,0,190.9999997326
"2603","Denmark",5,"STRPNE_27",2022,0,0,328.9999992104
"2604","Denmark",5,"STRPNE_27",2023,0,0,371.9999994048
"2605","Denmark",5,"STRPNE_28",2014,0,0,448.9999990122
"2606","Denmark",5,"STRPNE_28",2015,0,0,518.9999989101
"2607","Denmark",5,"STRPNE_28",2022,0,0,328.9999992104
"2608","Denmark",5,"STRPNE_28A",2010,0,0,500.9999989479
"2609","Denmark",5,"STRPNE_28A",2011,0,0,502
"2610","Denmark",5,"STRPNE_28A",2012,0,0,506
"2611","Denmark",5,"STRPNE_28A",2013,0,0,441.9999992044
"2612","Denmark",5,"STRPNE_28A",2014,0,0,448.9999990122
"2613","Denmark",5,"STRPNE_28A",2015,0,0,518.9999989101
"2614","Denmark",5,"STRPNE_28A",2016,1.0316026891,0.2257336303386,456.9999993145
"2615","Denmark",5,"STRPNE_28A",2017,1.04166664,0.219298240416667,474.9999990975
"2616","Denmark",5,"STRPNE_28A",2018,0,0,526.9999990514
"2617","Denmark",5,"STRPNE_28A",2019,0,0,404.99999919
"2618","Denmark",5,"STRPNE_28A",2020,0,0,205.9999996704
"2619","Denmark",5,"STRPNE_28A",2021,0,0,190.9999997326
"2620","Denmark",5,"STRPNE_28A",2022,1.0716612081,0.325732890781759,328.9999992104
"2621","Denmark",5,"STRPNE_28A",2023,0,0,371.9999994048
"2622","Denmark",5,"STRPNE_28F",2010,0,0,500.9999989479
"2623","Denmark",5,"STRPNE_28F",2012,0,0,506
"2624","Denmark",5,"STRPNE_28F",2013,0,0,441.9999992044
"2625","Denmark",5,"STRPNE_28F",2014,0.9999999586,0.222717140489978,448.9999990122
"2626","Denmark",5,"STRPNE_28F",2017,0,0,474.9999990975
"2627","Denmark",5,"STRPNE_28F",2019,0,0,404.99999919
"2628","Denmark",5,"STRPNE_28F",2021,0,0,190.9999997326
"2629","Denmark",5,"STRPNE_28F",2024,2.1367521,0.569800561481481,374.999999025
"2630","Denmark",5,"STRPNE_29",2010,0,0,500.9999989479
"2631","Denmark",5,"STRPNE_29",2011,0,0,502
"2632","Denmark",5,"STRPNE_29",2012,0,0,506
"2633","Denmark",5,"STRPNE_29",2013,0,0,441.9999992044
"2634","Denmark",5,"STRPNE_29",2014,2.9999999656,0.668151441469933,448.9999990122
"2635","Denmark",5,"STRPNE_29",2015,0,0,518.9999989101
"2636","Denmark",5,"STRPNE_29",2016,0,0,456.9999993145
"2637","Denmark",5,"STRPNE_29",2017,0,0,474.9999990975
"2638","Denmark",5,"STRPNE_29",2018,0,0,526.9999990514
"2639","Denmark",5,"STRPNE_29",2019,0,0,404.99999919
"2640","Denmark",5,"STRPNE_29",2020,0,0,205.9999996704
"2641","Denmark",5,"STRPNE_29",2021,0,0,190.9999997326
"2642","Denmark",5,"STRPNE_29",2022,0,0,328.9999992104
"2643","Denmark",5,"STRPNE_29",2023,0,0,371.9999994048
"2644","Denmark",5,"STRPNE_29",2024,1.06837605,0.284900280740741,374.999999025
"2645","Denmark",5,"STRPNE_3",2010,42.9999999933,8.58283434802395,500.9999989479
"2646","Denmark",5,"STRPNE_3",2011,53.212,10.6,502
"2647","Denmark",5,"STRPNE_3",2012,45.54,9,506
"2648","Denmark",5,"STRPNE_3",2013,37.3378995236,8.44748859520548,441.9999992044
"2649","Denmark",5,"STRPNE_3",2014,36.9999999948,8.24053453812918,448.9999990122
"2650","Denmark",5,"STRPNE_3",2015,48.6232178817,9.36863544967413,518.9999989101
"2651","Denmark",5,"STRPNE_3",2016,47.4537245669,10.3837471855756,456.9999993145
"2652","Denmark",5,"STRPNE_3",2017,36.4583333025,7.67543860458333,474.9999990975
"2653","Denmark",5,"STRPNE_3",2018,50.9329388556,9.66469429739645,526.9999990514
"2654","Denmark",5,"STRPNE_3",2019,47.7692307495,11.7948718135897,404.99999919
"2655","Denmark",5,"STRPNE_3",2020,22.7738693428,11.0552763976884,205.9999996704
"2656","Denmark",5,"STRPNE_3",2021,24.6797752721,12.9213483280899,190.9999997326
"2657","Denmark",5,"STRPNE_3",2022,78.2312703298,23.7785016770684,328.9999992104
"2658","Denmark",5,"STRPNE_3",2023,88.271186406,23.7288135879661,371.9999994048
"2659","Denmark",5,"STRPNE_3",2024,67.307692275,17.9487179866667,374.999999025
"2660","Denmark",5,"STRPNE_31",2010,4.9999999899,0.998003992095808,500.9999989479
"2661","Denmark",5,"STRPNE_31",2011,5.02,1,502
"2662","Denmark",5,"STRPNE_31",2012,11.132,2.2,506
"2663","Denmark",5,"STRPNE_31",2013,7.0639269142,1.59817351287671,441.9999992044
"2664","Denmark",5,"STRPNE_31",2014,6.9999999796,1.55902004342984,448.9999990122
"2665","Denmark",5,"STRPNE_31",2015,10.5702647253,2.03665987427699,518.9999989101
"2666","Denmark",5,"STRPNE_31",2016,5.1580135369,1.128668171693,456.9999993145
"2667","Denmark",5,"STRPNE_31",2017,4.166666655,0.877192981666667,474.9999990975
"2668","Denmark",5,"STRPNE_31",2018,12.473372753,2.36686390426035,526.9999990514
"2669","Denmark",5,"STRPNE_31",2019,4.153846131,1.02564102205128,404.99999919
"2670","Denmark",5,"STRPNE_31",2020,5.1758793886,2.5125628140201,205.9999996704
"2671","Denmark",5,"STRPNE_31",2021,2.146067405,1.12359550157303,190.9999997326
"2672","Denmark",5,"STRPNE_31",2022,11.7882735852,3.58306188859935,328.9999992104
"2673","Denmark",5,"STRPNE_31",2023,6.30508473,1.69491525271186,371.9999994048
"2674","Denmark",5,"STRPNE_31",2024,9.6153846,2.56410256666667,374.999999025
"2675","Denmark",5,"STRPNE_32",2010,0,0,500.9999989479
"2676","Denmark",5,"STRPNE_32A",2013,1.00913241,0.228310500410959,441.9999992044
"2677","Denmark",5,"STRPNE_32A",2015,1.0570264362,0.203665980427699,518.9999989101
"2678","Denmark",5,"STRPNE_33",2010,0,0,500.9999989479
"2679","Denmark",5,"STRPNE_33",2011,0,0,502
"2680","Denmark",5,"STRPNE_33",2012,0,0,506
"2681","Denmark",5,"STRPNE_33",2013,0,0,441.9999992044
"2682","Denmark",5,"STRPNE_33",2014,0,0,448.9999990122
"2683","Denmark",5,"STRPNE_33",2015,0,0,518.9999989101
"2684","Denmark",5,"STRPNE_33",2017,0,0,474.9999990975
"2685","Denmark",5,"STRPNE_33",2018,0,0,526.9999990514
"2686","Denmark",5,"STRPNE_33",2019,0,0,404.99999919
"2687","Denmark",5,"STRPNE_33",2022,0,0,328.9999992104
"2688","Denmark",5,"STRPNE_33",2023,0,0,371.9999994048
"2689","Denmark",5,"STRPNE_33",2024,0,0,374.999999025
"2690","Denmark",5,"STRPNE_33A",2011,0,0,502
"2691","Denmark",5,"STRPNE_33A",2012,0,0,506
"2692","Denmark",5,"STRPNE_33A",2013,0,0,441.9999992044
"2693","Denmark",5,"STRPNE_33A",2014,0,0,448.9999990122
"2694","Denmark",5,"STRPNE_33A",2015,0,0,518.9999989101
"2695","Denmark",5,"STRPNE_33A",2016,0,0,456.9999993145
"2696","Denmark",5,"STRPNE_33A",2017,0,0,474.9999990975
"2697","Denmark",5,"STRPNE_33A",2018,0,0,526.9999990514
"2698","Denmark",5,"STRPNE_33A",2019,0,0,404.99999919
"2699","Denmark",5,"STRPNE_33A",2020,0,0,205.9999996704
"2700","Denmark",5,"STRPNE_33A",2021,0,0,190.9999997326
"2701","Denmark",5,"STRPNE_33A",2022,1.0716612081,0.325732890781759,328.9999992104
"2702","Denmark",5,"STRPNE_33A",2024,0,0,374.999999025
"2703","Denmark",5,"STRPNE_33B",2013,0,0,441.9999992044
"2704","Denmark",5,"STRPNE_33B",2014,0,0,448.9999990122
"2705","Denmark",5,"STRPNE_33B",2015,0,0,518.9999989101
"2706","Denmark",5,"STRPNE_33B",2017,0,0,474.9999990975
"2707","Denmark",5,"STRPNE_33B",2018,0,0,526.9999990514
"2708","Denmark",5,"STRPNE_33B",2019,0,0,404.99999919
"2709","Denmark",5,"STRPNE_33B",2021,0,0,190.9999997326
"2710","Denmark",5,"STRPNE_33B",2024,0,0,374.999999025
"2711","Denmark",5,"STRPNE_33C",2024,0,0,374.999999025
"2712","Denmark",5,"STRPNE_33D",2016,0,0,456.9999993145
"2713","Denmark",5,"STRPNE_33D",2017,0,0,474.9999990975
"2714","Denmark",5,"STRPNE_33D",2018,0,0,526.9999990514
"2715","Denmark",5,"STRPNE_33D",2020,0,0,205.9999996704
"2716","Denmark",5,"STRPNE_33D",2021,0,0,190.9999997326
"2717","Denmark",5,"STRPNE_33D",2024,0,0,374.999999025
"2718","Denmark",5,"STRPNE_33F",2010,10.9999999878,2.19560878461078,500.9999989479
"2719","Denmark",5,"STRPNE_33F",2011,13.052,2.6,502
"2720","Denmark",5,"STRPNE_33F",2012,19.228,3.8,506
"2721","Denmark",5,"STRPNE_33F",2013,11.1004565984,2.51141552452055,441.9999992044
"2722","Denmark",5,"STRPNE_33F",2014,23.9999999942,5.34521159175946,448.9999990122
"2723","Denmark",5,"STRPNE_33F",2015,17.9694500901,3.46232179727088,518.9999989101
"2724","Denmark",5,"STRPNE_33F",2016,13.4108351868,2.93453724440181,456.9999993145
"2725","Denmark",5,"STRPNE_33F",2017,8.33333331,1.75438596333333,474.9999990975
"2726","Denmark",5,"STRPNE_33F",2018,12.473372753,2.36686390426035,526.9999990514
"2727","Denmark",5,"STRPNE_33F",2019,7.2692307495,1.79487179358974,404.99999919
"2728","Denmark",5,"STRPNE_33F",2020,3.1055276208,1.50753768241206,205.9999996704
"2729","Denmark",5,"STRPNE_33F",2021,1.0730337025,0.561797750786517,190.9999997326
"2730","Denmark",5,"STRPNE_33F",2022,8.5732898951,2.60586319625407,328.9999992104
"2731","Denmark",5,"STRPNE_33F",2023,3.1525423464,0.847457621355932,371.9999994048
"2732","Denmark",5,"STRPNE_33F",2024,17.0940170625,4.55840456185185,374.999999025
"2733","Denmark",5,"STRPNE_34",2010,0.9999999579,0.199600790419162,500.9999989479
"2734","Denmark",5,"STRPNE_34",2011,0,0,502
"2735","Denmark",5,"STRPNE_34",2012,1.012,0.2,506
"2736","Denmark",5,"STRPNE_34",2013,0,0,441.9999992044
"2737","Denmark",5,"STRPNE_34",2014,0.9999999586,0.222717140489978,448.9999990122
"2738","Denmark",5,"STRPNE_34",2015,1.0570264362,0.203665980427699,518.9999989101
"2739","Denmark",5,"STRPNE_34",2016,0,0,456.9999993145
"2740","Denmark",5,"STRPNE_34",2017,3.1249999675,0.65789473125,474.9999990975
"2741","Denmark",5,"STRPNE_34",2018,3.1183431619,0.591715971065089,526.9999990514
"2742","Denmark",5,"STRPNE_34",2019,2.0769230655,0.512820511025641,404.99999919
"2743","Denmark",5,"STRPNE_34",2020,0,0,205.9999996704
"2744","Denmark",5,"STRPNE_34",2021,2.146067405,1.12359550157303,190.9999997326
"2745","Denmark",5,"STRPNE_34",2022,2.1433224491,0.651465791563518,328.9999992104
"2746","Denmark",5,"STRPNE_34",2023,2.10169491,0.564971750903955,371.9999994048
"2747","Denmark",5,"STRPNE_34",2024,1.06837605,0.284900280740741,374.999999025
"2748","Denmark",5,"STRPNE_35",2010,0,0,500.9999989479
"2749","Denmark",5,"STRPNE_35",2011,0,0,502
"2750","Denmark",5,"STRPNE_35",2012,0,0,506
"2751","Denmark",5,"STRPNE_35",2013,0,0,441.9999992044
"2752","Denmark",5,"STRPNE_35",2014,0,0,448.9999990122
"2753","Denmark",5,"STRPNE_35",2017,1.04166664,0.219298240416667,474.9999990975
"2754","Denmark",5,"STRPNE_35",2019,1.0384615125,0.256410250512821,404.99999919
"2755","Denmark",5,"STRPNE_35",2020,1.0351758736,0.50251256080402,205.9999996704
"2756","Denmark",5,"STRPNE_35",2023,0,0,371.9999994048
"2757","Denmark",5,"STRPNE_35",2024,1.06837605,0.284900280740741,374.999999025
"2758","Denmark",5,"STRPNE_35A",2012,0,0,506
"2759","Denmark",5,"STRPNE_35A",2013,0,0,441.9999992044
"2760","Denmark",5,"STRPNE_35A",2014,0,0,448.9999990122
"2761","Denmark",5,"STRPNE_35A",2015,0,0,518.9999989101
"2762","Denmark",5,"STRPNE_35A",2016,0,0,456.9999993145
"2763","Denmark",5,"STRPNE_35A",2017,0,0,474.9999990975
"2764","Denmark",5,"STRPNE_35A",2019,0,0,404.99999919
"2765","Denmark",5,"STRPNE_35A",2020,0,0,205.9999996704
"2766","Denmark",5,"STRPNE_35A",2021,1.0730337025,0.561797750786517,190.9999997326
"2767","Denmark",5,"STRPNE_35A",2022,1.0716612081,0.325732890781759,328.9999992104
"2768","Denmark",5,"STRPNE_35A",2023,0,0,371.9999994048
"2769","Denmark",5,"STRPNE_35A",2024,2.1367521,0.569800561481481,374.999999025
"2770","Denmark",5,"STRPNE_35B",2010,6.9999999558,1.39720558293413,500.9999989479
"2771","Denmark",5,"STRPNE_35B",2011,3.012,0.6,502
"2772","Denmark",5,"STRPNE_35B",2012,7.084,1.4,506
"2773","Denmark",5,"STRPNE_35B",2013,7.0639269142,1.59817351287671,441.9999992044
"2774","Denmark",5,"STRPNE_35B",2014,8.9999999866,2.0044543444098,448.9999990122
"2775","Denmark",5,"STRPNE_35B",2015,11.6272912134,2.24032586470468,518.9999989101
"2776","Denmark",5,"STRPNE_35B",2016,7.2212189608,1.5801354423702,456.9999993145
"2777","Denmark",5,"STRPNE_35B",2017,13.5416666525,2.85087719541667,474.9999990975
"2778","Denmark",5,"STRPNE_35B",2018,14.5522682294,2.76134122497041,526.9999990514
"2779","Denmark",5,"STRPNE_35B",2019,8.3076923025,2.05128205410256,404.99999919
"2780","Denmark",5,"STRPNE_35B",2020,8.28140703,4.02010050643216,205.9999996704
"2781","Denmark",5,"STRPNE_35B",2021,9.6573033607,5.05617977707865,190.9999997326
"2782","Denmark",5,"STRPNE_35B",2022,6.4299674131,1.95439739469055,328.9999992104
"2783","Denmark",5,"STRPNE_35B",2023,7.3559321664,1.97740112316384,371.9999994048
"2784","Denmark",5,"STRPNE_35B",2024,6.410256375,1.70940170444444,374.999999025
"2785","Denmark",5,"STRPNE_35C",2010,0,0,500.9999989479
"2786","Denmark",5,"STRPNE_35C",2011,0,0,502
"2787","Denmark",5,"STRPNE_35C",2013,0,0,441.9999992044
"2788","Denmark",5,"STRPNE_35C",2017,0,0,474.9999990975
"2789","Denmark",5,"STRPNE_35C",2022,0,0,328.9999992104
"2790","Denmark",5,"STRPNE_35C",2023,0,0,371.9999994048
"2791","Denmark",5,"STRPNE_35C",2024,0,0,374.999999025
"2792","Denmark",5,"STRPNE_35F",2010,7.9999999638,1.59680638335329,500.9999989479
"2793","Denmark",5,"STRPNE_35F",2011,11.044,2.2,502
"2794","Denmark",5,"STRPNE_35F",2012,7.084,1.4,506
"2795","Denmark",5,"STRPNE_35F",2013,8.0730593242,1.82648401328767,441.9999992044
"2796","Denmark",5,"STRPNE_35F",2014,10.9999999936,2.44988864538976,448.9999990122
"2797","Denmark",5,"STRPNE_35F",2015,5.2851323367,1.01832993213849,518.9999989101
"2798","Denmark",5,"STRPNE_35F",2016,8.2528216499,1.8058690727088,456.9999993145
"2799","Denmark",5,"STRPNE_35F",2017,10.4166666375,2.19298245416667,474.9999990975
"2800","Denmark",5,"STRPNE_35F",2018,11.4339250148,2.16962524390533,526.9999990514
"2801","Denmark",5,"STRPNE_35F",2019,6.2307691965,1.53846153307692,404.99999919
"2802","Denmark",5,"STRPNE_35F",2020,7.2462311358,3.51758793562814,205.9999996704
"2803","Denmark",5,"STRPNE_35F",2021,16.0955056139,8.42696630179775,190.9999997326
"2804","Denmark",5,"STRPNE_35F",2022,13.9315960672,4.23452769016287,328.9999992104
"2805","Denmark",5,"STRPNE_35F",2023,10.50847455,2.82485875451977,371.9999994048
"2806","Denmark",5,"STRPNE_35F",2024,7.4786324625,1.99430199518519,374.999999025
"2807","Denmark",5,"STRPNE_36",2013,0,0,441.9999992044
"2808","Denmark",5,"STRPNE_36",2020,0,0,205.9999996704
"2809","Denmark",5,"STRPNE_36",2023,0,0,371.9999994048
"2810","Denmark",5,"STRPNE_37",2010,0.9999999579,0.199600790419162,500.9999989479
"2811","Denmark",5,"STRPNE_37",2011,0,0,502
"2812","Denmark",5,"STRPNE_37",2012,0,0,506
"2813","Denmark",5,"STRPNE_37",2013,0,0,441.9999992044
"2814","Denmark",5,"STRPNE_37",2014,0,0,448.9999990122
"2815","Denmark",5,"STRPNE_37",2015,0,0,518.9999989101
"2816","Denmark",5,"STRPNE_37",2016,0,0,456.9999993145
"2817","Denmark",5,"STRPNE_37",2017,1.04166664,0.219298240416667,474.9999990975
"2818","Denmark",5,"STRPNE_37",2018,1.0394476855,0.19723865035503,526.9999990514
"2819","Denmark",5,"STRPNE_37",2019,2.0769230655,0.512820511025641,404.99999919
"2820","Denmark",5,"STRPNE_37",2020,0,0,205.9999996704
"2821","Denmark",5,"STRPNE_37",2021,0,0,190.9999997326
"2822","Denmark",5,"STRPNE_37",2022,1.0716612081,0.325732890781759,328.9999992104
"2823","Denmark",5,"STRPNE_37",2023,0,0,371.9999994048
"2824","Denmark",5,"STRPNE_37",2024,0,0,374.999999025
"2825","Denmark",5,"STRPNE_38",2010,2.9999999739,0.598802391257485,500.9999989479
"2826","Denmark",5,"STRPNE_38",2011,6.024,1.2,502
"2827","Denmark",5,"STRPNE_38",2012,11.132,2.2,506
"2828","Denmark",5,"STRPNE_38",2013,5.0456620942,1.14155251205479,441.9999992044
"2829","Denmark",5,"STRPNE_38",2014,3.9999999691,0.890868591959911,448.9999990122
"2830","Denmark",5,"STRPNE_38",2015,3.1710794124,0.610997961283096,518.9999989101
"2831","Denmark",5,"STRPNE_38",2016,7.2212189608,1.5801354423702,456.9999993145
"2832","Denmark",5,"STRPNE_38",2017,3.1249999675,0.65789473125,474.9999990975
"2833","Denmark",5,"STRPNE_38",2018,7.2761341147,1.38067061248521,526.9999990514
"2834","Denmark",5,"STRPNE_38",2019,3.115384578,0.769230761538462,404.99999919
"2835","Denmark",5,"STRPNE_38",2020,2.0703517472,1.00502512160804,205.9999996704
"2836","Denmark",5,"STRPNE_38",2021,2.146067405,1.12359550157303,190.9999997326
"2837","Denmark",5,"STRPNE_38",2022,4.2866449311,1.30293159312704,328.9999992104
"2838","Denmark",5,"STRPNE_38",2023,10.50847455,2.82485875451977,371.9999994048
"2839","Denmark",5,"STRPNE_38",2024,17.0940170625,4.55840456185185,374.999999025
"2840","Denmark",5,"STRPNE_39",2014,0,0,448.9999990122
"2841","Denmark",5,"STRPNE_39",2016,0,0,456.9999993145
"2842","Denmark",5,"STRPNE_39",2020,0,0,205.9999996704
"2843","Denmark",5,"STRPNE_39",2021,0,0,190.9999997326
"2844","Denmark",5,"STRPNE_39",2022,0,0,328.9999992104
"2845","Denmark",5,"STRPNE_4",2010,19.9999999596,3.99201596838323,500.9999989479
"2846","Denmark",5,"STRPNE_4",2011,12.048,2.4,502
"2847","Denmark",5,"STRPNE_4",2012,11.132,2.2,506
"2848","Denmark",5,"STRPNE_4",2013,7.0639269142,1.59817351287671,441.9999992044
"2849","Denmark",5,"STRPNE_4",2014,9.9999999901,2.22717149489978,448.9999990122
"2850","Denmark",5,"STRPNE_4",2015,4.2281059005,0.814663951710794,518.9999989101
"2851","Denmark",5,"STRPNE_4",2016,3.094808113,0.677200901015801,456.9999993145
"2852","Denmark",5,"STRPNE_4",2017,0,0,474.9999990975
"2853","Denmark",5,"STRPNE_4",2018,4.1577909001,0.788954631420118,526.9999990514
"2854","Denmark",5,"STRPNE_4",2019,3.115384578,0.769230761538462,404.99999919
"2855","Denmark",5,"STRPNE_4",2020,0,0,205.9999996704
"2856","Denmark",5,"STRPNE_4",2021,1.0730337025,0.561797750786517,190.9999997326
"2857","Denmark",5,"STRPNE_4",2022,1.0716612081,0.325732890781759,328.9999992104
"2858","Denmark",5,"STRPNE_4",2023,0,0,371.9999994048
"2859","Denmark",5,"STRPNE_4",2024,0,0,374.999999025
"2860","Denmark",5,"STRPNE_40",2010,0,0,500.9999989479
"2861","Denmark",5,"STRPNE_40",2013,0,0,441.9999992044
"2862","Denmark",5,"STRPNE_40",2015,0,0,518.9999989101
"2863","Denmark",5,"STRPNE_40",2017,0,0,474.9999990975
"2864","Denmark",5,"STRPNE_40",2022,0,0,328.9999992104
"2865","Denmark",5,"STRPNE_40",2023,0,0,371.9999994048
"2866","Denmark",5,"STRPNE_40",2024,0,0,374.999999025
"2867","Denmark",5,"STRPNE_41A",2019,0,0,404.99999919
"2868","Denmark",5,"STRPNE_42",2016,0,0,456.9999993145
"2869","Denmark",5,"STRPNE_42",2018,0,0,526.9999990514
"2870","Denmark",5,"STRPNE_42",2022,0,0,328.9999992104
"2871","Denmark",5,"STRPNE_43",2020,0,0,205.9999996704
"2872","Denmark",5,"STRPNE_43",2023,0,0,371.9999994048
"2873","Denmark",5,"STRPNE_43",2024,0,0,374.999999025
"2874","Denmark",5,"STRPNE_45",2016,0,0,456.9999993145
"2875","Denmark",5,"STRPNE_46",2015,0,0,518.9999989101
"2876","Denmark",5,"STRPNE_46",2022,0,0,328.9999992104
"2877","Denmark",5,"STRPNE_47F",2016,0,0,456.9999993145
"2878","Denmark",5,"STRPNE_5",2010,0.9999999579,0.199600790419162,500.9999989479
"2879","Denmark",5,"STRPNE_5",2011,1.004,0.2,502
"2880","Denmark",5,"STRPNE_5",2012,0,0,506
"2881","Denmark",5,"STRPNE_5",2013,0,0,441.9999992044
"2882","Denmark",5,"STRPNE_5",2014,0,0,448.9999990122
"2883","Denmark",5,"STRPNE_5",2015,0,0,518.9999989101
"2884","Denmark",5,"STRPNE_5",2016,0,0,456.9999993145
"2885","Denmark",5,"STRPNE_5",2017,0,0,474.9999990975
"2886","Denmark",5,"STRPNE_5",2019,0,0,404.99999919
"2887","Denmark",5,"STRPNE_5",2021,0,0,190.9999997326
"2888","Denmark",5,"STRPNE_5",2022,0,0,328.9999992104
"2889","Denmark",5,"STRPNE_5",2023,0,0,371.9999994048
"2890","Denmark",5,"STRPNE_5",2024,0,0,374.999999025
"2891","Denmark",5,"STRPNE_6",2010,0,0,500.9999989479
"2892","Denmark",5,"STRPNE_6",2011,0,0,502
"2893","Denmark",5,"STRPNE_6",2012,0,0,506
"2894","Denmark",5,"STRPNE_6",2013,1.00913241,0.228310500410959,441.9999992044
"2895","Denmark",5,"STRPNE_6",2014,0,0,448.9999990122
"2896","Denmark",5,"STRPNE_6",2015,0,0,518.9999989101
"2897","Denmark",5,"STRPNE_6",2017,0,0,474.9999990975
"2898","Denmark",5,"STRPNE_6",2018,0,0,526.9999990514
"2899","Denmark",5,"STRPNE_6",2019,0,0,404.99999919
"2900","Denmark",5,"STRPNE_6",2020,0,0,205.9999996704
"2901","Denmark",5,"STRPNE_6",2022,0,0,328.9999992104
"2902","Denmark",5,"STRPNE_6",2023,0,0,371.9999994048
"2903","Denmark",5,"STRPNE_6",2024,0,0,374.999999025
"2904","Denmark",5,"STRPNE_6A",2010,6.9999999558,1.39720558293413,500.9999989479
"2905","Denmark",5,"STRPNE_6A",2011,6.024,1.2,502
"2906","Denmark",5,"STRPNE_6A",2012,0,0,506
"2907","Denmark",5,"STRPNE_6A",2013,2.01826482,0.456621000821918,441.9999992044
"2908","Denmark",5,"STRPNE_6A",2014,1.9999999621,0.445434290979955,448.9999990122
"2909","Denmark",5,"STRPNE_6A",2015,0,0,518.9999989101
"2910","Denmark",5,"STRPNE_6A",2016,0,0,456.9999993145
"2911","Denmark",5,"STRPNE_6A",2017,0,0,474.9999990975
"2912","Denmark",5,"STRPNE_6A",2018,0,0,526.9999990514
"2913","Denmark",5,"STRPNE_6A",2019,0,0,404.99999919
"2914","Denmark",5,"STRPNE_6A",2020,1.0351758736,0.50251256080402,205.9999996704
"2915","Denmark",5,"STRPNE_6A",2021,0,0,190.9999997326
"2916","Denmark",5,"STRPNE_6A",2022,2.1433224491,0.651465791563518,328.9999992104
"2917","Denmark",5,"STRPNE_6A",2023,2.10169491,0.564971750903955,371.9999994048
"2918","Denmark",5,"STRPNE_6A",2024,1.06837605,0.284900280740741,374.999999025
"2919","Denmark",5,"STRPNE_6B",2010,4.9999999899,0.998003992095808,500.9999989479
"2920","Denmark",5,"STRPNE_6B",2011,5.02,1,502
"2921","Denmark",5,"STRPNE_6B",2012,3.036,0.6,506
"2922","Denmark",5,"STRPNE_6B",2013,0,0,441.9999992044
"2923","Denmark",5,"STRPNE_6B",2014,3.9999999691,0.890868591959911,448.9999990122
"2924","Denmark",5,"STRPNE_6B",2015,1.0570264362,0.203665980427699,518.9999989101
"2925","Denmark",5,"STRPNE_6B",2016,3.094808113,0.677200901015801,456.9999993145
"2926","Denmark",5,"STRPNE_6B",2017,0,0,474.9999990975
"2927","Denmark",5,"STRPNE_6B",2018,0,0,526.9999990514
"2928","Denmark",5,"STRPNE_6B",2019,0,0,404.99999919
"2929","Denmark",5,"STRPNE_6B",2020,0,0,205.9999996704
"2930","Denmark",5,"STRPNE_6B",2021,1.0730337025,0.561797750786517,190.9999997326
"2931","Denmark",5,"STRPNE_6B",2022,0,0,328.9999992104
"2932","Denmark",5,"STRPNE_6B",2023,0,0,371.9999994048
"2933","Denmark",5,"STRPNE_6B",2024,1.06837605,0.284900280740741,374.999999025
"2934","Denmark",5,"STRPNE_6C",2010,14.9999999697,2.99401197628743,500.9999989479
"2935","Denmark",5,"STRPNE_6C",2011,23.092,4.6,502
"2936","Denmark",5,"STRPNE_6C",2012,18.216,3.6,506
"2937","Denmark",5,"STRPNE_6C",2013,7.0639269142,1.59817351287671,441.9999992044
"2938","Denmark",5,"STRPNE_6C",2014,6.9999999796,1.55902004342984,448.9999990122
"2939","Denmark",5,"STRPNE_6C",2015,12.6843177015,2.44399185513238,518.9999989101
"2940","Denmark",5,"STRPNE_6C",2016,8.2528216499,1.8058690727088,456.9999993145
"2941","Denmark",5,"STRPNE_6C",2017,8.33333331,1.75438596333333,474.9999990975
"2942","Denmark",5,"STRPNE_6C",2018,4.1577909001,0.788954631420118,526.9999990514
"2943","Denmark",5,"STRPNE_6C",2019,4.153846131,1.02564102205128,404.99999919
"2944","Denmark",5,"STRPNE_6C",2020,0,0,205.9999996704
"2945","Denmark",5,"STRPNE_6C",2021,1.0730337025,0.561797750786517,190.9999997326
"2946","Denmark",5,"STRPNE_6C",2022,2.1433224491,0.651465791563518,328.9999992104
"2947","Denmark",5,"STRPNE_6C",2023,4.20338982,1.12994350180791,371.9999994048
"2948","Denmark",5,"STRPNE_6C",2024,12.8205127875,3.41880341888889,374.999999025
"2949","Denmark",5,"STRPNE_6D",2010,0,0,500.9999989479
"2950","Denmark",5,"STRPNE_6D",2012,0,0,506
"2951","Denmark",5,"STRPNE_6D",2013,0,0,441.9999992044
"2952","Denmark",5,"STRPNE_6D",2014,0,0,448.9999990122
"2953","Denmark",5,"STRPNE_6D",2015,0,0,518.9999989101
"2954","Denmark",5,"STRPNE_6D",2016,0,0,456.9999993145
"2955","Denmark",5,"STRPNE_6D",2017,0,0,474.9999990975
"2956","Denmark",5,"STRPNE_6D",2018,0,0,526.9999990514
"2957","Denmark",5,"STRPNE_6D",2019,0,0,404.99999919
"2958","Denmark",5,"STRPNE_6D",2020,0,0,205.9999996704
"2959","Denmark",5,"STRPNE_6D",2021,0,0,190.9999997326
"2960","Denmark",5,"STRPNE_6D",2022,0,0,328.9999992104
"2961","Denmark",5,"STRPNE_6D",2023,0,0,371.9999994048
"2962","Denmark",5,"STRPNE_6D",2024,0,0,374.999999025
"2963","Denmark",5,"STRPNE_7",2010,0,0,500.9999989479
"2964","Denmark",5,"STRPNE_7",2011,0,0,502
"2965","Denmark",5,"STRPNE_7",2012,0,0,506
"2966","Denmark",5,"STRPNE_7",2013,0,0,441.9999992044
"2967","Denmark",5,"STRPNE_7",2014,0,0,448.9999990122
"2968","Denmark",5,"STRPNE_7",2016,0,0,456.9999993145
"2969","Denmark",5,"STRPNE_7",2019,0,0,404.99999919
"2970","Denmark",5,"STRPNE_7",2022,0,0,328.9999992104
"2971","Denmark",5,"STRPNE_7",2024,0,0,374.999999025
"2972","Denmark",5,"STRPNE_7A",2012,0,0,506
"2973","Denmark",5,"STRPNE_7A",2014,0,0,448.9999990122
"2974","Denmark",5,"STRPNE_7A",2015,0,0,518.9999989101
"2975","Denmark",5,"STRPNE_7A",2017,0,0,474.9999990975
"2976","Denmark",5,"STRPNE_7A",2018,0,0,526.9999990514
"2977","Denmark",5,"STRPNE_7A",2019,0,0,404.99999919
"2978","Denmark",5,"STRPNE_7A",2020,0,0,205.9999996704
"2979","Denmark",5,"STRPNE_7A",2022,0,0,328.9999992104
"2980","Denmark",5,"STRPNE_7A",2023,0,0,371.9999994048
"2981","Denmark",5,"STRPNE_7A",2024,0,0,374.999999025
"2982","Denmark",5,"STRPNE_7B",2010,0,0,500.9999989479
"2983","Denmark",5,"STRPNE_7B",2011,0,0,502
"2984","Denmark",5,"STRPNE_7B",2012,0,0,506
"2985","Denmark",5,"STRPNE_7B",2013,0,0,441.9999992044
"2986","Denmark",5,"STRPNE_7B",2014,0,0,448.9999990122
"2987","Denmark",5,"STRPNE_7B",2015,0,0,518.9999989101
"2988","Denmark",5,"STRPNE_7B",2016,0,0,456.9999993145
"2989","Denmark",5,"STRPNE_7B",2017,1.04166664,0.219298240416667,474.9999990975
"2990","Denmark",5,"STRPNE_7B",2018,0,0,526.9999990514
"2991","Denmark",5,"STRPNE_7B",2019,1.0384615125,0.256410250512821,404.99999919
"2992","Denmark",5,"STRPNE_7B",2020,0,0,205.9999996704
"2993","Denmark",5,"STRPNE_7B",2021,0,0,190.9999997326
"2994","Denmark",5,"STRPNE_7B",2022,0,0,328.9999992104
"2995","Denmark",5,"STRPNE_7B",2023,0,0,371.9999994048
"2996","Denmark",5,"STRPNE_7B",2024,1.06837605,0.284900280740741,374.999999025
"2997","Denmark",5,"STRPNE_7C",2010,0.9999999579,0.199600790419162,500.9999989479
"2998","Denmark",5,"STRPNE_7C",2011,0,0,502
"2999","Denmark",5,"STRPNE_7C",2012,0,0,506
"3000","Denmark",5,"STRPNE_7C",2013,0,0,441.9999992044
"3001","Denmark",5,"STRPNE_7C",2014,0,0,448.9999990122
"3002","Denmark",5,"STRPNE_7C",2015,0,0,518.9999989101
"3003","Denmark",5,"STRPNE_7C",2016,1.0316026891,0.2257336303386,456.9999993145
"3004","Denmark",5,"STRPNE_7C",2017,1.04166664,0.219298240416667,474.9999990975
"3005","Denmark",5,"STRPNE_7C",2018,4.1577909001,0.788954631420118,526.9999990514
"3006","Denmark",5,"STRPNE_7C",2019,5.192307684,1.2820512825641,404.99999919
"3007","Denmark",5,"STRPNE_7C",2020,7.2462311358,3.51758793562814,205.9999996704
"3008","Denmark",5,"STRPNE_7C",2021,7.5112359366,3.93258426550562,190.9999997326
"3009","Denmark",5,"STRPNE_7C",2022,12.8599348262,3.90879478938111,328.9999992104
"3010","Denmark",5,"STRPNE_7C",2023,12.61016946,3.38983050542373,371.9999994048
"3011","Denmark",5,"STRPNE_7C",2024,10.68376065,2.84900284740741,374.999999025
"3012","Denmark",5,"STRPNE_7F",2010,41.9999999853,8.38323354760479,500.9999989479
"3013","Denmark",5,"STRPNE_7F",2011,34.136,6.8,502
"3014","Denmark",5,"STRPNE_7F",2012,34.408,6.8,506
"3015","Denmark",5,"STRPNE_7F",2013,21.1917807868,4.79452054863014,441.9999992044
"3016","Denmark",5,"STRPNE_7F",2014,28.9999999668,6.45879733420935,448.9999990122
"3017","Denmark",5,"STRPNE_7F",2015,19.0264765782,3.66598778769857,518.9999989101
"3018","Denmark",5,"STRPNE_7F",2016,6.189616226,1.3544018020316,456.9999993145
"3019","Denmark",5,"STRPNE_7F",2017,4.166666655,0.877192981666667,474.9999990975
"3020","Denmark",5,"STRPNE_7F",2018,4.1577909001,0.788954631420118,526.9999990514
"3021","Denmark",5,"STRPNE_7F",2019,2.0769230655,0.512820511025641,404.99999919
"3022","Denmark",5,"STRPNE_7F",2020,0,0,205.9999996704
"3023","Denmark",5,"STRPNE_7F",2021,0,0,190.9999997326
"3024","Denmark",5,"STRPNE_7F",2022,0,0,328.9999992104
"3025","Denmark",5,"STRPNE_7F",2023,0,0,371.9999994048
"3026","Denmark",5,"STRPNE_7F",2024,1.06837605,0.284900280740741,374.999999025
"3027","Denmark",5,"STRPNE_8",2010,30.9999999975,6.18762476299401,500.9999989479
"3028","Denmark",5,"STRPNE_8",2011,36.144,7.2,502
"3029","Denmark",5,"STRPNE_8",2012,31.372,6.2,506
"3030","Denmark",5,"STRPNE_8",2013,51.4657533962,11.6438356309589,441.9999992044
"3031","Denmark",5,"STRPNE_8",2014,73.9999999896,16.4810690762584,448.9999990122
"3032","Denmark",5,"STRPNE_8",2015,112.044806493,21.5885947453361,518.9999989101
"3033","Denmark",5,"STRPNE_8",2016,99.0338600273,21.6704289225056,456.9999993145
"3034","Denmark",5,"STRPNE_8",2017,113.5416666575,23.9035088154167,474.9999990975
"3035","Denmark",5,"STRPNE_8",2018,118.497041417,22.4852071404734,526.9999990514
"3036","Denmark",5,"STRPNE_8",2019,100.7307692235,24.8717949197436,404.99999919
"3037","Denmark",5,"STRPNE_8",2020,43.4773869178,21.1055276637688,205.9999996704
"3038","Denmark",5,"STRPNE_8",2021,28.9719101012,15.168539341236,190.9999997326
"3039","Denmark",5,"STRPNE_8",2022,36.4364820624,11.0749185865798,328.9999992104
"3040","Denmark",5,"STRPNE_8",2023,39.9322033644,10.7344632871751,371.9999994048
"3041","Denmark",5,"STRPNE_8",2024,20.2991452875,5.41310542407407,374.999999025
"3042","Denmark",5,"STRPNE_9",2010,0,0,500.9999989479
"3043","Denmark",5,"STRPNE_9",2011,0,0,502
"3044","Denmark",5,"STRPNE_9",2012,0,0,506
"3045","Denmark",5,"STRPNE_9",2013,0,0,441.9999992044
"3046","Denmark",5,"STRPNE_9",2014,0,0,448.9999990122
"3047","Denmark",5,"STRPNE_9",2015,0,0,518.9999989101
"3048","Denmark",5,"STRPNE_9",2016,0,0,456.9999993145
"3049","Denmark",5,"STRPNE_9",2017,0,0,474.9999990975
"3050","Denmark",5,"STRPNE_9",2018,0,0,526.9999990514
"3051","Denmark",5,"STRPNE_9",2019,0,0,404.99999919
"3052","Denmark",5,"STRPNE_9",2021,0,0,190.9999997326
"3053","Denmark",5,"STRPNE_9",2022,0,0,328.9999992104
"3054","Denmark",5,"STRPNE_9",2024,0,0,374.999999025
"3055","Denmark",5,"STRPNE_9A",2010,0,0,500.9999989479
"3056","Denmark",5,"STRPNE_9A",2011,0,0,502
"3057","Denmark",5,"STRPNE_9A",2012,1.012,0.2,506
"3058","Denmark",5,"STRPNE_9A",2013,0,0,441.9999992044
"3059","Denmark",5,"STRPNE_9A",2014,0,0,448.9999990122
"3060","Denmark",5,"STRPNE_9A",2015,0,0,518.9999989101
"3061","Denmark",5,"STRPNE_9A",2016,0,0,456.9999993145
"3062","Denmark",5,"STRPNE_9A",2017,0,0,474.9999990975
"3063","Denmark",5,"STRPNE_9A",2018,0,0,526.9999990514
"3064","Denmark",5,"STRPNE_9A",2019,0,0,404.99999919
"3065","Denmark",5,"STRPNE_9A",2020,1.0351758736,0.50251256080402,205.9999996704
"3066","Denmark",5,"STRPNE_9A",2021,0,0,190.9999997326
"3067","Denmark",5,"STRPNE_9A",2022,0,0,328.9999992104
"3068","Denmark",5,"STRPNE_9A",2023,0,0,371.9999994048
"3069","Denmark",5,"STRPNE_9A",2024,1.06837605,0.284900280740741,374.999999025
"3070","Denmark",5,"STRPNE_9L",2011,0,0,502
"3071","Denmark",5,"STRPNE_9L",2013,0,0,441.9999992044
"3072","Denmark",5,"STRPNE_9L",2014,0,0,448.9999990122
"3073","Denmark",5,"STRPNE_9L",2015,0,0,518.9999989101
"3074","Denmark",5,"STRPNE_9L",2016,0,0,456.9999993145
"3075","Denmark",5,"STRPNE_9L",2017,0,0,474.9999990975
"3076","Denmark",5,"STRPNE_9L",2018,0,0,526.9999990514
"3077","Denmark",5,"STRPNE_9L",2019,0,0,404.99999919
"3078","Denmark",5,"STRPNE_9L",2020,0,0,205.9999996704
"3079","Denmark",5,"STRPNE_9L",2021,0,0,190.9999997326
"3080","Denmark",5,"STRPNE_9L",2022,0,0,328.9999992104
"3081","Denmark",5,"STRPNE_9L",2023,0,0,371.9999994048
"3082","Denmark",5,"STRPNE_9L",2024,1.06837605,0.284900280740741,374.999999025
"3083","Denmark",5,"STRPNE_9N",2010,16.9999999857,3.39321357712575,500.9999989479
"3084","Denmark",5,"STRPNE_9N",2011,21.084,4.2,502
"3085","Denmark",5,"STRPNE_9N",2012,29.348,5.8,506
"3086","Denmark",5,"STRPNE_9N",2013,25.228310471,5.70776256027397,441.9999992044
"3087","Denmark",5,"STRPNE_9N",2014,28.9999999668,6.45879733420935,448.9999990122
"3088","Denmark",5,"STRPNE_9N",2015,32.7678207678,6.31364563325866,518.9999989101
"3089","Denmark",5,"STRPNE_9N",2016,30.9480812214,6.77200903015801,456.9999993145
"3090","Denmark",5,"STRPNE_9N",2017,36.4583333025,7.67543860458333,474.9999990975
"3091","Denmark",5,"STRPNE_9N",2018,44.6962524264,8.48126233526627,526.9999990514
"3092","Denmark",5,"STRPNE_9N",2019,20.769230736,5.12820513025641,404.99999919
"3093","Denmark",5,"STRPNE_9N",2020,8.28140703,4.02010050643216,205.9999996704
"3094","Denmark",5,"STRPNE_9N",2021,9.6573033607,5.05617977707865,190.9999997326
"3095","Denmark",5,"STRPNE_9N",2022,7.5016286541,2.28013029547231,328.9999992104
"3096","Denmark",5,"STRPNE_9N",2023,17.8644067536,4.80225988768362,371.9999994048
"3097","Denmark",5,"STRPNE_9N",2024,33.1196581125,8.83190885296296,374.999999025
"3098","Denmark",5,"STRPNE_9V",2010,7.9999999638,1.59680638335329,500.9999989479
"3099","Denmark",5,"STRPNE_9V",2011,2.008,0.4,502
"3100","Denmark",5,"STRPNE_9V",2012,2.024,0.4,506
"3101","Denmark",5,"STRPNE_9V",2013,0,0,441.9999992044
"3102","Denmark",5,"STRPNE_9V",2014,0.9999999586,0.222717140489978,448.9999990122
"3103","Denmark",5,"STRPNE_9V",2015,2.1140529243,0.407331970855397,518.9999989101
"3104","Denmark",5,"STRPNE_9V",2016,1.0316026891,0.2257336303386,456.9999993145
"3105","Denmark",5,"STRPNE_9V",2017,1.04166664,0.219298240416667,474.9999990975
"3106","Denmark",5,"STRPNE_9V",2018,0,0,526.9999990514
"3107","Denmark",5,"STRPNE_9V",2019,0,0,404.99999919
"3108","Denmark",5,"STRPNE_9V",2020,1.0351758736,0.50251256080402,205.9999996704
"3109","Denmark",5,"STRPNE_9V",2021,0,0,190.9999997326
"3110","Denmark",5,"STRPNE_9V",2022,0,0,328.9999992104
"3111","Denmark",5,"STRPNE_9V",2023,0,0,371.9999994048
"3112","Denmark",5,"STRPNE_9V",2024,0,0,374.999999025
"3113","Denmark",5,"STRPNE_NTYP",2010,0,0,500.9999989479
"3114","Denmark",5,"STRPNE_NTYP",2011,0,0,502
"3115","Denmark",5,"STRPNE_NTYP",2012,0,0,506
"3116","Denmark",5,"STRPNE_NTYP",2013,2.01826482,0.456621000821918,441.9999992044
"3117","Denmark",5,"STRPNE_NTYP",2014,0,0,448.9999990122
"3118","Denmark",5,"STRPNE_NTYP",2015,0,0,518.9999989101
"3119","Denmark",5,"STRPNE_NTYP",2016,0,0,456.9999993145
"3120","Denmark",5,"STRPNE_NTYP",2017,0,0,474.9999990975
"3121","Denmark",5,"STRPNE_NTYP",2018,0,0,526.9999990514
"3122","Denmark",5,"STRPNE_NTYP",2019,0,0,404.99999919
"3123","Denmark",5,"STRPNE_NTYP",2020,0,0,205.9999996704
"3124","Denmark",5,"STRPNE_NTYP",2021,0,0,190.9999997326
"3125","Denmark",5,"STRPNE_NTYP",2022,0,0,328.9999992104
"3126","Denmark",5,"STRPNE_NTYP",2023,0,0,371.9999994048
"3127","Denmark",5,"STRPNE_NTYP",2024,0,0,374.999999025
"3128","Finland",1,"STRPNE_1",2010,0,0,101.99999999
"3129","Finland",1,"STRPNE_10A",2010,0,0,101.99999999
"3130","Finland",1,"STRPNE_10B",2010,0,0,101.99999999
"3131","Finland",1,"STRPNE_11A",2010,0,0,101.99999999
"3132","Finland",1,"STRPNE_12F",2010,0,0,101.99999999
"3133","Finland",1,"STRPNE_14",2010,37.12105263,36.3931888565091,101.99999999
"3134","Finland",1,"STRPNE_15",2010,0,0,101.99999999
"3135","Finland",1,"STRPNE_15A",2010,0,0,101.99999999
"3136","Finland",1,"STRPNE_15B",2010,0,0,101.99999999
"3137","Finland",1,"STRPNE_15B/C",2010,0,0,101.99999999
"3138","Finland",1,"STRPNE_15C",2010,1.052631578,1.03199174323843,101.99999999
"3139","Finland",1,"STRPNE_16F",2010,0,0,101.99999999
"3140","Finland",1,"STRPNE_17F",2010,0,0,101.99999999
"3141","Finland",1,"STRPNE_18C",2010,8.2,8.03921568706267,101.99999999
"3142","Finland",1,"STRPNE_19",2010,0,0,101.99999999
"3143","Finland",1,"STRPNE_19A",2010,4.1,4.01960784353133,101.99999999
"3144","Finland",1,"STRPNE_19F",2010,10.305263156,10.1031991735395,101.99999999
"3145","Finland",1,"STRPNE_21",2010,0,0,101.99999999
"3146","Finland",1,"STRPNE_22A",2010,0,0,101.99999999
"3147","Finland",1,"STRPNE_22F",2010,1.025,1.00490196088283,101.99999999
"3148","Finland",1,"STRPNE_23A",2010,0,0,101.99999999
"3149","Finland",1,"STRPNE_23B",2010,0,0,101.99999999
"3150","Finland",1,"STRPNE_23F",2010,6.177631578,6.0565015476526,101.99999999
"3151","Finland",1,"STRPNE_24",2010,0,0,101.99999999
"3152","Finland",1,"STRPNE_24A",2010,0,0,101.99999999
"3153","Finland",1,"STRPNE_24B",2010,0,0,101.99999999
"3154","Finland",1,"STRPNE_24F",2010,0,0,101.99999999
"3155","Finland",1,"STRPNE_25A",2010,0,0,101.99999999
"3156","Finland",1,"STRPNE_27",2010,0,0,101.99999999
"3157","Finland",1,"STRPNE_29",2010,0,0,101.99999999
"3158","Finland",1,"STRPNE_3",2010,1.025,1.00490196088283,101.99999999
"3159","Finland",1,"STRPNE_31",2010,0,0,101.99999999
"3160","Finland",1,"STRPNE_33",2010,2.105263156,2.06398348647686,101.99999999
"3161","Finland",1,"STRPNE_33A",2010,0,0,101.99999999
"3162","Finland",1,"STRPNE_33F",2010,0,0,101.99999999
"3163","Finland",1,"STRPNE_34",2010,0,0,101.99999999
"3164","Finland",1,"STRPNE_35",2010,0,0,101.99999999
"3165","Finland",1,"STRPNE_35B",2010,0,0,101.99999999
"3166","Finland",1,"STRPNE_35F",2010,0,0,101.99999999
"3167","Finland",1,"STRPNE_38",2010,1.025,1.00490196088283,101.99999999
"3168","Finland",1,"STRPNE_39",2010,0,0,101.99999999
"3169","Finland",1,"STRPNE_4",2010,1.025,1.00490196088283,101.99999999
"3170","Finland",1,"STRPNE_5",2010,0,0,101.99999999
"3171","Finland",1,"STRPNE_6A",2010,3.102631578,3.0417956650041,101.99999999
"3172","Finland",1,"STRPNE_6B",2010,21.607894736,21.1842105275671,101.99999999
"3173","Finland",1,"STRPNE_6C",2010,0,0,101.99999999
"3174","Finland",1,"STRPNE_7F",2010,2.077631578,2.03689370412126,101.99999999
"3175","Finland",1,"STRPNE_8",2010,0,0,101.99999999
"3176","Finland",1,"STRPNE_9A",2010,0,0,101.99999999
"3177","Finland",1,"STRPNE_9N",2010,0,0,101.99999999
"3178","Finland",1,"STRPNE_9V",2010,2.05,2.00980392176567,101.99999999
"3179","Finland",1,"STRPNE_NTYP",2010,0,0,101.99999999
"3180","Finland",5,"STRPNE_1",2010,0,0,303.9999995744
"3181","Finland",5,"STRPNE_1",2011,0,0,297.9999994338
"3182","Finland",5,"STRPNE_1",2012,0,0,342.9999995198
"3183","Finland",5,"STRPNE_1",2013,0,0,318.9999994896
"3184","Finland",5,"STRPNE_1",2014,1.014285694,0.285714280514286,354.999999361
"3185","Finland",5,"STRPNE_1",2015,1.0070754435,0.235849050495283,426.9999991033
"3186","Finland",5,"STRPNE_1",2016,0,0,414.99999917
"3187","Finland",5,"STRPNE_1",2017,0,0,438.9999992976
"3188","Finland",5,"STRPNE_1",2018,0,0,391.999999412
"3189","Finland",5,"STRPNE_1",2019,0,0,386.9999995743
"3190","Finland",5,"STRPNE_1",2020,0,0,152.9999997858
"3191","Finland",5,"STRPNE_1",2021,0,0,146.9999998236
"3192","Finland",5,"STRPNE_1",2022,0,0,264.9999995495
"3193","Finland",5,"STRPNE_1",2023,0,0,340.9999993862
"3194","Finland",5,"STRPNE_1",2024,0,0,299.99999958
"3195","Finland",5,"STRPNE_10",2010,2.0965517168,0.689655170965517,303.9999995744
"3196","Finland",5,"STRPNE_10",2011,0,0,297.9999994338
"3197","Finland",5,"STRPNE_10",2012,0,0,342.9999995198
"3198","Finland",5,"STRPNE_10",2013,1.9999999756,0.626959241003135,318.9999994896
"3199","Finland",5,"STRPNE_10",2014,0,0,354.999999361
"3200","Finland",5,"STRPNE_10",2015,1.0070754435,0.235849050495283,426.9999991033
"3201","Finland",5,"STRPNE_10",2016,0,0,414.99999917
"3202","Finland",5,"STRPNE_10",2018,0,0,391.999999412
"3203","Finland",5,"STRPNE_10",2019,0,0,386.9999995743
"3204","Finland",5,"STRPNE_10",2020,0,0,152.9999997858
"3205","Finland",5,"STRPNE_10",2022,0,0,264.9999995495
"3206","Finland",5,"STRPNE_10",2023,0,0,340.9999993862
"3207","Finland",5,"STRPNE_10",2024,0,0,299.99999958
"3208","Finland",5,"STRPNE_10A",2010,0,0,303.9999995744
"3209","Finland",5,"STRPNE_10A",2011,2.027210858,0.680272101292517,297.9999994338
"3210","Finland",5,"STRPNE_10A",2012,2.0356083083,0.593471810830861,342.9999995198
"3211","Finland",5,"STRPNE_10A",2013,0.9999999878,0.313479620501567,318.9999994896
"3212","Finland",5,"STRPNE_10A",2014,3.0428571175,0.857142851542857,354.999999361
"3213","Finland",5,"STRPNE_10A",2015,3.0212263732,0.707547161485849,426.9999991033
"3214","Finland",5,"STRPNE_10A",2016,2.004830887,0.483091780966184,414.99999917
"3215","Finland",5,"STRPNE_10A",2017,2.0277136064,0.46189376073903,438.9999992976
"3216","Finland",5,"STRPNE_10A",2018,6.0775193528,1.55038759232558,391.999999412
"3217","Finland",5,"STRPNE_10A",2019,3.0234375,0.781250000859375,386.9999995743
"3218","Finland",5,"STRPNE_10A",2020,1.0065789369,0.657894730921053,152.9999997858
"3219","Finland",5,"STRPNE_10A",2021,3.0205479444,2.05479452246575,146.9999998236
"3220","Finland",5,"STRPNE_10A",2022,2.0866141605,0.787401571338583,264.9999995495
"3221","Finland",5,"STRPNE_10A",2023,0,0,340.9999993862
"3222","Finland",5,"STRPNE_10A",2024,3.03030303,1.01010101141414,299.99999958
"3223","Finland",5,"STRPNE_10B",2010,0,0,303.9999995744
"3224","Finland",5,"STRPNE_10B",2011,0,0,297.9999994338
"3225","Finland",5,"STRPNE_10B",2012,0,0,342.9999995198
"3226","Finland",5,"STRPNE_10B",2013,0,0,318.9999994896
"3227","Finland",5,"STRPNE_10B",2014,0,0,354.999999361
"3228","Finland",5,"STRPNE_10B",2015,1.0070754435,0.235849050495283,426.9999991033
"3229","Finland",5,"STRPNE_10B",2016,0,0,414.99999917
"3230","Finland",5,"STRPNE_10B",2017,0,0,438.9999992976
"3231","Finland",5,"STRPNE_10B",2018,0,0,391.999999412
"3232","Finland",5,"STRPNE_10B",2019,0,0,386.9999995743
"3233","Finland",5,"STRPNE_10B",2020,1.0065789369,0.657894730921053,152.9999997858
"3234","Finland",5,"STRPNE_10B",2021,0,0,146.9999998236
"3235","Finland",5,"STRPNE_10B",2022,0,0,264.9999995495
"3236","Finland",5,"STRPNE_10B",2023,0,0,340.9999993862
"3237","Finland",5,"STRPNE_10B",2024,0,0,299.99999958
"3238","Finland",5,"STRPNE_10C",2013,0,0,318.9999994896
"3239","Finland",5,"STRPNE_10C",2017,0,0,438.9999992976
"3240","Finland",5,"STRPNE_10C",2018,0,0,391.999999412
"3241","Finland",5,"STRPNE_10C",2020,0,0,152.9999997858
"3242","Finland",5,"STRPNE_10C",2022,0,0,264.9999995495
"3243","Finland",5,"STRPNE_10C",2023,0,0,340.9999993862
"3244","Finland",5,"STRPNE_10F",2010,0,0,303.9999995744
"3245","Finland",5,"STRPNE_10F",2011,0,0,297.9999994338
"3246","Finland",5,"STRPNE_10F",2012,0,0,342.9999995198
"3247","Finland",5,"STRPNE_10F",2013,0,0,318.9999994896
"3248","Finland",5,"STRPNE_10F",2014,0,0,354.999999361
"3249","Finland",5,"STRPNE_10F",2015,0,0,426.9999991033
"3250","Finland",5,"STRPNE_10F",2016,0,0,414.99999917
"3251","Finland",5,"STRPNE_10F",2017,1.0138568032,0.230946880369515,438.9999992976
"3252","Finland",5,"STRPNE_10F",2018,0,0,391.999999412
"3253","Finland",5,"STRPNE_10F",2019,0,0,386.9999995743
"3254","Finland",5,"STRPNE_10F",2020,0,0,152.9999997858
"3255","Finland",5,"STRPNE_10F",2021,0,0,146.9999998236
"3256","Finland",5,"STRPNE_10F",2024,0,0,299.99999958
"3257","Finland",5,"STRPNE_11",2010,0,0,303.9999995744
"3258","Finland",5,"STRPNE_11",2011,0,0,297.9999994338
"3259","Finland",5,"STRPNE_11",2012,0,0,342.9999995198
"3260","Finland",5,"STRPNE_11",2013,0,0,318.9999994896
"3261","Finland",5,"STRPNE_11",2014,0,0,354.999999361
"3262","Finland",5,"STRPNE_11",2015,0,0,426.9999991033
"3263","Finland",5,"STRPNE_11",2016,0,0,414.99999917
"3264","Finland",5,"STRPNE_11",2017,0,0,438.9999992976
"3265","Finland",5,"STRPNE_11",2019,0,0,386.9999995743
"3266","Finland",5,"STRPNE_11",2021,0,0,146.9999998236
"3267","Finland",5,"STRPNE_11",2022,0,0,264.9999995495
"3268","Finland",5,"STRPNE_11",2023,0,0,340.9999993862
"3269","Finland",5,"STRPNE_11",2024,0,0,299.99999958
"3270","Finland",5,"STRPNE_11A",2010,6.2896551504,2.06896551289655,303.9999995744
"3271","Finland",5,"STRPNE_11A",2011,9.1224489504,3.06122448581633,297.9999994338
"3272","Finland",5,"STRPNE_11A",2012,13.2314539868,3.85756676540059,342.9999995198
"3273","Finland",5,"STRPNE_11A",2013,14.9999999765,4.70219435752351,318.9999994896
"3274","Finland",5,"STRPNE_11A",2014,9.1285714235,2.57142857462857,354.999999361
"3275","Finland",5,"STRPNE_11A",2015,18.1273584527,4.24528301891509,426.9999991033
"3276","Finland",5,"STRPNE_11A",2016,8.019323631,1.93236714386473,414.99999917
"3277","Finland",5,"STRPNE_11A",2017,12.1662817262,2.77136258443418,438.9999992976
"3278","Finland",5,"STRPNE_11A",2018,13.1679586304,3.35917312503876,391.999999412
"3279","Finland",5,"STRPNE_11A",2019,14.1093749871,3.64583333401042,386.9999995743
"3280","Finland",5,"STRPNE_11A",2020,4.0263157782,2.63157894368421,152.9999997858
"3281","Finland",5,"STRPNE_11A",2021,2.0136986247,1.36986301164384,146.9999998236
"3282","Finland",5,"STRPNE_11A",2022,12.519685016,4.7244094480315,264.9999995495
"3283","Finland",5,"STRPNE_11A",2023,19.6930090918,5.77507599039514,340.9999993862
"3284","Finland",5,"STRPNE_11A",2024,8.08080807,2.69360269377104,299.99999958
"3285","Finland",5,"STRPNE_11A/D",2023,0,0,340.9999993862
"3286","Finland",5,"STRPNE_11B",2010,1.0482758432,0.344827580482759,303.9999995744
"3287","Finland",5,"STRPNE_11B",2011,0,0,297.9999994338
"3288","Finland",5,"STRPNE_11B",2013,0.9999999878,0.313479620501567,318.9999994896
"3289","Finland",5,"STRPNE_11B",2014,0,0,354.999999361
"3290","Finland",5,"STRPNE_11B",2015,0,0,426.9999991033
"3291","Finland",5,"STRPNE_11B",2016,1.0024154435,0.241545890483092,414.99999917
"3292","Finland",5,"STRPNE_11B",2017,1.0138568032,0.230946880369515,438.9999992976
"3293","Finland",5,"STRPNE_11B",2018,0,0,391.999999412
"3294","Finland",5,"STRPNE_11B",2019,0,0,386.9999995743
"3295","Finland",5,"STRPNE_11B",2020,0,0,152.9999997858
"3296","Finland",5,"STRPNE_11B",2022,0,0,264.9999995495
"3297","Finland",5,"STRPNE_11B",2023,0,0,340.9999993862
"3298","Finland",5,"STRPNE_11B",2024,0,0,299.99999958
"3299","Finland",5,"STRPNE_11C",2011,1.013605429,0.340136050646259,297.9999994338
"3300","Finland",5,"STRPNE_11C",2012,1.017804137,0.29673590041543,342.9999995198
"3301","Finland",5,"STRPNE_11C",2013,0,0,318.9999994896
"3302","Finland",5,"STRPNE_11C",2014,0,0,354.999999361
"3303","Finland",5,"STRPNE_11C",2015,0,0,426.9999991033
"3304","Finland",5,"STRPNE_11C",2016,0,0,414.99999917
"3305","Finland",5,"STRPNE_11C",2017,0,0,438.9999992976
"3306","Finland",5,"STRPNE_11C",2018,0,0,391.999999412
"3307","Finland",5,"STRPNE_11C",2021,0,0,146.9999998236
"3308","Finland",5,"STRPNE_11C",2023,0,0,340.9999993862
"3309","Finland",5,"STRPNE_11D",2010,0,0,303.9999995744
"3310","Finland",5,"STRPNE_11D",2011,0,0,297.9999994338
"3311","Finland",5,"STRPNE_11D",2015,0,0,426.9999991033
"3312","Finland",5,"STRPNE_11D",2017,0,0,438.9999992976
"3313","Finland",5,"STRPNE_11D",2018,0,0,391.999999412
"3314","Finland",5,"STRPNE_11D",2019,0,0,386.9999995743
"3315","Finland",5,"STRPNE_11D",2020,0,0,152.9999997858
"3316","Finland",5,"STRPNE_11D",2021,0,0,146.9999998236
"3317","Finland",5,"STRPNE_11D",2022,0,0,264.9999995495
"3318","Finland",5,"STRPNE_11D",2023,0,0,340.9999993862
"3319","Finland",5,"STRPNE_11D",2024,0,0,299.99999958
"3320","Finland",5,"STRPNE_11E",2019,0,0,386.9999995743
"3321","Finland",5,"STRPNE_11E",2022,0,0,264.9999995495
"3322","Finland",5,"STRPNE_11E",2024,0,0,299.99999958
"3323","Finland",5,"STRPNE_11F",2010,0,0,303.9999995744
"3324","Finland",5,"STRPNE_11F",2011,0,0,297.9999994338
"3325","Finland",5,"STRPNE_11F",2012,0,0,342.9999995198
"3326","Finland",5,"STRPNE_11F",2018,0,0,391.999999412
"3327","Finland",5,"STRPNE_11F",2024,0,0,299.99999958
"3328","Finland",5,"STRPNE_12",2010,0,0,303.9999995744
"3329","Finland",5,"STRPNE_12",2011,0,0,297.9999994338
"3330","Finland",5,"STRPNE_12",2012,0,0,342.9999995198
"3331","Finland",5,"STRPNE_12",2013,0,0,318.9999994896
"3332","Finland",5,"STRPNE_12",2014,0,0,354.999999361
"3333","Finland",5,"STRPNE_12",2015,0,0,426.9999991033
"3334","Finland",5,"STRPNE_12",2016,0,0,414.99999917
"3335","Finland",5,"STRPNE_12",2017,0,0,438.9999992976
"3336","Finland",5,"STRPNE_12",2018,0,0,391.999999412
"3337","Finland",5,"STRPNE_12",2019,0,0,386.9999995743
"3338","Finland",5,"STRPNE_12",2022,0,0,264.9999995495
"3339","Finland",5,"STRPNE_12",2024,0,0,299.99999958
"3340","Finland",5,"STRPNE_12A",2010,0,0,303.9999995744
"3341","Finland",5,"STRPNE_12A",2012,0,0,342.9999995198
"3342","Finland",5,"STRPNE_12A",2013,0,0,318.9999994896
"3343","Finland",5,"STRPNE_12A",2015,0,0,426.9999991033
"3344","Finland",5,"STRPNE_12A",2017,0,0,438.9999992976
"3345","Finland",5,"STRPNE_12A",2018,0,0,391.999999412
"3346","Finland",5,"STRPNE_12A",2022,0,0,264.9999995495
"3347","Finland",5,"STRPNE_12A",2023,0,0,340.9999993862
"3348","Finland",5,"STRPNE_12A",2024,0,0,299.99999958
"3349","Finland",5,"STRPNE_12B",2010,0,0,303.9999995744
"3350","Finland",5,"STRPNE_12B",2011,0,0,297.9999994338
"3351","Finland",5,"STRPNE_12B",2012,0,0,342.9999995198
"3352","Finland",5,"STRPNE_12B",2013,0,0,318.9999994896
"3353","Finland",5,"STRPNE_12B",2014,0,0,354.999999361
"3354","Finland",5,"STRPNE_12B",2015,0,0,426.9999991033
"3355","Finland",5,"STRPNE_12B",2016,0,0,414.99999917
"3356","Finland",5,"STRPNE_12B",2017,0,0,438.9999992976
"3357","Finland",5,"STRPNE_12B",2018,0,0,391.999999412
"3358","Finland",5,"STRPNE_12B",2019,0,0,386.9999995743
"3359","Finland",5,"STRPNE_12B",2020,0,0,152.9999997858
"3360","Finland",5,"STRPNE_12B",2021,0,0,146.9999998236
"3361","Finland",5,"STRPNE_12B",2022,0,0,264.9999995495
"3362","Finland",5,"STRPNE_12B",2023,0,0,340.9999993862
"3363","Finland",5,"STRPNE_12B",2024,0,0,299.99999958
"3364","Finland",5,"STRPNE_12F",2010,0,0,303.9999995744
"3365","Finland",5,"STRPNE_12F",2011,0,0,297.9999994338
"3366","Finland",5,"STRPNE_12F",2012,1.017804137,0.29673590041543,342.9999995198
"3367","Finland",5,"STRPNE_12F",2013,0.9999999878,0.313479620501567,318.9999994896
"3368","Finland",5,"STRPNE_12F",2014,3.0428571175,0.857142851542857,354.999999361
"3369","Finland",5,"STRPNE_12F",2015,2.0141509297,0.471698110990566,426.9999991033
"3370","Finland",5,"STRPNE_12F",2016,1.0024154435,0.241545890483092,414.99999917
"3371","Finland",5,"STRPNE_12F",2017,1.0138568032,0.230946880369515,438.9999992976
"3372","Finland",5,"STRPNE_12F",2018,0,0,391.999999412
"3373","Finland",5,"STRPNE_12F",2019,2.0156249871,0.520833330572917,386.9999995743
"3374","Finland",5,"STRPNE_12F",2020,0,0,152.9999997858
"3375","Finland",5,"STRPNE_12F",2021,4.0273972494,2.73972602328767,146.9999998236
"3376","Finland",5,"STRPNE_12F",2022,0,0,264.9999995495
"3377","Finland",5,"STRPNE_12F",2023,1.0364741376,0.303951360547112,340.9999993862
"3378","Finland",5,"STRPNE_12F",2024,1.01010099,0.33670033047138,299.99999958
"3379","Finland",5,"STRPNE_13",2010,0,0,303.9999995744
"3380","Finland",5,"STRPNE_13",2011,0,0,297.9999994338
"3381","Finland",5,"STRPNE_13",2012,0,0,342.9999995198
"3382","Finland",5,"STRPNE_13",2013,0,0,318.9999994896
"3383","Finland",5,"STRPNE_13",2014,2.0285714235,0.571428571028571,354.999999361
"3384","Finland",5,"STRPNE_13",2015,0,0,426.9999991033
"3385","Finland",5,"STRPNE_13",2016,0,0,414.99999917
"3386","Finland",5,"STRPNE_13",2017,3.0415704096,0.692840641108545,438.9999992976
"3387","Finland",5,"STRPNE_13",2018,1.0129198856,0.258397930387597,391.999999412
"3388","Finland",5,"STRPNE_13",2019,0,0,386.9999995743
"3389","Finland",5,"STRPNE_13",2020,0,0,152.9999997858
"3390","Finland",5,"STRPNE_13",2021,0,0,146.9999998236
"3391","Finland",5,"STRPNE_13",2022,0,0,264.9999995495
"3392","Finland",5,"STRPNE_13",2023,0,0,340.9999993862
"3393","Finland",5,"STRPNE_13",2024,0,0,299.99999958
"3394","Finland",5,"STRPNE_14",2010,49.268965512,16.2068965726897,303.9999995744
"3395","Finland",5,"STRPNE_14",2011,45.6122448712,15.3061224690816,297.9999994338
"3396","Finland",5,"STRPNE_14",2012,48.8545993992,14.2433234599407,342.9999995198
"3397","Finland",5,"STRPNE_14",2013,29.9999999849,9.40438872504702,318.9999994896
"3398","Finland",5,"STRPNE_14",2014,23.3285714235,6.57142858182857,354.999999361
"3399","Finland",5,"STRPNE_14",2015,5.0353773456,1.17924528247642,426.9999991033
"3400","Finland",5,"STRPNE_14",2016,8.019323631,1.93236714386473,414.99999917
"3401","Finland",5,"STRPNE_14",2017,10.1385681198,2.30946882369515,438.9999992976
"3402","Finland",5,"STRPNE_14",2018,6.0775193528,1.55038759232558,391.999999412
"3403","Finland",5,"STRPNE_14",2019,1.0078124742,0.260416660286458,386.9999995743
"3404","Finland",5,"STRPNE_14",2020,2.0131578891,1.31578947184211,152.9999997858
"3405","Finland",5,"STRPNE_14",2021,1.006849305,0.684931500821918,146.9999998236
"3406","Finland",5,"STRPNE_14",2022,1.043307067,0.393700780669291,264.9999995495
"3407","Finland",5,"STRPNE_14",2023,1.0364741376,0.303951360547112,340.9999993862
"3408","Finland",5,"STRPNE_14",2024,2.02020201,0.673400670942761,299.99999958
"3409","Finland",5,"STRPNE_15",2010,0,0,303.9999995744
"3410","Finland",5,"STRPNE_15",2011,0,0,297.9999994338
"3411","Finland",5,"STRPNE_15",2012,0,0,342.9999995198
"3412","Finland",5,"STRPNE_15",2013,0,0,318.9999994896
"3413","Finland",5,"STRPNE_15",2014,1.014285694,0.285714280514286,354.999999361
"3414","Finland",5,"STRPNE_15",2015,0,0,426.9999991033
"3415","Finland",5,"STRPNE_15",2016,0,0,414.99999917
"3416","Finland",5,"STRPNE_15",2017,0,0,438.9999992976
"3417","Finland",5,"STRPNE_15",2018,0,0,391.999999412
"3418","Finland",5,"STRPNE_15",2019,0,0,386.9999995743
"3419","Finland",5,"STRPNE_15",2020,0,0,152.9999997858
"3420","Finland",5,"STRPNE_15",2021,0,0,146.9999998236
"3421","Finland",5,"STRPNE_15",2022,0,0,264.9999995495
"3422","Finland",5,"STRPNE_15",2023,0,0,340.9999993862
"3423","Finland",5,"STRPNE_15",2024,0,0,299.99999958
"3424","Finland",5,"STRPNE_15A",2010,2.0965517168,0.689655170965517,303.9999995744
"3425","Finland",5,"STRPNE_15A",2011,2.027210858,0.680272101292517,297.9999994338
"3426","Finland",5,"STRPNE_15A",2012,3.0534124453,0.890207711246291,342.9999995198
"3427","Finland",5,"STRPNE_15A",2013,2.9999999953,0.940438871504702,318.9999994896
"3428","Finland",5,"STRPNE_15A",2014,2.0285714235,0.571428571028571,354.999999361
"3429","Finland",5,"STRPNE_15A",2015,6.0424527891,1.4150943329717,426.9999991033
"3430","Finland",5,"STRPNE_15A",2016,11.0265700445,2.65700483531401,414.99999917
"3431","Finland",5,"STRPNE_15A",2017,5.0692840599,1.15473441184758,438.9999992976
"3432","Finland",5,"STRPNE_15A",2018,5.0645994672,1.29198966193798,391.999999412
"3433","Finland",5,"STRPNE_15A",2019,14.1093749871,3.64583333401042,386.9999995743
"3434","Finland",5,"STRPNE_15A",2020,10.0657894608,6.57894736921053,152.9999997858
"3435","Finland",5,"STRPNE_15A",2021,4.0273972494,2.73972602328767,146.9999998236
"3436","Finland",5,"STRPNE_15A",2022,9.389763762,3.54330708602362,264.9999995495
"3437","Finland",5,"STRPNE_15A",2023,14.5106382674,4.25531914765957,340.9999993862
"3438","Finland",5,"STRPNE_15A",2024,21.21212121,7.07070707989899,299.99999958
"3439","Finland",5,"STRPNE_15B",2010,0,0,303.9999995744
"3440","Finland",5,"STRPNE_15B",2011,4.0544217458,1.36054421258503,297.9999994338
"3441","Finland",5,"STRPNE_15B",2012,5.0890207536,1.48367952207715,342.9999995198
"3442","Finland",5,"STRPNE_15B",2013,5.9999999906,1.8808777430094,318.9999994896
"3443","Finland",5,"STRPNE_15B",2014,10.1428571175,2.85714285514286,354.999999361
"3444","Finland",5,"STRPNE_15B",2015,8.0566037615,1.88679245396226,426.9999991033
"3445","Finland",5,"STRPNE_15B",2016,9.021739116,2.17391304434783,414.99999917
"3446","Finland",5,"STRPNE_15B",2017,5.0692840599,1.15473441184758,438.9999992976
"3447","Finland",5,"STRPNE_15B",2018,5.0645994672,1.29198966193798,391.999999412
"3448","Finland",5,"STRPNE_15B",2019,12.09375,3.1250000034375,386.9999995743
"3449","Finland",5,"STRPNE_15B",2020,1.0065789369,0.657894730921053,152.9999997858
"3450","Finland",5,"STRPNE_15B",2021,3.0205479444,2.05479452246575,146.9999998236
"3451","Finland",5,"STRPNE_15B",2022,3.129921254,1.18110236200787,264.9999995495
"3452","Finland",5,"STRPNE_15B",2023,1.0364741376,0.303951360547112,340.9999993862
"3453","Finland",5,"STRPNE_15B",2024,7.07070705,2.35690235329966,299.99999958
"3454","Finland",5,"STRPNE_15B/C",2012,0,0,342.9999995198
"3455","Finland",5,"STRPNE_15B/C",2013,0,0,318.9999994896
"3456","Finland",5,"STRPNE_15B/C",2014,0,0,354.999999361
"3457","Finland",5,"STRPNE_15B/C",2015,0,0,426.9999991033
"3458","Finland",5,"STRPNE_15B/C",2016,0,0,414.99999917
"3459","Finland",5,"STRPNE_15B/C",2017,0,0,438.9999992976
"3460","Finland",5,"STRPNE_15B/C",2018,0,0,391.999999412
"3461","Finland",5,"STRPNE_15B/C",2019,0,0,386.9999995743
"3462","Finland",5,"STRPNE_15B/C",2020,0,0,152.9999997858
"3463","Finland",5,"STRPNE_15B/C",2021,0,0,146.9999998236
"3464","Finland",5,"STRPNE_15B/C",2022,0,0,264.9999995495
"3465","Finland",5,"STRPNE_15B/C",2023,0,0,340.9999993862
"3466","Finland",5,"STRPNE_15B/C",2024,0,0,299.99999958
"3467","Finland",5,"STRPNE_15C",2010,2.0965517168,0.689655170965517,303.9999995744
"3468","Finland",5,"STRPNE_15C",2011,2.027210858,0.680272101292517,297.9999994338
"3469","Finland",5,"STRPNE_15C",2012,5.0890207536,1.48367952207715,342.9999995198
"3470","Finland",5,"STRPNE_15C",2013,1.9999999756,0.626959241003135,318.9999994896
"3471","Finland",5,"STRPNE_15C",2014,3.0428571175,0.857142851542857,354.999999361
"3472","Finland",5,"STRPNE_15C",2015,6.0424527891,1.4150943329717,426.9999991033
"3473","Finland",5,"STRPNE_15C",2016,10.0241545595,2.41545893483092,414.99999917
"3474","Finland",5,"STRPNE_15C",2017,4.0554272128,0.92378752147806,438.9999992976
"3475","Finland",5,"STRPNE_15C",2018,5.0645994672,1.29198966193798,391.999999412
"3476","Finland",5,"STRPNE_15C",2019,6.046875,1.56250000171875,386.9999995743
"3477","Finland",5,"STRPNE_15C",2020,3.0197368413,1.97368421276316,152.9999997858
"3478","Finland",5,"STRPNE_15C",2021,2.0136986247,1.36986301164384,146.9999998236
"3479","Finland",5,"STRPNE_15C",2022,0,0,264.9999995495
"3480","Finland",5,"STRPNE_15C",2023,5.1823707903,1.51975683273556,340.9999993862
"3481","Finland",5,"STRPNE_15C",2024,5.05050504,1.6835016823569,299.99999958
"3482","Finland",5,"STRPNE_15F",2010,0,0,303.9999995744
"3483","Finland",5,"STRPNE_15F",2011,0,0,297.9999994338
"3484","Finland",5,"STRPNE_15F",2012,0,0,342.9999995198
"3485","Finland",5,"STRPNE_15F",2013,0,0,318.9999994896
"3486","Finland",5,"STRPNE_15F",2014,0,0,354.999999361
"3487","Finland",5,"STRPNE_15F",2015,0,0,426.9999991033
"3488","Finland",5,"STRPNE_15F",2016,0,0,414.99999917
"3489","Finland",5,"STRPNE_15F",2017,0,0,438.9999992976
"3490","Finland",5,"STRPNE_15F",2018,0,0,391.999999412
"3491","Finland",5,"STRPNE_15F",2021,0,0,146.9999998236
"3492","Finland",5,"STRPNE_15F",2022,0,0,264.9999995495
"3493","Finland",5,"STRPNE_15F",2023,0,0,340.9999993862
"3494","Finland",5,"STRPNE_15F",2024,0,0,299.99999958
"3495","Finland",5,"STRPNE_16",2010,0,0,303.9999995744
"3496","Finland",5,"STRPNE_16",2011,0,0,297.9999994338
"3497","Finland",5,"STRPNE_16",2012,0,0,342.9999995198
"3498","Finland",5,"STRPNE_16",2013,0,0,318.9999994896
"3499","Finland",5,"STRPNE_16",2014,0,0,354.999999361
"3500","Finland",5,"STRPNE_16",2016,0,0,414.99999917
"3501","Finland",5,"STRPNE_16",2017,0,0,438.9999992976
"3502","Finland",5,"STRPNE_16",2018,0,0,391.999999412
"3503","Finland",5,"STRPNE_16",2019,0,0,386.9999995743
"3504","Finland",5,"STRPNE_16",2022,0,0,264.9999995495
"3505","Finland",5,"STRPNE_16",2023,0,0,340.9999993862
"3506","Finland",5,"STRPNE_16",2024,0,0,299.99999958
"3507","Finland",5,"STRPNE_16A",2013,0,0,318.9999994896
"3508","Finland",5,"STRPNE_16A",2014,0,0,354.999999361
"3509","Finland",5,"STRPNE_16A",2015,0,0,426.9999991033
"3510","Finland",5,"STRPNE_16A",2017,0,0,438.9999992976
"3511","Finland",5,"STRPNE_16A",2018,0,0,391.999999412
"3512","Finland",5,"STRPNE_16A",2019,0,0,386.9999995743
"3513","Finland",5,"STRPNE_16A",2021,0,0,146.9999998236
"3514","Finland",5,"STRPNE_16A",2022,0,0,264.9999995495
"3515","Finland",5,"STRPNE_16A",2023,0,0,340.9999993862
"3516","Finland",5,"STRPNE_16A",2024,0,0,299.99999958
"3517","Finland",5,"STRPNE_16F",2010,2.0965517168,0.689655170965517,303.9999995744
"3518","Finland",5,"STRPNE_16F",2011,2.027210858,0.680272101292517,297.9999994338
"3519","Finland",5,"STRPNE_16F",2012,3.0534124453,0.890207711246291,342.9999995198
"3520","Finland",5,"STRPNE_16F",2013,0.9999999878,0.313479620501567,318.9999994896
"3521","Finland",5,"STRPNE_16F",2014,0,0,354.999999361
"3522","Finland",5,"STRPNE_16F",2015,5.0353773456,1.17924528247642,426.9999991033
"3523","Finland",5,"STRPNE_16F",2016,5.012077259,1.20772946241546,414.99999917
"3524","Finland",5,"STRPNE_16F",2017,2.0277136064,0.46189376073903,438.9999992976
"3525","Finland",5,"STRPNE_16F",2018,3.0387596568,0.775193791162791,391.999999412
"3526","Finland",5,"STRPNE_16F",2019,2.0156249871,0.520833330572917,386.9999995743
"3527","Finland",5,"STRPNE_16F",2020,1.0065789369,0.657894730921053,152.9999997858
"3528","Finland",5,"STRPNE_16F",2021,3.0205479444,2.05479452246575,146.9999998236
"3529","Finland",5,"STRPNE_16F",2022,2.0866141605,0.787401571338583,264.9999995495
"3530","Finland",5,"STRPNE_16F",2023,2.0729483093,0.607902731094225,340.9999993862
"3531","Finland",5,"STRPNE_16F",2024,0,0,299.99999958
"3532","Finland",5,"STRPNE_17",2010,0,0,303.9999995744
"3533","Finland",5,"STRPNE_17",2011,2.027210858,0.680272101292517,297.9999994338
"3534","Finland",5,"STRPNE_17",2012,1.017804137,0.29673590041543,342.9999995198
"3535","Finland",5,"STRPNE_17",2013,0,0,318.9999994896
"3536","Finland",5,"STRPNE_17",2014,0,0,354.999999361
"3537","Finland",5,"STRPNE_17",2017,0,0,438.9999992976
"3538","Finland",5,"STRPNE_17",2022,0,0,264.9999995495
"3539","Finland",5,"STRPNE_17A",2010,0,0,303.9999995744
"3540","Finland",5,"STRPNE_17A",2011,0,0,297.9999994338
"3541","Finland",5,"STRPNE_17A",2012,0,0,342.9999995198
"3542","Finland",5,"STRPNE_17A",2013,0,0,318.9999994896
"3543","Finland",5,"STRPNE_17A",2014,0,0,354.999999361
"3544","Finland",5,"STRPNE_17A",2015,0,0,426.9999991033
"3545","Finland",5,"STRPNE_17A",2016,0,0,414.99999917
"3546","Finland",5,"STRPNE_17A",2017,0,0,438.9999992976
"3547","Finland",5,"STRPNE_17A",2018,0,0,391.999999412
"3548","Finland",5,"STRPNE_17A",2019,0,0,386.9999995743
"3549","Finland",5,"STRPNE_17A",2020,0,0,152.9999997858
"3550","Finland",5,"STRPNE_17A",2021,0,0,146.9999998236
"3551","Finland",5,"STRPNE_17A",2022,0,0,264.9999995495
"3552","Finland",5,"STRPNE_17A",2023,0,0,340.9999993862
"3553","Finland",5,"STRPNE_17A",2024,0,0,299.99999958
"3554","Finland",5,"STRPNE_17A/35B/C",2023,0,0,340.9999993862
"3555","Finland",5,"STRPNE_17F",2010,0,0,303.9999995744
"3556","Finland",5,"STRPNE_17F",2011,0,0,297.9999994338
"3557","Finland",5,"STRPNE_17F",2012,0,0,342.9999995198
"3558","Finland",5,"STRPNE_17F",2013,0.9999999878,0.313479620501567,318.9999994896
"3559","Finland",5,"STRPNE_17F",2014,0,0,354.999999361
"3560","Finland",5,"STRPNE_17F",2015,0,0,426.9999991033
"3561","Finland",5,"STRPNE_17F",2016,0,0,414.99999917
"3562","Finland",5,"STRPNE_17F",2017,3.0415704096,0.692840641108545,438.9999992976
"3563","Finland",5,"STRPNE_17F",2018,4.0516795816,1.03359173155039,391.999999412
"3564","Finland",5,"STRPNE_17F",2019,2.0156249871,0.520833330572917,386.9999995743
"3565","Finland",5,"STRPNE_17F",2020,0,0,152.9999997858
"3566","Finland",5,"STRPNE_17F",2021,0,0,146.9999998236
"3567","Finland",5,"STRPNE_17F",2022,0,0,264.9999995495
"3568","Finland",5,"STRPNE_17F",2023,1.0364741376,0.303951360547112,340.9999993862
"3569","Finland",5,"STRPNE_17F",2024,0,0,299.99999958
"3570","Finland",5,"STRPNE_18",2010,0,0,303.9999995744
"3571","Finland",5,"STRPNE_18",2011,0,0,297.9999994338
"3572","Finland",5,"STRPNE_18",2012,0,0,342.9999995198
"3573","Finland",5,"STRPNE_18",2013,0,0,318.9999994896
"3574","Finland",5,"STRPNE_18",2014,0,0,354.999999361
"3575","Finland",5,"STRPNE_18",2019,0,0,386.9999995743
"3576","Finland",5,"STRPNE_18",2021,0,0,146.9999998236
"3577","Finland",5,"STRPNE_18",2022,0,0,264.9999995495
"3578","Finland",5,"STRPNE_18",2023,0,0,340.9999993862
"3579","Finland",5,"STRPNE_18",2024,0,0,299.99999958
"3580","Finland",5,"STRPNE_18A",2010,0,0,303.9999995744
"3581","Finland",5,"STRPNE_18A",2011,0,0,297.9999994338
"3582","Finland",5,"STRPNE_18A",2012,0,0,342.9999995198
"3583","Finland",5,"STRPNE_18A",2013,0,0,318.9999994896
"3584","Finland",5,"STRPNE_18A",2014,0,0,354.999999361
"3585","Finland",5,"STRPNE_18A",2015,0,0,426.9999991033
"3586","Finland",5,"STRPNE_18A",2016,0,0,414.99999917
"3587","Finland",5,"STRPNE_18A",2017,0,0,438.9999992976
"3588","Finland",5,"STRPNE_18A",2018,0,0,391.999999412
"3589","Finland",5,"STRPNE_18A",2019,0,0,386.9999995743
"3590","Finland",5,"STRPNE_18A",2020,0,0,152.9999997858
"3591","Finland",5,"STRPNE_18A",2021,0,0,146.9999998236
"3592","Finland",5,"STRPNE_18A",2022,0,0,264.9999995495
"3593","Finland",5,"STRPNE_18A",2023,0,0,340.9999993862
"3594","Finland",5,"STRPNE_18A",2024,1.01010099,0.33670033047138,299.99999958
"3595","Finland",5,"STRPNE_18B",2010,1.0482758432,0.344827580482759,303.9999995744
"3596","Finland",5,"STRPNE_18B",2011,0,0,297.9999994338
"3597","Finland",5,"STRPNE_18B",2012,0,0,342.9999995198
"3598","Finland",5,"STRPNE_18B",2013,0,0,318.9999994896
"3599","Finland",5,"STRPNE_18B",2014,0,0,354.999999361
"3600","Finland",5,"STRPNE_18B",2017,0,0,438.9999992976
"3601","Finland",5,"STRPNE_18B",2018,0,0,391.999999412
"3602","Finland",5,"STRPNE_18B",2019,0,0,386.9999995743
"3603","Finland",5,"STRPNE_18B",2020,0,0,152.9999997858
"3604","Finland",5,"STRPNE_18B",2022,0,0,264.9999995495
"3605","Finland",5,"STRPNE_18B",2024,0,0,299.99999958
"3606","Finland",5,"STRPNE_18C",2010,8.3862068672,2.75862068386207,303.9999995744
"3607","Finland",5,"STRPNE_18C",2011,13.176870726,4.42176870840136,297.9999994338
"3608","Finland",5,"STRPNE_18C",2012,9.1602373702,2.67062314373887,342.9999995198
"3609","Finland",5,"STRPNE_18C",2013,7.9999999981,2.50783699401254,318.9999994896
"3610","Finland",5,"STRPNE_18C",2014,5.071428541,1.42857142257143,354.999999361
"3611","Finland",5,"STRPNE_18C",2015,11.0778301774,2.59433962544811,426.9999991033
"3612","Finland",5,"STRPNE_18C",2016,2.004830887,0.483091780966184,414.99999917
"3613","Finland",5,"STRPNE_18C",2017,5.0692840599,1.15473441184758,438.9999992976
"3614","Finland",5,"STRPNE_18C",2018,4.0516795816,1.03359173155039,391.999999412
"3615","Finland",5,"STRPNE_18C",2019,1.0078124742,0.260416660286458,386.9999995743
"3616","Finland",5,"STRPNE_18C",2020,0,0,152.9999997858
"3617","Finland",5,"STRPNE_18C",2021,0,0,146.9999998236
"3618","Finland",5,"STRPNE_18C",2022,0,0,264.9999995495
"3619","Finland",5,"STRPNE_18C",2023,1.0364741376,0.303951360547112,340.9999993862
"3620","Finland",5,"STRPNE_18C",2024,0,0,299.99999958
"3621","Finland",5,"STRPNE_18F",2010,0,0,303.9999995744
"3622","Finland",5,"STRPNE_18F",2011,0,0,297.9999994338
"3623","Finland",5,"STRPNE_18F",2013,0,0,318.9999994896
"3624","Finland",5,"STRPNE_18F",2015,0,0,426.9999991033
"3625","Finland",5,"STRPNE_18F",2016,1.0024154435,0.241545890483092,414.99999917
"3626","Finland",5,"STRPNE_18F",2023,0,0,340.9999993862
"3627","Finland",5,"STRPNE_18F",2024,0,0,299.99999958
"3628","Finland",5,"STRPNE_19",2010,0,0,303.9999995744
"3629","Finland",5,"STRPNE_19",2011,0,0,297.9999994338
"3630","Finland",5,"STRPNE_19",2012,0,0,342.9999995198
"3631","Finland",5,"STRPNE_19",2013,0,0,318.9999994896
"3632","Finland",5,"STRPNE_19",2014,0,0,354.999999361
"3633","Finland",5,"STRPNE_19",2016,0,0,414.99999917
"3634","Finland",5,"STRPNE_19",2017,0,0,438.9999992976
"3635","Finland",5,"STRPNE_19",2018,0,0,391.999999412
"3636","Finland",5,"STRPNE_19",2019,0,0,386.9999995743
"3637","Finland",5,"STRPNE_19",2020,0,0,152.9999997858
"3638","Finland",5,"STRPNE_19",2021,0,0,146.9999998236
"3639","Finland",5,"STRPNE_19",2022,0,0,264.9999995495
"3640","Finland",5,"STRPNE_19",2023,0,0,340.9999993862
"3641","Finland",5,"STRPNE_19",2024,0,0,299.99999958
"3642","Finland",5,"STRPNE_19A",2010,10.4827586144,3.44827586482759,303.9999995744
"3643","Finland",5,"STRPNE_19A",2011,16.2176870726,5.44217688034014,297.9999994338
"3644","Finland",5,"STRPNE_19A",2012,21.37388722,6.23145400872404,342.9999995198
"3645","Finland",5,"STRPNE_19A",2013,34.9999999877,10.9717868475549,318.9999994896
"3646","Finland",5,"STRPNE_19A",2014,40.571428541,11.4285714405714,354.999999361
"3647","Finland",5,"STRPNE_19A",2015,61.4316037615,14.3867924802123,426.9999991033
"3648","Finland",5,"STRPNE_19A",2016,79.19082124,19.0821256381643,414.99999917
"3649","Finland",5,"STRPNE_19A",2017,100.3718244387,22.863741366582,438.9999992976
"3650","Finland",5,"STRPNE_19A",2018,85.085271292,21.7054263825581,391.999999412
"3651","Finland",5,"STRPNE_19A",2019,81.6328125,21.0937500232031,386.9999995743
"3652","Finland",5,"STRPNE_19A",2020,26.1710526195,17.1052631739474,152.9999997858
"3653","Finland",5,"STRPNE_19A",2021,39.2671232772,26.7123287920548,146.9999998236
"3654","Finland",5,"STRPNE_19A",2022,75.1181102285,28.346456738189,264.9999995495
"3655","Finland",5,"STRPNE_19A",2023,95.3556230803,27.9635258803343,340.9999993862
"3656","Finland",5,"STRPNE_19A",2024,71.7171717,23.905723933468,299.99999958
"3657","Finland",5,"STRPNE_19B",2014,0,0,354.999999361
"3658","Finland",5,"STRPNE_19B",2016,0,0,414.99999917
"3659","Finland",5,"STRPNE_19B",2018,0,0,391.999999412
"3660","Finland",5,"STRPNE_19B",2021,0,0,146.9999998236
"3661","Finland",5,"STRPNE_19B",2022,0,0,264.9999995495
"3662","Finland",5,"STRPNE_19B",2023,0,0,340.9999993862
"3663","Finland",5,"STRPNE_19C",2011,0,0,297.9999994338
"3664","Finland",5,"STRPNE_19C",2012,0,0,342.9999995198
"3665","Finland",5,"STRPNE_19C",2013,0,0,318.9999994896
"3666","Finland",5,"STRPNE_19C",2014,0,0,354.999999361
"3667","Finland",5,"STRPNE_19C",2017,0,0,438.9999992976
"3668","Finland",5,"STRPNE_19C",2020,0,0,152.9999997858
"3669","Finland",5,"STRPNE_19C",2024,0,0,299.99999958
"3670","Finland",5,"STRPNE_19F",2010,22.0137931024,7.24137932013793,303.9999995744
"3671","Finland",5,"STRPNE_19F",2011,9.1224489504,3.06122448581633,297.9999994338
"3672","Finland",5,"STRPNE_19F",2012,15.2670622951,4.45103857623145,342.9999995198
"3673","Finland",5,"STRPNE_19F",2013,7.9999999981,2.50783699401254,318.9999994896
"3674","Finland",5,"STRPNE_19F",2014,5.071428541,1.42857142257143,354.999999361
"3675","Finland",5,"STRPNE_19F",2015,7.0495282753,1.65094339346698,426.9999991033
"3676","Finland",5,"STRPNE_19F",2016,9.021739116,2.17391304434783,414.99999917
"3677","Finland",5,"STRPNE_19F",2017,1.0138568032,0.230946880369515,438.9999992976
"3678","Finland",5,"STRPNE_19F",2018,5.0645994672,1.29198966193798,391.999999412
"3679","Finland",5,"STRPNE_19F",2019,7.0546874742,1.82291666200521,386.9999995743
"3680","Finland",5,"STRPNE_19F",2020,1.0065789369,0.657894730921053,152.9999997858
"3681","Finland",5,"STRPNE_19F",2021,1.006849305,0.684931500821918,146.9999998236
"3682","Finland",5,"STRPNE_19F",2022,0,0,264.9999995495
"3683","Finland",5,"STRPNE_19F",2023,4.1458966527,1.21580547218845,340.9999993862
"3684","Finland",5,"STRPNE_19F",2024,4.04040402,1.34680134188552,299.99999958
"3685","Finland",5,"STRPNE_2",2011,0,0,297.9999994338
"3686","Finland",5,"STRPNE_2",2012,0,0,342.9999995198
"3687","Finland",5,"STRPNE_2",2013,0,0,318.9999994896
"3688","Finland",5,"STRPNE_2",2015,0,0,426.9999991033
"3689","Finland",5,"STRPNE_2",2016,0,0,414.99999917
"3690","Finland",5,"STRPNE_2",2019,0,0,386.9999995743
"3691","Finland",5,"STRPNE_2",2022,1.043307067,0.393700780669291,264.9999995495
"3692","Finland",5,"STRPNE_2",2024,0,0,299.99999958
"3693","Finland",5,"STRPNE_20",2010,0,0,303.9999995744
"3694","Finland",5,"STRPNE_20",2011,1.013605429,0.340136050646259,297.9999994338
"3695","Finland",5,"STRPNE_20",2012,1.017804137,0.29673590041543,342.9999995198
"3696","Finland",5,"STRPNE_20",2013,0,0,318.9999994896
"3697","Finland",5,"STRPNE_20",2014,3.0428571175,0.857142851542857,354.999999361
"3698","Finland",5,"STRPNE_20",2015,0,0,426.9999991033
"3699","Finland",5,"STRPNE_20",2016,1.0024154435,0.241545890483092,414.99999917
"3700","Finland",5,"STRPNE_20",2017,2.0277136064,0.46189376073903,438.9999992976
"3701","Finland",5,"STRPNE_20",2018,4.0516795816,1.03359173155039,391.999999412
"3702","Finland",5,"STRPNE_20",2019,1.0078124742,0.260416660286458,386.9999995743
"3703","Finland",5,"STRPNE_20",2020,3.0197368413,1.97368421276316,152.9999997858
"3704","Finland",5,"STRPNE_20",2021,3.0205479444,2.05479452246575,146.9999998236
"3705","Finland",5,"STRPNE_20",2022,3.129921254,1.18110236200787,264.9999995495
"3706","Finland",5,"STRPNE_20",2023,4.1458966527,1.21580547218845,340.9999993862
"3707","Finland",5,"STRPNE_20",2024,6.06060606,2.02020202282828,299.99999958
"3708","Finland",5,"STRPNE_21",2010,0,0,303.9999995744
"3709","Finland",5,"STRPNE_21",2011,0,0,297.9999994338
"3710","Finland",5,"STRPNE_21",2012,0,0,342.9999995198
"3711","Finland",5,"STRPNE_21",2013,0,0,318.9999994896
"3712","Finland",5,"STRPNE_21",2014,0,0,354.999999361
"3713","Finland",5,"STRPNE_21",2015,0,0,426.9999991033
"3714","Finland",5,"STRPNE_21",2016,0,0,414.99999917
"3715","Finland",5,"STRPNE_21",2017,0,0,438.9999992976
"3716","Finland",5,"STRPNE_21",2018,0,0,391.999999412
"3717","Finland",5,"STRPNE_21",2019,0,0,386.9999995743
"3718","Finland",5,"STRPNE_21",2020,0,0,152.9999997858
"3719","Finland",5,"STRPNE_21",2021,0,0,146.9999998236
"3720","Finland",5,"STRPNE_21",2022,0,0,264.9999995495
"3721","Finland",5,"STRPNE_21",2023,0,0,340.9999993862
"3722","Finland",5,"STRPNE_21",2024,0,0,299.99999958
"3723","Finland",5,"STRPNE_22",2010,0,0,303.9999995744
"3724","Finland",5,"STRPNE_22",2011,0,0,297.9999994338
"3725","Finland",5,"STRPNE_22",2012,0,0,342.9999995198
"3726","Finland",5,"STRPNE_22",2013,0,0,318.9999994896
"3727","Finland",5,"STRPNE_22",2014,0,0,354.999999361
"3728","Finland",5,"STRPNE_22",2015,0,0,426.9999991033
"3729","Finland",5,"STRPNE_22",2016,0,0,414.99999917
"3730","Finland",5,"STRPNE_22",2017,0,0,438.9999992976
"3731","Finland",5,"STRPNE_22",2018,0,0,391.999999412
"3732","Finland",5,"STRPNE_22",2019,0,0,386.9999995743
"3733","Finland",5,"STRPNE_22",2022,0,0,264.9999995495
"3734","Finland",5,"STRPNE_22",2023,0,0,340.9999993862
"3735","Finland",5,"STRPNE_22A",2011,0,0,297.9999994338
"3736","Finland",5,"STRPNE_22A",2012,0,0,342.9999995198
"3737","Finland",5,"STRPNE_22A",2013,0,0,318.9999994896
"3738","Finland",5,"STRPNE_22A",2014,0,0,354.999999361
"3739","Finland",5,"STRPNE_22A",2015,0,0,426.9999991033
"3740","Finland",5,"STRPNE_22A",2016,0,0,414.99999917
"3741","Finland",5,"STRPNE_22A",2017,0,0,438.9999992976
"3742","Finland",5,"STRPNE_22A",2018,0,0,391.999999412
"3743","Finland",5,"STRPNE_22A",2019,1.0078124742,0.260416660286458,386.9999995743
"3744","Finland",5,"STRPNE_22A",2020,0,0,152.9999997858
"3745","Finland",5,"STRPNE_22A",2022,0,0,264.9999995495
"3746","Finland",5,"STRPNE_22A",2023,0,0,340.9999993862
"3747","Finland",5,"STRPNE_22A",2024,0,0,299.99999958
"3748","Finland",5,"STRPNE_22F",2010,23.0620689456,7.58620690062069,303.9999995744
"3749","Finland",5,"STRPNE_22F",2011,27.3673469108,9.18367347744898,297.9999994338
"3750","Finland",5,"STRPNE_22F",2012,27.4807121449,8.01186944121662,342.9999995198
"3751","Finland",5,"STRPNE_22F",2013,27.9999999774,8.77742947404389,318.9999994896
"3752","Finland",5,"STRPNE_22F",2014,42.6,12.0000000216,354.999999361
"3753","Finland",5,"STRPNE_22F",2015,45.3183961958,10.6132075622877,426.9999991033
"3754","Finland",5,"STRPNE_22F",2016,48.1159419935,11.5942029131884,414.99999917
"3755","Finland",5,"STRPNE_22F",2017,40.5542724792,9.2378752947806,438.9999992976
"3756","Finland",5,"STRPNE_22F",2018,32.413436692,8.2687338624031,391.999999412
"3757","Finland",5,"STRPNE_22F",2019,44.3437499871,11.4583333426042,386.9999995743
"3758","Finland",5,"STRPNE_22F",2020,17.1118420956,11.1842105356579,152.9999997858
"3759","Finland",5,"STRPNE_22F",2021,12.0821917776,8.21917808986301,146.9999998236
"3760","Finland",5,"STRPNE_22F",2022,13.5629921095,5.11811023870079,264.9999995495
"3761","Finland",5,"STRPNE_22F",2023,29.0212765689,8.51063830531915,340.9999993862
"3762","Finland",5,"STRPNE_22F",2024,22.2222222,7.40740741037037,299.99999958
"3763","Finland",5,"STRPNE_23",2010,0,0,303.9999995744
"3764","Finland",5,"STRPNE_23",2011,0,0,297.9999994338
"3765","Finland",5,"STRPNE_23",2012,0,0,342.9999995198
"3766","Finland",5,"STRPNE_23",2013,0,0,318.9999994896
"3767","Finland",5,"STRPNE_23",2014,0,0,354.999999361
"3768","Finland",5,"STRPNE_23",2015,0,0,426.9999991033
"3769","Finland",5,"STRPNE_23",2016,0,0,414.99999917
"3770","Finland",5,"STRPNE_23",2017,0,0,438.9999992976
"3771","Finland",5,"STRPNE_23",2018,0,0,391.999999412
"3772","Finland",5,"STRPNE_23",2019,0,0,386.9999995743
"3773","Finland",5,"STRPNE_23",2020,0,0,152.9999997858
"3774","Finland",5,"STRPNE_23",2021,0,0,146.9999998236
"3775","Finland",5,"STRPNE_23",2022,0,0,264.9999995495
"3776","Finland",5,"STRPNE_23",2024,0,0,299.99999958
"3777","Finland",5,"STRPNE_23A",2010,3.14482756,1.03448275144828,303.9999995744
"3778","Finland",5,"STRPNE_23A",2011,3.0408163168,1.02040816193878,297.9999994338
"3779","Finland",5,"STRPNE_23A",2012,8.1424332332,2.37388724332344,342.9999995198
"3780","Finland",5,"STRPNE_23A",2013,5.9999999906,1.8808777430094,318.9999994896
"3781","Finland",5,"STRPNE_23A",2014,9.1285714235,2.57142857462857,354.999999361
"3782","Finland",5,"STRPNE_23A",2015,21.1485848686,4.95283019040094,426.9999991033
"3783","Finland",5,"STRPNE_23A",2016,18.043478232,4.34782608869565,414.99999917
"3784","Finland",5,"STRPNE_23A",2017,15.2078521797,3.46420323554273,438.9999992976
"3785","Finland",5,"STRPNE_23A",2018,14.180878516,3.61757105542636,391.999999412
"3786","Finland",5,"STRPNE_23A",2019,9.0703125,2.34375000257813,386.9999995743
"3787","Finland",5,"STRPNE_23A",2020,2.0131578891,1.31578947184211,152.9999997858
"3788","Finland",5,"STRPNE_23A",2021,9.0616438332,6.16438356739726,146.9999998236
"3789","Finland",5,"STRPNE_23A",2022,8.3464566685,3.14960629535433,264.9999995495
"3790","Finland",5,"STRPNE_23A",2023,10.3647416147,3.03951367547112,340.9999993862
"3791","Finland",5,"STRPNE_23A",2024,10.10101008,3.3670033647138,299.99999958
"3792","Finland",5,"STRPNE_23B",2010,1.0482758432,0.344827580482759,303.9999995744
"3793","Finland",5,"STRPNE_23B",2011,0,0,297.9999994338
"3794","Finland",5,"STRPNE_23B",2012,1.017804137,0.29673590041543,342.9999995198
"3795","Finland",5,"STRPNE_23B",2013,0.9999999878,0.313479620501567,318.9999994896
"3796","Finland",5,"STRPNE_23B",2014,1.014285694,0.285714280514286,354.999999361
"3797","Finland",5,"STRPNE_23B",2015,10.0707546912,2.35849056495283,426.9999991033
"3798","Finland",5,"STRPNE_23B",2016,2.004830887,0.483091780966184,414.99999917
"3799","Finland",5,"STRPNE_23B",2017,14.1939953765,3.23325635517321,438.9999992976
"3800","Finland",5,"STRPNE_23B",2018,18.2325581368,4.65116279697674,391.999999412
"3801","Finland",5,"STRPNE_23B",2019,13.1015624742,3.38541666372396,386.9999995743
"3802","Finland",5,"STRPNE_23B",2020,6.0394736826,3.94736842552632,152.9999997858
"3803","Finland",5,"STRPNE_23B",2021,8.0547945135,5.47945205657534,146.9999998236
"3804","Finland",5,"STRPNE_23B",2022,19.822834644,7.48031497271654,264.9999995495
"3805","Finland",5,"STRPNE_23B",2023,9.3282674771,2.73556231492401,340.9999993862
"3806","Finland",5,"STRPNE_23B",2024,12.12121212,4.04040404565657,299.99999958
"3807","Finland",5,"STRPNE_23F",2010,26.206896536,8.62068966206897,303.9999995744
"3808","Finland",5,"STRPNE_23F",2011,22.2993197062,7.48299320421769,297.9999994338
"3809","Finland",5,"STRPNE_23F",2012,25.4451038366,7.41839763038576,342.9999995198
"3810","Finland",5,"STRPNE_23F",2013,22.9999999746,7.21003135153605,318.9999994896
"3811","Finland",5,"STRPNE_23F",2014,23.3285714235,6.57142858182857,354.999999361
"3812","Finland",5,"STRPNE_23F",2015,16.113207523,3.77358490792453,426.9999991033
"3813","Finland",5,"STRPNE_23F",2016,8.019323631,1.93236714386473,414.99999917
"3814","Finland",5,"STRPNE_23F",2017,9.1247112727,2.07852193332564,438.9999992976
"3815","Finland",5,"STRPNE_23F",2018,4.0516795816,1.03359173155039,391.999999412
"3816","Finland",5,"STRPNE_23F",2019,1.0078124742,0.260416660286458,386.9999995743
"3817","Finland",5,"STRPNE_23F",2020,1.0065789369,0.657894730921053,152.9999997858
"3818","Finland",5,"STRPNE_23F",2021,0,0,146.9999998236
"3819","Finland",5,"STRPNE_23F",2022,2.0866141605,0.787401571338583,264.9999995495
"3820","Finland",5,"STRPNE_23F",2023,2.0729483093,0.607902731094225,340.9999993862
"3821","Finland",5,"STRPNE_23F",2024,0,0,299.99999958
"3822","Finland",5,"STRPNE_24",2010,0,0,303.9999995744
"3823","Finland",5,"STRPNE_24",2011,0,0,297.9999994338
"3824","Finland",5,"STRPNE_24",2012,2.0356083083,0.593471810830861,342.9999995198
"3825","Finland",5,"STRPNE_24",2013,0,0,318.9999994896
"3826","Finland",5,"STRPNE_24",2014,3.0428571175,0.857142851542857,354.999999361
"3827","Finland",5,"STRPNE_24",2019,0,0,386.9999995743
"3828","Finland",5,"STRPNE_24",2023,0,0,340.9999993862
"3829","Finland",5,"STRPNE_24",2024,0,0,299.99999958
"3830","Finland",5,"STRPNE_24A",2010,0,0,303.9999995744
"3831","Finland",5,"STRPNE_24A",2011,0,0,297.9999994338
"3832","Finland",5,"STRPNE_24A",2012,0,0,342.9999995198
"3833","Finland",5,"STRPNE_24A",2013,0,0,318.9999994896
"3834","Finland",5,"STRPNE_24A",2014,0,0,354.999999361
"3835","Finland",5,"STRPNE_24A",2015,0,0,426.9999991033
"3836","Finland",5,"STRPNE_24A",2016,0,0,414.99999917
"3837","Finland",5,"STRPNE_24A",2017,0,0,438.9999992976
"3838","Finland",5,"STRPNE_24A",2018,0,0,391.999999412
"3839","Finland",5,"STRPNE_24A",2019,0,0,386.9999995743
"3840","Finland",5,"STRPNE_24A",2020,1.0065789369,0.657894730921053,152.9999997858
"3841","Finland",5,"STRPNE_24A",2021,0,0,146.9999998236
"3842","Finland",5,"STRPNE_24A",2022,0,0,264.9999995495
"3843","Finland",5,"STRPNE_24A",2023,0,0,340.9999993862
"3844","Finland",5,"STRPNE_24A",2024,0,0,299.99999958
"3845","Finland",5,"STRPNE_24B",2011,0,0,297.9999994338
"3846","Finland",5,"STRPNE_24B",2012,0,0,342.9999995198
"3847","Finland",5,"STRPNE_24B",2016,0,0,414.99999917
"3848","Finland",5,"STRPNE_24B",2017,0,0,438.9999992976
"3849","Finland",5,"STRPNE_24B",2018,0,0,391.999999412
"3850","Finland",5,"STRPNE_24B",2019,0,0,386.9999995743
"3851","Finland",5,"STRPNE_24B",2021,1.006849305,0.684931500821918,146.9999998236
"3852","Finland",5,"STRPNE_24B",2022,0,0,264.9999995495
"3853","Finland",5,"STRPNE_24B",2023,0,0,340.9999993862
"3854","Finland",5,"STRPNE_24B",2024,0,0,299.99999958
"3855","Finland",5,"STRPNE_24F",2010,0,0,303.9999995744
"3856","Finland",5,"STRPNE_24F",2011,0,0,297.9999994338
"3857","Finland",5,"STRPNE_24F",2012,0,0,342.9999995198
"3858","Finland",5,"STRPNE_24F",2013,0,0,318.9999994896
"3859","Finland",5,"STRPNE_24F",2014,0,0,354.999999361
"3860","Finland",5,"STRPNE_24F",2015,3.0212263732,0.707547161485849,426.9999991033
"3861","Finland",5,"STRPNE_24F",2016,3.007246372,0.724637681449275,414.99999917
"3862","Finland",5,"STRPNE_24F",2017,2.0277136064,0.46189376073903,438.9999992976
"3863","Finland",5,"STRPNE_24F",2018,3.0387596568,0.775193791162791,391.999999412
"3864","Finland",5,"STRPNE_24F",2019,3.0234375,0.781250000859375,386.9999995743
"3865","Finland",5,"STRPNE_24F",2020,1.0065789369,0.657894730921053,152.9999997858
"3866","Finland",5,"STRPNE_24F",2021,0,0,146.9999998236
"3867","Finland",5,"STRPNE_24F",2022,2.0866141605,0.787401571338583,264.9999995495
"3868","Finland",5,"STRPNE_24F",2023,0,0,340.9999993862
"3869","Finland",5,"STRPNE_24F",2024,1.01010099,0.33670033047138,299.99999958
"3870","Finland",5,"STRPNE_25",2010,0,0,303.9999995744
"3871","Finland",5,"STRPNE_25",2024,0,0,299.99999958
"3872","Finland",5,"STRPNE_25A",2010,0,0,303.9999995744
"3873","Finland",5,"STRPNE_25A",2011,0,0,297.9999994338
"3874","Finland",5,"STRPNE_25A",2012,0,0,342.9999995198
"3875","Finland",5,"STRPNE_25A",2013,0,0,318.9999994896
"3876","Finland",5,"STRPNE_25A",2014,0,0,354.999999361
"3877","Finland",5,"STRPNE_25A",2015,0,0,426.9999991033
"3878","Finland",5,"STRPNE_25A",2016,0,0,414.99999917
"3879","Finland",5,"STRPNE_25A",2017,0,0,438.9999992976
"3880","Finland",5,"STRPNE_25A",2018,0,0,391.999999412
"3881","Finland",5,"STRPNE_25A",2019,0,0,386.9999995743
"3882","Finland",5,"STRPNE_25A",2022,0,0,264.9999995495
"3883","Finland",5,"STRPNE_25A",2023,0,0,340.9999993862
"3884","Finland",5,"STRPNE_25A",2024,0,0,299.99999958
"3885","Finland",5,"STRPNE_25F",2010,0,0,303.9999995744
"3886","Finland",5,"STRPNE_25F",2011,0,0,297.9999994338
"3887","Finland",5,"STRPNE_25F",2012,0,0,342.9999995198
"3888","Finland",5,"STRPNE_25F",2014,0,0,354.999999361
"3889","Finland",5,"STRPNE_25F",2015,0,0,426.9999991033
"3890","Finland",5,"STRPNE_25F",2016,0,0,414.99999917
"3891","Finland",5,"STRPNE_25F",2017,0,0,438.9999992976
"3892","Finland",5,"STRPNE_25F",2018,0,0,391.999999412
"3893","Finland",5,"STRPNE_25F",2019,0,0,386.9999995743
"3894","Finland",5,"STRPNE_25F",2020,0,0,152.9999997858
"3895","Finland",5,"STRPNE_25F",2023,0,0,340.9999993862
"3896","Finland",5,"STRPNE_25F",2024,0,0,299.99999958
"3897","Finland",5,"STRPNE_27",2011,0,0,297.9999994338
"3898","Finland",5,"STRPNE_27",2012,0,0,342.9999995198
"3899","Finland",5,"STRPNE_27",2013,0,0,318.9999994896
"3900","Finland",5,"STRPNE_27",2014,0,0,354.999999361
"3901","Finland",5,"STRPNE_27",2015,0,0,426.9999991033
"3902","Finland",5,"STRPNE_27",2016,0,0,414.99999917
"3903","Finland",5,"STRPNE_27",2017,0,0,438.9999992976
"3904","Finland",5,"STRPNE_27",2018,0,0,391.999999412
"3905","Finland",5,"STRPNE_27",2019,0,0,386.9999995743
"3906","Finland",5,"STRPNE_27",2020,0,0,152.9999997858
"3907","Finland",5,"STRPNE_27",2021,0,0,146.9999998236
"3908","Finland",5,"STRPNE_27",2022,0,0,264.9999995495
"3909","Finland",5,"STRPNE_27",2023,0,0,340.9999993862
"3910","Finland",5,"STRPNE_28",2014,0,0,354.999999361
"3911","Finland",5,"STRPNE_28",2015,0,0,426.9999991033
"3912","Finland",5,"STRPNE_28",2022,0,0,264.9999995495
"3913","Finland",5,"STRPNE_28A",2010,0,0,303.9999995744
"3914","Finland",5,"STRPNE_28A",2011,0,0,297.9999994338
"3915","Finland",5,"STRPNE_28A",2012,0,0,342.9999995198
"3916","Finland",5,"STRPNE_28A",2013,0,0,318.9999994896
"3917","Finland",5,"STRPNE_28A",2014,0,0,354.999999361
"3918","Finland",5,"STRPNE_28A",2015,0,0,426.9999991033
"3919","Finland",5,"STRPNE_28A",2016,0,0,414.99999917
"3920","Finland",5,"STRPNE_28A",2017,2.0277136064,0.46189376073903,438.9999992976
"3921","Finland",5,"STRPNE_28A",2018,1.0129198856,0.258397930387597,391.999999412
"3922","Finland",5,"STRPNE_28A",2019,0,0,386.9999995743
"3923","Finland",5,"STRPNE_28A",2020,0,0,152.9999997858
"3924","Finland",5,"STRPNE_28A",2021,0,0,146.9999998236
"3925","Finland",5,"STRPNE_28A",2022,1.043307067,0.393700780669291,264.9999995495
"3926","Finland",5,"STRPNE_28A",2023,0,0,340.9999993862
"3927","Finland",5,"STRPNE_28F",2010,0,0,303.9999995744
"3928","Finland",5,"STRPNE_28F",2012,0,0,342.9999995198
"3929","Finland",5,"STRPNE_28F",2013,0,0,318.9999994896
"3930","Finland",5,"STRPNE_28F",2014,0,0,354.999999361
"3931","Finland",5,"STRPNE_28F",2017,0,0,438.9999992976
"3932","Finland",5,"STRPNE_28F",2019,0,0,386.9999995743
"3933","Finland",5,"STRPNE_28F",2021,0,0,146.9999998236
"3934","Finland",5,"STRPNE_28F",2024,0,0,299.99999958
"3935","Finland",5,"STRPNE_29",2010,0,0,303.9999995744
"3936","Finland",5,"STRPNE_29",2011,0,0,297.9999994338
"3937","Finland",5,"STRPNE_29",2012,0,0,342.9999995198
"3938","Finland",5,"STRPNE_29",2013,0,0,318.9999994896
"3939","Finland",5,"STRPNE_29",2014,1.014285694,0.285714280514286,354.999999361
"3940","Finland",5,"STRPNE_29",2015,0,0,426.9999991033
"3941","Finland",5,"STRPNE_29",2016,0,0,414.99999917
"3942","Finland",5,"STRPNE_29",2017,0,0,438.9999992976
"3943","Finland",5,"STRPNE_29",2018,0,0,391.999999412
"3944","Finland",5,"STRPNE_29",2019,0,0,386.9999995743
"3945","Finland",5,"STRPNE_29",2020,0,0,152.9999997858
"3946","Finland",5,"STRPNE_29",2021,0,0,146.9999998236
"3947","Finland",5,"STRPNE_29",2022,0,0,264.9999995495
"3948","Finland",5,"STRPNE_29",2023,0,0,340.9999993862
"3949","Finland",5,"STRPNE_29",2024,0,0,299.99999958
"3950","Finland",5,"STRPNE_3",2010,31.4482758432,10.3448275944828,303.9999995744
"3951","Finland",5,"STRPNE_3",2011,35.476190462,11.904761922619,297.9999994338
"3952","Finland",5,"STRPNE_3",2012,36.6409495494,10.6824925949555,342.9999995198
"3953","Finland",5,"STRPNE_3",2013,36.9999999952,11.598746098558,318.9999994896
"3954","Finland",5,"STRPNE_3",2014,62.8857142705,17.7142857418857,354.999999361
"3955","Finland",5,"STRPNE_3",2015,78.5518867707,18.3962264486321,426.9999991033
"3956","Finland",5,"STRPNE_3",2016,75.181159383,18.1159420562319,414.99999917
"3957","Finland",5,"STRPNE_3",2017,76.0392609424,17.3210161877136,438.9999992976
"3958","Finland",5,"STRPNE_3",2018,51.6589147144,13.1782945897674,391.999999412
"3959","Finland",5,"STRPNE_3",2019,58.4531249742,15.1041666766146,386.9999995743
"3960","Finland",5,"STRPNE_3",2020,30.197368413,19.7368421276316,152.9999997858
"3961","Finland",5,"STRPNE_3",2021,17.1164383467,11.6438356239726,146.9999998236
"3962","Finland",5,"STRPNE_3",2022,35.4724409405,13.3858267927559,264.9999995495
"3963","Finland",5,"STRPNE_3",2023,44.5683890421,13.0699088335258,340.9999993862
"3964","Finland",5,"STRPNE_3",2024,44.44444443,14.8148148307407,299.99999958
"3965","Finland",5,"STRPNE_31",2010,0,0,303.9999995744
"3966","Finland",5,"STRPNE_31",2011,0,0,297.9999994338
"3967","Finland",5,"STRPNE_31",2012,1.017804137,0.29673590041543,342.9999995198
"3968","Finland",5,"STRPNE_31",2013,0,0,318.9999994896
"3969","Finland",5,"STRPNE_31",2014,1.014285694,0.285714280514286,354.999999361
"3970","Finland",5,"STRPNE_31",2015,1.0070754435,0.235849050495283,426.9999991033
"3971","Finland",5,"STRPNE_31",2016,1.0024154435,0.241545890483092,414.99999917
"3972","Finland",5,"STRPNE_31",2017,1.0138568032,0.230946880369515,438.9999992976
"3973","Finland",5,"STRPNE_31",2018,4.0516795816,1.03359173155039,391.999999412
"3974","Finland",5,"STRPNE_31",2019,3.0234375,0.781250000859375,386.9999995743
"3975","Finland",5,"STRPNE_31",2020,1.0065789369,0.657894730921053,152.9999997858
"3976","Finland",5,"STRPNE_31",2021,1.006849305,0.684931500821918,146.9999998236
"3977","Finland",5,"STRPNE_31",2022,1.043307067,0.393700780669291,264.9999995495
"3978","Finland",5,"STRPNE_31",2023,0,0,340.9999993862
"3979","Finland",5,"STRPNE_31",2024,1.01010099,0.33670033047138,299.99999958
"3980","Finland",5,"STRPNE_32",2010,0,0,303.9999995744
"3981","Finland",5,"STRPNE_32A",2013,0,0,318.9999994896
"3982","Finland",5,"STRPNE_32A",2015,0,0,426.9999991033
"3983","Finland",5,"STRPNE_33",2010,2.0965517168,0.689655170965517,303.9999995744
"3984","Finland",5,"STRPNE_33",2011,3.0408163168,1.02040816193878,297.9999994338
"3985","Finland",5,"STRPNE_33",2012,4.0712166166,1.18694362166172,342.9999995198
"3986","Finland",5,"STRPNE_33",2013,3.9999999831,1.25391849200627,318.9999994896
"3987","Finland",5,"STRPNE_33",2014,5.071428541,1.42857142257143,354.999999361
"3988","Finland",5,"STRPNE_33",2015,0,0,426.9999991033
"3989","Finland",5,"STRPNE_33",2017,0,0,438.9999992976
"3990","Finland",5,"STRPNE_33",2018,0,0,391.999999412
"3991","Finland",5,"STRPNE_33",2019,0,0,386.9999995743
"3992","Finland",5,"STRPNE_33",2022,0,0,264.9999995495
"3993","Finland",5,"STRPNE_33",2023,0,0,340.9999993862
"3994","Finland",5,"STRPNE_33",2024,0,0,299.99999958
"3995","Finland",5,"STRPNE_33A",2011,0,0,297.9999994338
"3996","Finland",5,"STRPNE_33A",2012,0,0,342.9999995198
"3997","Finland",5,"STRPNE_33A",2013,0,0,318.9999994896
"3998","Finland",5,"STRPNE_33A",2014,0,0,354.999999361
"3999","Finland",5,"STRPNE_33A",2015,0,0,426.9999991033
"4000","Finland",5,"STRPNE_33A",2016,0,0,414.99999917
"4001","Finland",5,"STRPNE_33A",2017,1.0138568032,0.230946880369515,438.9999992976
"4002","Finland",5,"STRPNE_33A",2018,0,0,391.999999412
"4003","Finland",5,"STRPNE_33A",2019,0,0,386.9999995743
"4004","Finland",5,"STRPNE_33A",2020,0,0,152.9999997858
"4005","Finland",5,"STRPNE_33A",2021,1.006849305,0.684931500821918,146.9999998236
"4006","Finland",5,"STRPNE_33A",2022,0,0,264.9999995495
"4007","Finland",5,"STRPNE_33A",2024,0,0,299.99999958
"4008","Finland",5,"STRPNE_33B",2013,0,0,318.9999994896
"4009","Finland",5,"STRPNE_33B",2014,0,0,354.999999361
"4010","Finland",5,"STRPNE_33B",2015,0,0,426.9999991033
"4011","Finland",5,"STRPNE_33B",2017,0,0,438.9999992976
"4012","Finland",5,"STRPNE_33B",2018,0,0,391.999999412
"4013","Finland",5,"STRPNE_33B",2019,0,0,386.9999995743
"4014","Finland",5,"STRPNE_33B",2021,0,0,146.9999998236
"4015","Finland",5,"STRPNE_33B",2024,0,0,299.99999958
"4016","Finland",5,"STRPNE_33C",2024,0,0,299.99999958
"4017","Finland",5,"STRPNE_33D",2016,0,0,414.99999917
"4018","Finland",5,"STRPNE_33D",2017,0,0,438.9999992976
"4019","Finland",5,"STRPNE_33D",2018,0,0,391.999999412
"4020","Finland",5,"STRPNE_33D",2020,0,0,152.9999997858
"4021","Finland",5,"STRPNE_33D",2021,0,0,146.9999998236
"4022","Finland",5,"STRPNE_33D",2024,0,0,299.99999958
"4023","Finland",5,"STRPNE_33F",2010,0,0,303.9999995744
"4024","Finland",5,"STRPNE_33F",2011,0,0,297.9999994338
"4025","Finland",5,"STRPNE_33F",2012,0,0,342.9999995198
"4026","Finland",5,"STRPNE_33F",2013,0,0,318.9999994896
"4027","Finland",5,"STRPNE_33F",2014,0,0,354.999999361
"4028","Finland",5,"STRPNE_33F",2015,5.0353773456,1.17924528247642,426.9999991033
"4029","Finland",5,"STRPNE_33F",2016,8.019323631,1.93236714386473,414.99999917
"4030","Finland",5,"STRPNE_33F",2017,3.0415704096,0.692840641108545,438.9999992976
"4031","Finland",5,"STRPNE_33F",2018,6.0775193528,1.55038759232558,391.999999412
"4032","Finland",5,"STRPNE_33F",2019,2.0156249871,0.520833330572917,386.9999995743
"4033","Finland",5,"STRPNE_33F",2020,3.0197368413,1.97368421276316,152.9999997858
"4034","Finland",5,"STRPNE_33F",2021,1.006849305,0.684931500821918,146.9999998236
"4035","Finland",5,"STRPNE_33F",2022,2.0866141605,0.787401571338583,264.9999995495
"4036","Finland",5,"STRPNE_33F",2023,1.0364741376,0.303951360547112,340.9999993862
"4037","Finland",5,"STRPNE_33F",2024,1.01010099,0.33670033047138,299.99999958
"4038","Finland",5,"STRPNE_34",2010,1.0482758432,0.344827580482759,303.9999995744
"4039","Finland",5,"STRPNE_34",2011,0,0,297.9999994338
"4040","Finland",5,"STRPNE_34",2012,0,0,342.9999995198
"4041","Finland",5,"STRPNE_34",2013,1.9999999756,0.626959241003135,318.9999994896
"4042","Finland",5,"STRPNE_34",2014,1.014285694,0.285714280514286,354.999999361
"4043","Finland",5,"STRPNE_34",2015,0,0,426.9999991033
"4044","Finland",5,"STRPNE_34",2016,2.004830887,0.483091780966184,414.99999917
"4045","Finland",5,"STRPNE_34",2017,0,0,438.9999992976
"4046","Finland",5,"STRPNE_34",2018,1.0129198856,0.258397930387597,391.999999412
"4047","Finland",5,"STRPNE_34",2019,2.0156249871,0.520833330572917,386.9999995743
"4048","Finland",5,"STRPNE_34",2020,0,0,152.9999997858
"4049","Finland",5,"STRPNE_34",2021,0,0,146.9999998236
"4050","Finland",5,"STRPNE_34",2022,0,0,264.9999995495
"4051","Finland",5,"STRPNE_34",2023,1.0364741376,0.303951360547112,340.9999993862
"4052","Finland",5,"STRPNE_34",2024,1.01010099,0.33670033047138,299.99999958
"4053","Finland",5,"STRPNE_35",2010,0,0,303.9999995744
"4054","Finland",5,"STRPNE_35",2011,0,0,297.9999994338
"4055","Finland",5,"STRPNE_35",2012,0,0,342.9999995198
"4056","Finland",5,"STRPNE_35",2013,0,0,318.9999994896
"4057","Finland",5,"STRPNE_35",2014,0,0,354.999999361
"4058","Finland",5,"STRPNE_35",2017,0,0,438.9999992976
"4059","Finland",5,"STRPNE_35",2019,0,0,386.9999995743
"4060","Finland",5,"STRPNE_35",2020,0,0,152.9999997858
"4061","Finland",5,"STRPNE_35",2023,0,0,340.9999993862
"4062","Finland",5,"STRPNE_35",2024,0,0,299.99999958
"4063","Finland",5,"STRPNE_35A",2012,0,0,342.9999995198
"4064","Finland",5,"STRPNE_35A",2013,0,0,318.9999994896
"4065","Finland",5,"STRPNE_35A",2014,0,0,354.999999361
"4066","Finland",5,"STRPNE_35A",2015,0,0,426.9999991033
"4067","Finland",5,"STRPNE_35A",2016,0,0,414.99999917
"4068","Finland",5,"STRPNE_35A",2017,0,0,438.9999992976
"4069","Finland",5,"STRPNE_35A",2019,0,0,386.9999995743
"4070","Finland",5,"STRPNE_35A",2020,0,0,152.9999997858
"4071","Finland",5,"STRPNE_35A",2021,0,0,146.9999998236
"4072","Finland",5,"STRPNE_35A",2022,0,0,264.9999995495
"4073","Finland",5,"STRPNE_35A",2023,0,0,340.9999993862
"4074","Finland",5,"STRPNE_35A",2024,0,0,299.99999958
"4075","Finland",5,"STRPNE_35B",2010,4.1931034336,1.37931034193103,303.9999995744
"4076","Finland",5,"STRPNE_35B",2011,1.013605429,0.340136050646259,297.9999994338
"4077","Finland",5,"STRPNE_35B",2012,7.1246290619,2.07715133290801,342.9999995198
"4078","Finland",5,"STRPNE_35B",2013,4.9999999709,1.56739811250784,318.9999994896
"4079","Finland",5,"STRPNE_35B",2014,6.0857142705,1.71428571308571,354.999999361
"4080","Finland",5,"STRPNE_35B",2015,5.0353773456,1.17924528247642,426.9999991033
"4081","Finland",5,"STRPNE_35B",2016,3.007246372,0.724637681449275,414.99999917
"4082","Finland",5,"STRPNE_35B",2017,9.1247112727,2.07852193332564,438.9999992976
"4083","Finland",5,"STRPNE_35B",2018,9.1162790488,2.32558139348837,391.999999412
"4084","Finland",5,"STRPNE_35B",2019,9.0703125,2.34375000257813,386.9999995743
"4085","Finland",5,"STRPNE_35B",2020,6.0394736826,3.94736842552632,152.9999997858
"4086","Finland",5,"STRPNE_35B",2021,2.0136986247,1.36986301164384,146.9999998236
"4087","Finland",5,"STRPNE_35B",2022,11.476377949,4.33070866736221,264.9999995495
"4088","Finland",5,"STRPNE_35B",2023,3.109422481,0.911854101641337,340.9999993862
"4089","Finland",5,"STRPNE_35B",2024,8.08080807,2.69360269377104,299.99999958
"4090","Finland",5,"STRPNE_35C",2010,0,0,303.9999995744
"4091","Finland",5,"STRPNE_35C",2011,0,0,297.9999994338
"4092","Finland",5,"STRPNE_35C",2013,0,0,318.9999994896
"4093","Finland",5,"STRPNE_35C",2017,0,0,438.9999992976
"4094","Finland",5,"STRPNE_35C",2022,0,0,264.9999995495
"4095","Finland",5,"STRPNE_35C",2023,0,0,340.9999993862
"4096","Finland",5,"STRPNE_35C",2024,0,0,299.99999958
"4097","Finland",5,"STRPNE_35F",2010,4.1931034336,1.37931034193103,303.9999995744
"4098","Finland",5,"STRPNE_35F",2011,2.027210858,0.680272101292517,297.9999994338
"4099","Finland",5,"STRPNE_35F",2012,5.0890207536,1.48367952207715,342.9999995198
"4100","Finland",5,"STRPNE_35F",2013,9.9999999737,3.13479623501567,318.9999994896
"4101","Finland",5,"STRPNE_35F",2014,7.1,2.0000000036,354.999999361
"4102","Finland",5,"STRPNE_35F",2015,14.0990565933,3.30188679693396,426.9999991033
"4103","Finland",5,"STRPNE_35F",2016,7.0169081875,1.69082125338164,414.99999917
"4104","Finland",5,"STRPNE_35F",2017,10.1385681198,2.30946882369515,438.9999992976
"4105","Finland",5,"STRPNE_35F",2018,8.1033591632,2.06718346310078,391.999999412
"4106","Finland",5,"STRPNE_35F",2019,4.0312499742,1.04166666114583,386.9999995743
"4107","Finland",5,"STRPNE_35F",2020,3.0197368413,1.97368421276316,152.9999997858
"4108","Finland",5,"STRPNE_35F",2021,2.0136986247,1.36986301164384,146.9999998236
"4109","Finland",5,"STRPNE_35F",2022,8.3464566685,3.14960629535433,264.9999995495
"4110","Finland",5,"STRPNE_35F",2023,15.5471124391,4.55927051820669,340.9999993862
"4111","Finland",5,"STRPNE_35F",2024,7.07070705,2.35690235329966,299.99999958
"4112","Finland",5,"STRPNE_36",2013,0,0,318.9999994896
"4113","Finland",5,"STRPNE_36",2020,0,0,152.9999997858
"4114","Finland",5,"STRPNE_36",2023,0,0,340.9999993862
"4115","Finland",5,"STRPNE_37",2010,0,0,303.9999995744
"4116","Finland",5,"STRPNE_37",2011,0,0,297.9999994338
"4117","Finland",5,"STRPNE_37",2012,0,0,342.9999995198
"4118","Finland",5,"STRPNE_37",2013,0,0,318.9999994896
"4119","Finland",5,"STRPNE_37",2014,0,0,354.999999361
"4120","Finland",5,"STRPNE_37",2015,0,0,426.9999991033
"4121","Finland",5,"STRPNE_37",2016,0,0,414.99999917
"4122","Finland",5,"STRPNE_37",2017,0,0,438.9999992976
"4123","Finland",5,"STRPNE_37",2018,1.0129198856,0.258397930387597,391.999999412
"4124","Finland",5,"STRPNE_37",2019,0,0,386.9999995743
"4125","Finland",5,"STRPNE_37",2020,0,0,152.9999997858
"4126","Finland",5,"STRPNE_37",2021,0,0,146.9999998236
"4127","Finland",5,"STRPNE_37",2022,0,0,264.9999995495
"4128","Finland",5,"STRPNE_37",2023,0,0,340.9999993862
"4129","Finland",5,"STRPNE_37",2024,0,0,299.99999958
"4130","Finland",5,"STRPNE_38",2010,0,0,303.9999995744
"4131","Finland",5,"STRPNE_38",2011,0,0,297.9999994338
"4132","Finland",5,"STRPNE_38",2012,2.0356083083,0.593471810830861,342.9999995198
"4133","Finland",5,"STRPNE_38",2013,1.9999999756,0.626959241003135,318.9999994896
"4134","Finland",5,"STRPNE_38",2014,3.0428571175,0.857142851542857,354.999999361
"4135","Finland",5,"STRPNE_38",2015,1.0070754435,0.235849050495283,426.9999991033
"4136","Finland",5,"STRPNE_38",2016,1.0024154435,0.241545890483092,414.99999917
"4137","Finland",5,"STRPNE_38",2017,2.0277136064,0.46189376073903,438.9999992976
"4138","Finland",5,"STRPNE_38",2018,0,0,391.999999412
"4139","Finland",5,"STRPNE_38",2019,3.0234375,0.781250000859375,386.9999995743
"4140","Finland",5,"STRPNE_38",2020,0,0,152.9999997858
"4141","Finland",5,"STRPNE_38",2021,0,0,146.9999998236
"4142","Finland",5,"STRPNE_38",2022,2.0866141605,0.787401571338583,264.9999995495
"4143","Finland",5,"STRPNE_38",2023,0,0,340.9999993862
"4144","Finland",5,"STRPNE_38",2024,2.02020201,0.673400670942761,299.99999958
"4145","Finland",5,"STRPNE_39",2014,0,0,354.999999361
"4146","Finland",5,"STRPNE_39",2016,0,0,414.99999917
"4147","Finland",5,"STRPNE_39",2020,0,0,152.9999997858
"4148","Finland",5,"STRPNE_39",2021,0,0,146.9999998236
"4149","Finland",5,"STRPNE_39",2022,0,0,264.9999995495
"4150","Finland",5,"STRPNE_4",2010,19.9172413552,6.55172413917242,303.9999995744
"4151","Finland",5,"STRPNE_4",2011,15.2040816138,5.10204081969388,297.9999994338
"4152","Finland",5,"STRPNE_4",2012,15.2670622951,4.45103857623145,342.9999995198
"4153","Finland",5,"STRPNE_4",2013,18.9999999915,5.95611285952978,318.9999994896
"4154","Finland",5,"STRPNE_4",2014,12.171428541,3.42857142617143,354.999999361
"4155","Finland",5,"STRPNE_4",2015,15.1061320368,3.53773584742925,426.9999991033
"4156","Finland",5,"STRPNE_4",2016,14.0338164165,3.38164251676328,414.99999917
"4157","Finland",5,"STRPNE_4",2017,10.1385681198,2.30946882369515,438.9999992976
"4158","Finland",5,"STRPNE_4",2018,13.1679586304,3.35917312503876,391.999999412
"4159","Finland",5,"STRPNE_4",2019,4.0312499742,1.04166666114583,386.9999995743
"4160","Finland",5,"STRPNE_4",2020,4.0263157782,2.63157894368421,152.9999997858
"4161","Finland",5,"STRPNE_4",2021,3.0205479444,2.05479452246575,146.9999998236
"4162","Finland",5,"STRPNE_4",2022,2.0866141605,0.787401571338583,264.9999995495
"4163","Finland",5,"STRPNE_4",2023,4.1458966527,1.21580547218845,340.9999993862
"4164","Finland",5,"STRPNE_4",2024,1.01010099,0.33670033047138,299.99999958
"4165","Finland",5,"STRPNE_40",2010,0,0,303.9999995744
"4166","Finland",5,"STRPNE_40",2013,0.9999999878,0.313479620501567,318.9999994896
"4167","Finland",5,"STRPNE_40",2015,1.0070754435,0.235849050495283,426.9999991033
"4168","Finland",5,"STRPNE_40",2017,0,0,438.9999992976
"4169","Finland",5,"STRPNE_40",2022,0,0,264.9999995495
"4170","Finland",5,"STRPNE_40",2023,0,0,340.9999993862
"4171","Finland",5,"STRPNE_40",2024,0,0,299.99999958
"4172","Finland",5,"STRPNE_41A",2019,0,0,386.9999995743
"4173","Finland",5,"STRPNE_42",2016,0,0,414.99999917
"4174","Finland",5,"STRPNE_42",2018,0,0,391.999999412
"4175","Finland",5,"STRPNE_42",2022,0,0,264.9999995495
"4176","Finland",5,"STRPNE_43",2020,0,0,152.9999997858
"4177","Finland",5,"STRPNE_43",2023,0,0,340.9999993862
"4178","Finland",5,"STRPNE_43",2024,0,0,299.99999958
"4179","Finland",5,"STRPNE_45",2016,0,0,414.99999917
"4180","Finland",5,"STRPNE_46",2015,0,0,426.9999991033
"4181","Finland",5,"STRPNE_46",2022,0,0,264.9999995495
"4182","Finland",5,"STRPNE_47F",2016,0,0,414.99999917
"4183","Finland",5,"STRPNE_5",2010,1.0482758432,0.344827580482759,303.9999995744
"4184","Finland",5,"STRPNE_5",2011,0,0,297.9999994338
"4185","Finland",5,"STRPNE_5",2012,0,0,342.9999995198
"4186","Finland",5,"STRPNE_5",2013,0,0,318.9999994896
"4187","Finland",5,"STRPNE_5",2014,0,0,354.999999361
"4188","Finland",5,"STRPNE_5",2015,0,0,426.9999991033
"4189","Finland",5,"STRPNE_5",2016,0,0,414.99999917
"4190","Finland",5,"STRPNE_5",2017,0,0,438.9999992976
"4191","Finland",5,"STRPNE_5",2019,0,0,386.9999995743
"4192","Finland",5,"STRPNE_5",2021,0,0,146.9999998236
"4193","Finland",5,"STRPNE_5",2022,0,0,264.9999995495
"4194","Finland",5,"STRPNE_5",2023,0,0,340.9999993862
"4195","Finland",5,"STRPNE_5",2024,0,0,299.99999958
"4196","Finland",5,"STRPNE_6",2010,0,0,303.9999995744
"4197","Finland",5,"STRPNE_6",2011,0,0,297.9999994338
"4198","Finland",5,"STRPNE_6",2012,0,0,342.9999995198
"4199","Finland",5,"STRPNE_6",2013,0,0,318.9999994896
"4200","Finland",5,"STRPNE_6",2014,0,0,354.999999361
"4201","Finland",5,"STRPNE_6",2015,0,0,426.9999991033
"4202","Finland",5,"STRPNE_6",2017,0,0,438.9999992976
"4203","Finland",5,"STRPNE_6",2018,0,0,391.999999412
"4204","Finland",5,"STRPNE_6",2019,0,0,386.9999995743
"4205","Finland",5,"STRPNE_6",2020,0,0,152.9999997858
"4206","Finland",5,"STRPNE_6",2022,0,0,264.9999995495
"4207","Finland",5,"STRPNE_6",2023,0,0,340.9999993862
"4208","Finland",5,"STRPNE_6",2024,0,0,299.99999958
"4209","Finland",5,"STRPNE_6A",2010,13.6275862048,4.48275862627586,303.9999995744
"4210","Finland",5,"STRPNE_6A",2011,11.1496598382,3.74149659710884,297.9999994338
"4211","Finland",5,"STRPNE_6A",2012,6.1068249249,1.78041543249258,342.9999995198
"4212","Finland",5,"STRPNE_6A",2013,9.9999999737,3.13479623501567,318.9999994896
"4213","Finland",5,"STRPNE_6A",2014,18.257142847,5.14285714925714,354.999999361
"4214","Finland",5,"STRPNE_6A",2015,12.0849056209,2.8301886759434,426.9999991033
"4215","Finland",5,"STRPNE_6A",2016,10.0241545595,2.41545893483092,414.99999917
"4216","Finland",5,"STRPNE_6A",2017,10.1385681198,2.30946882369515,438.9999992976
"4217","Finland",5,"STRPNE_6A",2018,8.1033591632,2.06718346310078,391.999999412
"4218","Finland",5,"STRPNE_6A",2019,2.0156249871,0.520833330572917,386.9999995743
"4219","Finland",5,"STRPNE_6A",2020,2.0131578891,1.31578947184211,152.9999997858
"4220","Finland",5,"STRPNE_6A",2021,0,0,146.9999998236
"4221","Finland",5,"STRPNE_6A",2022,1.043307067,0.393700780669291,264.9999995495
"4222","Finland",5,"STRPNE_6A",2023,3.109422481,0.911854101641337,340.9999993862
"4223","Finland",5,"STRPNE_6A",2024,1.01010099,0.33670033047138,299.99999958
"4224","Finland",5,"STRPNE_6B",2010,25.1586206624,8.27586207158621,303.9999995744
"4225","Finland",5,"STRPNE_6B",2011,19.2585033894,6.46258504227891,297.9999994338
"4226","Finland",5,"STRPNE_6B",2012,16.2848664664,4.74777448664689,342.9999995198
"4227","Finland",5,"STRPNE_6B",2013,8.9999999859,2.82131661451411,318.9999994896
"4228","Finland",5,"STRPNE_6B",2014,5.071428541,1.42857142257143,354.999999361
"4229","Finland",5,"STRPNE_6B",2015,13.0919811071,3.06603773643868,426.9999991033
"4230","Finland",5,"STRPNE_6B",2016,5.012077259,1.20772946241546,414.99999917
"4231","Finland",5,"STRPNE_6B",2017,6.0831408631,1.38568129221709,438.9999992976
"4232","Finland",5,"STRPNE_6B",2018,5.0645994672,1.29198966193798,391.999999412
"4233","Finland",5,"STRPNE_6B",2019,3.0234375,0.781250000859375,386.9999995743
"4234","Finland",5,"STRPNE_6B",2020,1.0065789369,0.657894730921053,152.9999997858
"4235","Finland",5,"STRPNE_6B",2021,2.0136986247,1.36986301164384,146.9999998236
"4236","Finland",5,"STRPNE_6B",2022,1.043307067,0.393700780669291,264.9999995495
"4237","Finland",5,"STRPNE_6B",2023,1.0364741376,0.303951360547112,340.9999993862
"4238","Finland",5,"STRPNE_6B",2024,0,0,299.99999958
"4239","Finland",5,"STRPNE_6C",2010,1.0482758432,0.344827580482759,303.9999995744
"4240","Finland",5,"STRPNE_6C",2011,7.0952380924,2.38095238452381,297.9999994338
"4241","Finland",5,"STRPNE_6C",2012,15.2670622951,4.45103857623145,342.9999995198
"4242","Finland",5,"STRPNE_6C",2013,12.999999969,4.07523510652038,318.9999994896
"4243","Finland",5,"STRPNE_6C",2014,8.114285694,2.28571428411429,354.999999361
"4244","Finland",5,"STRPNE_6C",2015,30.2122641163,7.07547170485849,426.9999991033
"4245","Finland",5,"STRPNE_6C",2016,32.0772946485,7.72946860545894,414.99999917
"4246","Finland",5,"STRPNE_6C",2017,44.6096997359,10.1616628262587,438.9999992976
"4247","Finland",5,"STRPNE_6C",2018,41.5297157408,10.5943152558915,391.999999412
"4248","Finland",5,"STRPNE_6C",2019,51.3984375,13.2812500146094,386.9999995743
"4249","Finland",5,"STRPNE_6C",2020,15.0986842065,9.86842106381579,152.9999997858
"4250","Finland",5,"STRPNE_6C",2021,16.109589027,10.9589041131507,146.9999998236
"4251","Finland",5,"STRPNE_6C",2022,27.1259842455,10.2362204874016,264.9999995495
"4252","Finland",5,"STRPNE_6C",2023,40.4224923894,11.8541033613374,340.9999993862
"4253","Finland",5,"STRPNE_6C",2024,34.34343432,11.4478114560269,299.99999958
"4254","Finland",5,"STRPNE_6D",2010,2.0965517168,0.689655170965517,303.9999995744
"4255","Finland",5,"STRPNE_6D",2012,0,0,342.9999995198
"4256","Finland",5,"STRPNE_6D",2013,0.9999999878,0.313479620501567,318.9999994896
"4257","Finland",5,"STRPNE_6D",2014,0,0,354.999999361
"4258","Finland",5,"STRPNE_6D",2015,0,0,426.9999991033
"4259","Finland",5,"STRPNE_6D",2016,1.0024154435,0.241545890483092,414.99999917
"4260","Finland",5,"STRPNE_6D",2017,0,0,438.9999992976
"4261","Finland",5,"STRPNE_6D",2018,0,0,391.999999412
"4262","Finland",5,"STRPNE_6D",2019,0,0,386.9999995743
"4263","Finland",5,"STRPNE_6D",2020,0,0,152.9999997858
"4264","Finland",5,"STRPNE_6D",2021,0,0,146.9999998236
"4265","Finland",5,"STRPNE_6D",2022,1.043307067,0.393700780669291,264.9999995495
"4266","Finland",5,"STRPNE_6D",2023,0,0,340.9999993862
"4267","Finland",5,"STRPNE_6D",2024,0,0,299.99999958
"4268","Finland",5,"STRPNE_7",2010,0,0,303.9999995744
"4269","Finland",5,"STRPNE_7",2011,0,0,297.9999994338
"4270","Finland",5,"STRPNE_7",2012,0,0,342.9999995198
"4271","Finland",5,"STRPNE_7",2013,0,0,318.9999994896
"4272","Finland",5,"STRPNE_7",2014,0,0,354.999999361
"4273","Finland",5,"STRPNE_7",2016,0,0,414.99999917
"4274","Finland",5,"STRPNE_7",2019,0,0,386.9999995743
"4275","Finland",5,"STRPNE_7",2022,0,0,264.9999995495
"4276","Finland",5,"STRPNE_7",2024,0,0,299.99999958
"4277","Finland",5,"STRPNE_7A",2012,0,0,342.9999995198
"4278","Finland",5,"STRPNE_7A",2014,0,0,354.999999361
"4279","Finland",5,"STRPNE_7A",2015,0,0,426.9999991033
"4280","Finland",5,"STRPNE_7A",2017,0,0,438.9999992976
"4281","Finland",5,"STRPNE_7A",2018,0,0,391.999999412
"4282","Finland",5,"STRPNE_7A",2019,0,0,386.9999995743
"4283","Finland",5,"STRPNE_7A",2020,0,0,152.9999997858
"4284","Finland",5,"STRPNE_7A",2022,0,0,264.9999995495
"4285","Finland",5,"STRPNE_7A",2023,0,0,340.9999993862
"4286","Finland",5,"STRPNE_7A",2024,0,0,299.99999958
"4287","Finland",5,"STRPNE_7B",2010,0,0,303.9999995744
"4288","Finland",5,"STRPNE_7B",2011,0,0,297.9999994338
"4289","Finland",5,"STRPNE_7B",2012,0,0,342.9999995198
"4290","Finland",5,"STRPNE_7B",2013,0,0,318.9999994896
"4291","Finland",5,"STRPNE_7B",2014,0,0,354.999999361
"4292","Finland",5,"STRPNE_7B",2015,0,0,426.9999991033
"4293","Finland",5,"STRPNE_7B",2016,0,0,414.99999917
"4294","Finland",5,"STRPNE_7B",2017,0,0,438.9999992976
"4295","Finland",5,"STRPNE_7B",2018,0,0,391.999999412
"4296","Finland",5,"STRPNE_7B",2019,0,0,386.9999995743
"4297","Finland",5,"STRPNE_7B",2020,0,0,152.9999997858
"4298","Finland",5,"STRPNE_7B",2021,0,0,146.9999998236
"4299","Finland",5,"STRPNE_7B",2022,0,0,264.9999995495
"4300","Finland",5,"STRPNE_7B",2023,0,0,340.9999993862
"4301","Finland",5,"STRPNE_7B",2024,0,0,299.99999958
"4302","Finland",5,"STRPNE_7C",2010,0,0,303.9999995744
"4303","Finland",5,"STRPNE_7C",2011,1.013605429,0.340136050646259,297.9999994338
"4304","Finland",5,"STRPNE_7C",2012,1.017804137,0.29673590041543,342.9999995198
"4305","Finland",5,"STRPNE_7C",2013,0.9999999878,0.313479620501567,318.9999994896
"4306","Finland",5,"STRPNE_7C",2014,0,0,354.999999361
"4307","Finland",5,"STRPNE_7C",2015,0,0,426.9999991033
"4308","Finland",5,"STRPNE_7C",2016,0,0,414.99999917
"4309","Finland",5,"STRPNE_7C",2017,0,0,438.9999992976
"4310","Finland",5,"STRPNE_7C",2018,0,0,391.999999412
"4311","Finland",5,"STRPNE_7C",2019,2.0156249871,0.520833330572917,386.9999995743
"4312","Finland",5,"STRPNE_7C",2020,0,0,152.9999997858
"4313","Finland",5,"STRPNE_7C",2021,0,0,146.9999998236
"4314","Finland",5,"STRPNE_7C",2022,1.043307067,0.393700780669291,264.9999995495
"4315","Finland",5,"STRPNE_7C",2023,2.0729483093,0.607902731094225,340.9999993862
"4316","Finland",5,"STRPNE_7C",2024,4.04040402,1.34680134188552,299.99999958
"4317","Finland",5,"STRPNE_7F",2010,14.675862048,4.82758620675862,303.9999995744
"4318","Finland",5,"STRPNE_7F",2011,15.2040816138,5.10204081969388,297.9999994338
"4319","Finland",5,"STRPNE_7F",2012,11.1958456785,3.26409495456973,342.9999995198
"4320","Finland",5,"STRPNE_7F",2013,7.9999999981,2.50783699401254,318.9999994896
"4321","Finland",5,"STRPNE_7F",2014,9.1285714235,2.57142857462857,354.999999361
"4322","Finland",5,"STRPNE_7F",2015,6.0424527891,1.4150943329717,426.9999991033
"4323","Finland",5,"STRPNE_7F",2016,4.0096618155,0.966183571932367,414.99999917
"4324","Finland",5,"STRPNE_7F",2017,1.0138568032,0.230946880369515,438.9999992976
"4325","Finland",5,"STRPNE_7F",2018,5.0645994672,1.29198966193798,391.999999412
"4326","Finland",5,"STRPNE_7F",2019,0,0,386.9999995743
"4327","Finland",5,"STRPNE_7F",2020,0,0,152.9999997858
"4328","Finland",5,"STRPNE_7F",2021,0,0,146.9999998236
"4329","Finland",5,"STRPNE_7F",2022,1.043307067,0.393700780669291,264.9999995495
"4330","Finland",5,"STRPNE_7F",2023,1.0364741376,0.303951360547112,340.9999993862
"4331","Finland",5,"STRPNE_7F",2024,0,0,299.99999958
"4332","Finland",5,"STRPNE_8",2010,0,0,303.9999995744
"4333","Finland",5,"STRPNE_8",2011,2.027210858,0.680272101292517,297.9999994338
"4334","Finland",5,"STRPNE_8",2012,3.0534124453,0.890207711246291,342.9999995198
"4335","Finland",5,"STRPNE_8",2013,0.9999999878,0.313479620501567,318.9999994896
"4336","Finland",5,"STRPNE_8",2014,4.057142847,1.14285714205714,354.999999361
"4337","Finland",5,"STRPNE_8",2015,1.0070754435,0.235849050495283,426.9999991033
"4338","Finland",5,"STRPNE_8",2016,12.028985488,2.8985507257971,414.99999917
"4339","Finland",5,"STRPNE_8",2017,10.1385681198,2.30946882369515,438.9999992976
"4340","Finland",5,"STRPNE_8",2018,7.0904392384,1.80878552271318,391.999999412
"4341","Finland",5,"STRPNE_8",2019,12.09375,3.1250000034375,386.9999995743
"4342","Finland",5,"STRPNE_8",2020,2.0131578891,1.31578947184211,152.9999997858
"4343","Finland",5,"STRPNE_8",2021,4.0273972494,2.73972602328767,146.9999998236
"4344","Finland",5,"STRPNE_8",2022,9.389763762,3.54330708602362,264.9999995495
"4345","Finland",5,"STRPNE_8",2023,14.5106382674,4.25531914765957,340.9999993862
"4346","Finland",5,"STRPNE_8",2024,10.10101008,3.3670033647138,299.99999958
"4347","Finland",5,"STRPNE_9",2010,0,0,303.9999995744
"4348","Finland",5,"STRPNE_9",2011,0,0,297.9999994338
"4349","Finland",5,"STRPNE_9",2012,0,0,342.9999995198
"4350","Finland",5,"STRPNE_9",2013,0,0,318.9999994896
"4351","Finland",5,"STRPNE_9",2014,0,0,354.999999361
"4352","Finland",5,"STRPNE_9",2015,0,0,426.9999991033
"4353","Finland",5,"STRPNE_9",2016,0,0,414.99999917
"4354","Finland",5,"STRPNE_9",2017,0,0,438.9999992976
"4355","Finland",5,"STRPNE_9",2018,0,0,391.999999412
"4356","Finland",5,"STRPNE_9",2019,0,0,386.9999995743
"4357","Finland",5,"STRPNE_9",2021,0,0,146.9999998236
"4358","Finland",5,"STRPNE_9",2022,0,0,264.9999995495
"4359","Finland",5,"STRPNE_9",2024,0,0,299.99999958
"4360","Finland",5,"STRPNE_9A",2010,0,0,303.9999995744
"4361","Finland",5,"STRPNE_9A",2011,0,0,297.9999994338
"4362","Finland",5,"STRPNE_9A",2012,0,0,342.9999995198
"4363","Finland",5,"STRPNE_9A",2013,0,0,318.9999994896
"4364","Finland",5,"STRPNE_9A",2014,0,0,354.999999361
"4365","Finland",5,"STRPNE_9A",2015,0,0,426.9999991033
"4366","Finland",5,"STRPNE_9A",2016,0,0,414.99999917
"4367","Finland",5,"STRPNE_9A",2017,0,0,438.9999992976
"4368","Finland",5,"STRPNE_9A",2018,0,0,391.999999412
"4369","Finland",5,"STRPNE_9A",2019,0,0,386.9999995743
"4370","Finland",5,"STRPNE_9A",2020,0,0,152.9999997858
"4371","Finland",5,"STRPNE_9A",2021,0,0,146.9999998236
"4372","Finland",5,"STRPNE_9A",2022,0,0,264.9999995495
"4373","Finland",5,"STRPNE_9A",2023,0,0,340.9999993862
"4374","Finland",5,"STRPNE_9A",2024,0,0,299.99999958
"4375","Finland",5,"STRPNE_9L",2011,0,0,297.9999994338
"4376","Finland",5,"STRPNE_9L",2013,0,0,318.9999994896
"4377","Finland",5,"STRPNE_9L",2014,0,0,354.999999361
"4378","Finland",5,"STRPNE_9L",2015,0,0,426.9999991033
"4379","Finland",5,"STRPNE_9L",2016,0,0,414.99999917
"4380","Finland",5,"STRPNE_9L",2017,0,0,438.9999992976
"4381","Finland",5,"STRPNE_9L",2018,0,0,391.999999412
"4382","Finland",5,"STRPNE_9L",2019,0,0,386.9999995743
"4383","Finland",5,"STRPNE_9L",2020,0,0,152.9999997858
"4384","Finland",5,"STRPNE_9L",2021,0,0,146.9999998236
"4385","Finland",5,"STRPNE_9L",2022,0,0,264.9999995495
"4386","Finland",5,"STRPNE_9L",2023,0,0,340.9999993862
"4387","Finland",5,"STRPNE_9L",2024,0,0,299.99999958
"4388","Finland",5,"STRPNE_9N",2010,15.7241379216,5.17241379724138,303.9999995744
"4389","Finland",5,"STRPNE_9N",2011,12.163265297,4.0816326577551,297.9999994338
"4390","Finland",5,"STRPNE_9N",2012,15.2670622951,4.45103857623145,342.9999995198
"4391","Finland",5,"STRPNE_9N",2013,15.9999999962,5.01567398802508,318.9999994896
"4392","Finland",5,"STRPNE_9N",2014,10.1428571175,2.85714285514286,354.999999361
"4393","Finland",5,"STRPNE_9N",2015,11.0778301774,2.59433962544811,426.9999991033
"4394","Finland",5,"STRPNE_9N",2016,7.0169081875,1.69082125338164,414.99999917
"4395","Finland",5,"STRPNE_9N",2017,10.1385681198,2.30946882369515,438.9999992976
"4396","Finland",5,"STRPNE_9N",2018,7.0904392384,1.80878552271318,391.999999412
"4397","Finland",5,"STRPNE_9N",2019,10.0781249742,2.60416666286458,386.9999995743
"4398","Finland",5,"STRPNE_9N",2020,4.0263157782,2.63157894368421,152.9999997858
"4399","Finland",5,"STRPNE_9N",2021,2.0136986247,1.36986301164384,146.9999998236
"4400","Finland",5,"STRPNE_9N",2022,4.173228321,1.57480314267717,264.9999995495
"4401","Finland",5,"STRPNE_9N",2023,7.2553191337,2.12765957382979,340.9999993862
"4402","Finland",5,"STRPNE_9N",2024,9.09090909,3.03030303424242,299.99999958
"4403","Finland",5,"STRPNE_9V",2010,7.337931024,2.41379310337931,303.9999995744
"4404","Finland",5,"STRPNE_9V",2011,11.1496598382,3.74149659710884,297.9999994338
"4405","Finland",5,"STRPNE_9V",2012,9.1602373702,2.67062314373887,342.9999995198
"4406","Finland",5,"STRPNE_9V",2013,7.9999999981,2.50783699401254,318.9999994896
"4407","Finland",5,"STRPNE_9V",2014,10.1428571175,2.85714285514286,354.999999361
"4408","Finland",5,"STRPNE_9V",2015,1.0070754435,0.235849050495283,426.9999991033
"4409","Finland",5,"STRPNE_9V",2016,6.014492744,1.44927536289855,414.99999917
"4410","Finland",5,"STRPNE_9V",2017,3.0415704096,0.692840641108545,438.9999992976
"4411","Finland",5,"STRPNE_9V",2018,4.0516795816,1.03359173155039,391.999999412
"4412","Finland",5,"STRPNE_9V",2019,2.0156249871,0.520833330572917,386.9999995743
"4413","Finland",5,"STRPNE_9V",2020,0,0,152.9999997858
"4414","Finland",5,"STRPNE_9V",2021,0,0,146.9999998236
"4415","Finland",5,"STRPNE_9V",2022,0,0,264.9999995495
"4416","Finland",5,"STRPNE_9V",2023,1.0364741376,0.303951360547112,340.9999993862
"4417","Finland",5,"STRPNE_9V",2024,0,0,299.99999958
"4418","Finland",5,"STRPNE_NTYP",2010,0,0,303.9999995744
"4419","Finland",5,"STRPNE_NTYP",2011,0,0,297.9999994338
"4420","Finland",5,"STRPNE_NTYP",2012,0,0,342.9999995198
"4421","Finland",5,"STRPNE_NTYP",2013,0,0,318.9999994896
"4422","Finland",5,"STRPNE_NTYP",2014,0,0,354.999999361
"4423","Finland",5,"STRPNE_NTYP",2015,0,0,426.9999991033
"4424","Finland",5,"STRPNE_NTYP",2016,0,0,414.99999917
"4425","Finland",5,"STRPNE_NTYP",2017,0,0,438.9999992976
"4426","Finland",5,"STRPNE_NTYP",2018,0,0,391.999999412
"4427","Finland",5,"STRPNE_NTYP",2019,0,0,386.9999995743
"4428","Finland",5,"STRPNE_NTYP",2020,0,0,152.9999997858
"4429","Finland",5,"STRPNE_NTYP",2021,0,0,146.9999998236
"4430","Finland",5,"STRPNE_NTYP",2022,0,0,264.9999995495
"4431","Finland",5,"STRPNE_NTYP",2023,0,0,340.9999993862
"4432","Finland",5,"STRPNE_NTYP",2024,0,0,299.99999958
"4433","France",1,"STRPNE_1",2010,48.2295340528,11.0113091579147,437.9999994654
"4434","France",1,"STRPNE_1",2011,41.8761904528,10.5481588189992,396.9999994442
"4435","France",1,"STRPNE_1",2012,24.9331395246,7.76733318880033,320.9999998526
"4436","France",1,"STRPNE_1",2013,6.4761904736,2.67611176889635,241.9999997336
"4437","France",1,"STRPNE_1",2014,6.3076922976,3.03254437696034,207.9999997864
"4438","France",1,"STRPNE_1",2015,5.2730769156,1.99737762093454,263.9999998164
"4439","France",1,"STRPNE_1",2016,0,0,276.9999996839
"4440","France",1,"STRPNE_1",2017,2.6002873425,0.981240507866797,264.9999996589
"4441","France",1,"STRPNE_1",2018,0,0,272.9999997637
"4442","France",1,"STRPNE_10A",2010,13.0183732428,2.97223133760035,437.9999994654
"4443","France",1,"STRPNE_10A",2011,14.6285714215,3.68477870075063,396.9999994442
"4444","France",1,"STRPNE_10A",2012,9.3494186006,2.9125914656988,320.9999998526
"4445","France",1,"STRPNE_10A",2013,23.4805194692,9.70269400621817,241.9999997336
"4446","France",1,"STRPNE_10A",2014,10.7692307608,5.17751479416306,207.9999997864
"4447","France",1,"STRPNE_10A",2015,17.7692307684,6.73076923513549,263.9999998164
"4448","France",1,"STRPNE_10A",2016,18.1589549142,6.55557939888888,276.9999996839
"4449","France",1,"STRPNE_10A",2017,16.1022988349,6.07633919080241,264.9999996589
"4450","France",1,"STRPNE_10A",2018,21.2170542514,7.7718147508296,272.9999997637
"4451","France",1,"STRPNE_10B",2010,0,0,437.9999994654
"4452","France",1,"STRPNE_10B",2011,0,0,396.9999994442
"4453","France",1,"STRPNE_10B",2012,0,0,320.9999998526
"4454","France",1,"STRPNE_10B",2013,0,0,241.9999997336
"4455","France",1,"STRPNE_10B",2014,0,0,207.9999997864
"4456","France",1,"STRPNE_10B",2015,0,0,263.9999998164
"4457","France",1,"STRPNE_10B",2016,0,0,276.9999996839
"4458","France",1,"STRPNE_10B",2017,0,0,264.9999996589
"4459","France",1,"STRPNE_10B",2018,0,0,272.9999997637
"4460","France",1,"STRPNE_11A",2010,3.1504079806,0.719271229325394,437.9999994654
"4461","France",1,"STRPNE_11A",2011,5.8142856849,1.4645555901864,396.9999994442
"4462","France",1,"STRPNE_11A",2012,3.1162790626,0.970803446738618,320.9999998526
"4463","France",1,"STRPNE_11A",2013,7.852813841,3.24496440067958,241.9999997336
"4464","France",1,"STRPNE_11A",2014,0,0,207.9999997864
"4465","France",1,"STRPNE_11A",2015,9.1730769156,3.47465034923464,263.9999998164
"4466","France",1,"STRPNE_11A",2016,7.9473474106,2.86907849085529,276.9999996839
"4467","France",1,"STRPNE_11A",2017,1.1749999953,0.443396225212236,264.9999996589
"4468","France",1,"STRPNE_11A",2018,5.6085271177,2.05440553939727,272.9999997637
"4469","France",1,"STRPNE_11B",2012,0,0,320.9999998526
"4470","France",1,"STRPNE_11B",2017,1.1749999953,0.443396225212236,264.9999996589
"4471","France",1,"STRPNE_11D",2016,0,0,276.9999996839
"4472","France",1,"STRPNE_11F",2018,0,0,272.9999997637
"4473","France",1,"STRPNE_12",2013,0,0,241.9999997336
"4474","France",1,"STRPNE_12",2014,0,0,207.9999997864
"4475","France",1,"STRPNE_12",2015,0,0,263.9999998164
"4476","France",1,"STRPNE_12",2017,0,0,264.9999996589
"4477","France",1,"STRPNE_12A",2013,0,0,241.9999997336
"4478","France",1,"STRPNE_12A",2015,0,0,263.9999998164
"4479","France",1,"STRPNE_12A",2017,0,0,264.9999996589
"4480","France",1,"STRPNE_12B",2012,0,0,320.9999998526
"4481","France",1,"STRPNE_12B",2014,0,0,207.9999997864
"4482","France",1,"STRPNE_12B",2015,0,0,263.9999998164
"4483","France",1,"STRPNE_12B",2016,0,0,276.9999996839
"4484","France",1,"STRPNE_12B",2017,0,0,264.9999996589
"4485","France",1,"STRPNE_12F",2010,20.2926033018,4.63301445812057,437.9999994654
"4486","France",1,"STRPNE_12F",2011,57.5095237877,14.4860261632779,396.9999994442
"4487","France",1,"STRPNE_12F",2012,41.2938953398,12.8641418563121,320.9999998526
"4488","France",1,"STRPNE_12F",2013,18.4588744486,7.62763407806612,241.9999997336
"4489","France",1,"STRPNE_12F",2014,12.6153846072,6.06508875968992,207.9999997864
"4490","France",1,"STRPNE_12F",2015,28.3846153788,10.7517482570228,263.9999998164
"4491","France",1,"STRPNE_12F",2016,13.6727163788,4.93599869834032,276.9999996839
"4492","France",1,"STRPNE_12F",2017,17.200862057,6.49089135061903,264.9999996589
"4493","France",1,"STRPNE_12F",2018,18.2364340884,6.68001249237541,272.9999997637
"4494","France",1,"STRPNE_13",2015,0,0,263.9999998164
"4495","France",1,"STRPNE_13",2016,1.4954128397,0.539860231554692,276.9999996839
"4496","France",1,"STRPNE_14",2010,4.0305343408,0.920213320940516,437.9999994654
"4497","France",1,"STRPNE_14",2011,4.3761904504,1.10231497645508,396.9999994442
"4498","France",1,"STRPNE_14",2012,2.3375,0.728193146751824,320.9999998526
"4499","France",1,"STRPNE_14",2013,4.1298701234,1.70655790411003,241.9999997336
"4500","France",1,"STRPNE_14",2014,0,0,207.9999997864
"4501","France",1,"STRPNE_14",2015,3.6115384524,1.36800699049684,263.9999998164
"4502","France",1,"STRPNE_14",2016,1.2391304328,0.447339506936477,276.9999996839
"4503","France",1,"STRPNE_14",2017,5.4508620617,2.05692908253441,264.9999996589
"4504","France",1,"STRPNE_14",2018,4.2945736267,1.57310389392573,272.9999997637
"4505","France",1,"STRPNE_15",2010,0,0,437.9999994654
"4506","France",1,"STRPNE_15",2011,0,0,396.9999994442
"4507","France",1,"STRPNE_15",2012,0,0,320.9999998526
"4508","France",1,"STRPNE_15",2013,0,0,241.9999997336
"4509","France",1,"STRPNE_15",2014,0,0,207.9999997864
"4510","France",1,"STRPNE_15",2016,0,0,276.9999996839
"4511","France",1,"STRPNE_15",2017,0,0,264.9999996589
"4512","France",1,"STRPNE_15",2018,0,0,272.9999997637
"4513","France",1,"STRPNE_15A",2010,18.0223216376,4.1146853104103,437.9999994654
"4514","France",1,"STRPNE_15A",2011,14.6904761684,3.70037183601176,396.9999994442
"4515","France",1,"STRPNE_15A",2012,17.9200581386,5.58257263141081,320.9999998526
"4516","France",1,"STRPNE_15A",2013,16.3549783494,6.75825552372066,241.9999997336
"4517","France",1,"STRPNE_15A",2014,11.9999999808,5.76923076592456,207.9999997864
"4518","France",1,"STRPNE_15A",2015,10.8346153788,4.10402097967234,263.9999998164
"4519","France",1,"STRPNE_15A",2016,15.6806940486,5.66090038501592,276.9999996839
"4520","France",1,"STRPNE_15A",2017,10.8252873378,4.08501409499396,264.9999996589
"4521","France",1,"STRPNE_15A",2018,16.2170542514,5.94031291774248,272.9999997637
"4522","France",1,"STRPNE_15B",2010,6.3008159788,1.43854246266905,437.9999994654
"4523","France",1,"STRPNE_15B",2011,11.8142856843,2.97589060474559,396.9999994442
"4524","France",1,"STRPNE_15B",2012,20.2569767392,6.31058465685414,320.9999998526
"4525","France",1,"STRPNE_15B",2013,6.2337662226,2.57593645845549,241.9999997336
"4526","France",1,"STRPNE_15B",2014,11.9999999808,5.76923076592456,207.9999997864
"4527","France",1,"STRPNE_15B",2015,24.196153842,9.16520979501035,263.9999998164
"4528","France",1,"STRPNE_15B",2016,11.4507379201,4.13384040908559,276.9999996839
"4529","France",1,"STRPNE_15B",2017,8.7255746974,3.2926697013703,264.9999996589
"4530","France",1,"STRPNE_15B",2018,0,0,272.9999997637
"4531","France",1,"STRPNE_15B/C",2010,0,0,437.9999994654
"4532","France",1,"STRPNE_15B/C",2012,0,0,320.9999998526
"4533","France",1,"STRPNE_15B/C",2013,0,0,241.9999997336
"4534","France",1,"STRPNE_15B/C",2014,0,0,207.9999997864
"4535","France",1,"STRPNE_15B/C",2015,0,0,263.9999998164
"4536","France",1,"STRPNE_15B/C",2016,0,0,276.9999996839
"4537","France",1,"STRPNE_15B/C",2017,0,0,264.9999996589
"4538","France",1,"STRPNE_15B/C",2018,17.8837209234,6.55081353072512,272.9999997637
"4539","France",1,"STRPNE_15C",2010,3.6137930908,0.825066916714796,437.9999994654
"4540","France",1,"STRPNE_15C",2011,14.8142856963,3.73155811512343,396.9999994442
"4541","France",1,"STRPNE_15C",2012,3.1162790626,0.970803446738618,320.9999998526
"4542","France",1,"STRPNE_15C",2013,10.606060597,4.38266967300638,241.9999997336
"4543","France",1,"STRPNE_15C",2014,16.6153846008,7.98816568166477,207.9999997864
"4544","France",1,"STRPNE_15C",2015,7.5115384524,2.84527971879694,263.9999998164
"4545","France",1,"STRPNE_15C",2016,12.9461507598,4.67370064064028,276.9999996839
"4546","France",1,"STRPNE_15C",2017,12.2505746974,4.62285838232776,264.9999996589
"4547","France",1,"STRPNE_15C",2018,0,0,272.9999997637
"4548","France",1,"STRPNE_15F",2013,2.9956709858,1.23788057400732,241.9999997336
"4549","France",1,"STRPNE_15F",2016,0,0,276.9999996839
"4550","France",1,"STRPNE_16",2011,0,0,396.9999994442
"4551","France",1,"STRPNE_16",2012,0,0,320.9999998526
"4552","France",1,"STRPNE_16",2013,0,0,241.9999997336
"4553","France",1,"STRPNE_16",2017,0,0,264.9999996589
"4554","France",1,"STRPNE_16F",2010,1.3435114352,0.306737770967995,437.9999994654
"4555","France",1,"STRPNE_16F",2011,4.3142857035,1.08672184119395,396.9999994442
"4556","France",1,"STRPNE_16F",2012,0,0,320.9999998526
"4557","France",1,"STRPNE_16F",2013,1.3766233674,0.568852631783233,241.9999997336
"4558","France",1,"STRPNE_16F",2014,1.6923076896,0.813609466989361,207.9999997864
"4559","France",1,"STRPNE_16F",2015,1.6615384524,0.62937062634679,263.9999998164
"4560","France",1,"STRPNE_16F",2016,6.4519345709,2.3292182593006,276.9999996839
"4561","France",1,"STRPNE_16F",2017,4.0255747021,1.5190847952006,264.9999996589
"4562","France",1,"STRPNE_16F",2018,1.3139534797,0.48130164133235,272.9999997637
"4563","France",1,"STRPNE_17F",2010,0,0,437.9999994654
"4564","France",1,"STRPNE_17F",2011,1.4380952345,0.362240613731318,396.9999994442
"4565","France",1,"STRPNE_17F",2012,3.1162790626,0.970803446738618,320.9999998526
"4566","France",1,"STRPNE_17F",2013,5.9913419822,2.47576115239481,241.9999997336
"4567","France",1,"STRPNE_17F",2014,6.3076922976,3.03254437696034,207.9999997864
"4568","France",1,"STRPNE_17F",2015,5.2730769156,1.99737762093454,263.9999998164
"4569","France",1,"STRPNE_17F",2016,1.2391304328,0.447339506936477,276.9999996839
"4570","France",1,"STRPNE_17F",2017,1.4252873472,0.537844282654561,264.9999996589
"4571","France",1,"STRPNE_17F",2018,0,0,272.9999997637
"4572","France",1,"STRPNE_18",2013,0,0,241.9999997336
"4573","France",1,"STRPNE_18",2014,0,0,207.9999997864
"4574","France",1,"STRPNE_18",2017,0,0,264.9999996589
"4575","France",1,"STRPNE_18A",2011,0,0,396.9999994442
"4576","France",1,"STRPNE_18A",2014,0,0,207.9999997864
"4577","France",1,"STRPNE_18A",2017,0,0,264.9999996589
"4578","France",1,"STRPNE_18B",2015,0,0,263.9999998164
"4579","France",1,"STRPNE_18B",2017,0,0,264.9999996589
"4580","France",1,"STRPNE_18C",2010,3.6137930908,0.825066916714796,437.9999994654
"4581","France",1,"STRPNE_18C",2011,0,0,396.9999994442
"4582","France",1,"STRPNE_18C",2012,0,0,320.9999998526
"4583","France",1,"STRPNE_18C",2013,0,0,241.9999997336
"4584","France",1,"STRPNE_18C",2014,0,0,207.9999997864
"4585","France",1,"STRPNE_18C",2015,0,0,263.9999998164
"4586","France",1,"STRPNE_18C",2016,0,0,276.9999996839
"4587","France",1,"STRPNE_18C",2017,0,0,264.9999996589
"4588","France",1,"STRPNE_18C",2018,0,0,272.9999997637
"4589","France",1,"STRPNE_18F",2012,0,0,320.9999998526
"4590","France",1,"STRPNE_19",2010,0,0,437.9999994654
"4591","France",1,"STRPNE_19",2011,0,0,396.9999994442
"4592","France",1,"STRPNE_19",2012,0,0,320.9999998526
"4593","France",1,"STRPNE_19",2013,0,0,241.9999997336
"4594","France",1,"STRPNE_19",2016,0,0,276.9999996839
"4595","France",1,"STRPNE_19",2018,0,0,272.9999997637
"4596","France",1,"STRPNE_19A",2010,108.9207686058,24.8677554198043,437.9999994654
"4597","France",1,"STRPNE_19A",2011,68.071428552,17.146455578665,396.9999994442
"4598","France",1,"STRPNE_19A",2012,28.0488372012,8.73795551840491,320.9999998526
"4599","France",1,"STRPNE_19A",2013,19.8354978266,8.19648671422952,241.9999997336
"4600","France",1,"STRPNE_19A",2014,13.2307692216,6.36094674768605,207.9999997864
"4601","France",1,"STRPNE_19A",2015,13.8692307684,5.25349650683539,263.9999998164
"4602","France",1,"STRPNE_19A",2016,10.9381731063,3.94879895984915,276.9999996839
"4603","France",1,"STRPNE_19A",2017,9.9005747068,3.73606593190329,264.9999996589
"4604","France",1,"STRPNE_19A",2018,7.6279069707,2.79410511989101,272.9999997637
"4605","France",1,"STRPNE_19F",2010,9.451223977,2.15781369601271,437.9999994654
"4606","France",1,"STRPNE_19F",2011,5.9380952279,1.4957418731016,396.9999994442
"4607","France",1,"STRPNE_19F",2012,18.6988372012,5.82518293139761,320.9999998526
"4608","France",1,"STRPNE_19F",2013,2.7532467454,1.13770526794663,241.9999997336
"4609","France",1,"STRPNE_19F",2014,3.9999999936,1.92307692197485,207.9999997864
"4610","France",1,"STRPNE_19F",2015,10.546153842,3.99475524595999,263.9999998164
"4611","France",1,"STRPNE_19F",2016,4.9565217312,1.78935802774591,276.9999996839
"4612","France",1,"STRPNE_19F",2017,8.5517241328,3.22706571464435,264.9999996589
"4613","France",1,"STRPNE_19F",2018,7.6279069707,2.79410511989101,272.9999997637
"4614","France",1,"STRPNE_2",2012,2.3375,0.728193146751824,320.9999998526
"4615","France",1,"STRPNE_2",2016,0,0,276.9999996839
"4616","France",1,"STRPNE_20",2011,1.4999999814,0.377833748992443,396.9999994442
"4617","France",1,"STRPNE_20",2012,0,0,320.9999998526
"4618","France",1,"STRPNE_20",2013,0,0,241.9999997336
"4619","France",1,"STRPNE_20",2014,3.3846153792,1.62721893397872,207.9999997864
"4620","France",1,"STRPNE_20",2015,1.6615384524,0.62937062634679,263.9999998164
"4621","France",1,"STRPNE_20",2016,1.4954128397,0.539860231554692,276.9999996839
"4622","France",1,"STRPNE_20",2017,5.2005746974,1.96248102041284,264.9999996589
"4623","France",1,"STRPNE_20",2018,0,0,272.9999997637
"4624","France",1,"STRPNE_21",2010,5.3740457936,1.22695109592678,437.9999994654
"4625","France",1,"STRPNE_21",2011,2.9380952159,0.740074362723761,396.9999994442
"4626","France",1,"STRPNE_21",2012,2.3375,0.728193146751824,320.9999998526
"4627","France",1,"STRPNE_21",2013,6.2337662226,2.57593645845549,241.9999997336
"4628","France",1,"STRPNE_21",2014,0,0,207.9999997864
"4629","France",1,"STRPNE_21",2015,3.6115384524,1.36800699049684,263.9999998164
"4630","France",1,"STRPNE_21",2016,5.7253689519,2.06692020160055,276.9999996839
"4631","France",1,"STRPNE_21",2017,5.2005746974,1.96248102041284,264.9999996589
"4632","France",1,"STRPNE_21",2018,1.3139534797,0.48130164133235,272.9999997637
"4633","France",1,"STRPNE_22",2012,0,0,320.9999998526
"4634","France",1,"STRPNE_22",2014,0,0,207.9999997864
"4635","France",1,"STRPNE_22",2018,0,0,272.9999997637
"4636","France",1,"STRPNE_22A",2010,0,0,437.9999994654
"4637","France",1,"STRPNE_22F",2010,5.4206896362,1.23760037507219,437.9999994654
"4638","France",1,"STRPNE_22F",2011,10.2523809314,2.58246371429555,396.9999994442
"4639","France",1,"STRPNE_22F",2012,10.1287790626,3.15538288699409,320.9999998526
"4640","France",1,"STRPNE_22F",2013,12.4675324558,5.15187292129115,241.9999997336
"4641","France",1,"STRPNE_22F",2014,7.9999999872,3.8461538439497,207.9999997864
"4642","France",1,"STRPNE_22F",2015,18.346153842,6.94930070256019,263.9999998164
"4643","France",1,"STRPNE_22F",2016,12.6898683529,4.58117991602206,276.9999996839
"4644","France",1,"STRPNE_22F",2017,8.0511494042,3.03816959040121,264.9999996589
"4645","France",1,"STRPNE_22F",2018,13.9418604617,5.10690859844968,272.9999997637
"4646","France",1,"STRPNE_23",2018,0,0,272.9999997637
"4647","France",1,"STRPNE_23A",2010,3.6137930908,0.825066916714796,437.9999994654
"4648","France",1,"STRPNE_23A",2011,1.4380952345,0.362240613731318,396.9999994442
"4649","France",1,"STRPNE_23A",2012,1.5581395246,0.485401721282082,320.9999998526
"4650","France",1,"STRPNE_23A",2013,2.9956709858,1.23788057400732,241.9999997336
"4651","France",1,"STRPNE_23A",2014,5.0769230688,2.44082840096808,207.9999997864
"4652","France",1,"STRPNE_23A",2015,1.6615384524,0.62937062634679,263.9999998164
"4653","France",1,"STRPNE_23A",2016,5.7253689519,2.06692020160055,276.9999996839
"4654","France",1,"STRPNE_23A",2017,9.4764367638,3.57601387773501,264.9999996589
"4655","France",1,"STRPNE_23A",2018,4.2945736267,1.57310389392573,272.9999997637
"4656","France",1,"STRPNE_23B",2010,10.8413792986,2.47520075612612,437.9999994654
"4657","France",1,"STRPNE_23B",2011,4.4380952219,1.11790811791268,396.9999994442
"4658","France",1,"STRPNE_23B",2012,14.8037790626,4.61176918049774,320.9999998526
"4659","France",1,"STRPNE_23B",2013,10.3636363566,4.28249436694569,241.9999997336
"4660","France",1,"STRPNE_23B",2014,11.3846153752,5.47337278215919,207.9999997864
"4661","France",1,"STRPNE_23B",2015,9.1730769156,3.47465034923464,263.9999998164
"4662","France",1,"STRPNE_23B",2016,18.9278021349,6.83314157274352,276.9999996839
"4663","France",1,"STRPNE_23B",2017,9.9005747068,3.73606593190329,264.9999996589
"4664","France",1,"STRPNE_23B",2018,13.5891472807,4.97770963093858,272.9999997637
"4665","France",1,"STRPNE_23F",2010,1.8068965454,0.412533458357398,437.9999994654
"4666","France",1,"STRPNE_23F",2011,1.4999999814,0.377833748992443,396.9999994442
"4667","France",1,"STRPNE_23F",2012,0,0,320.9999998526
"4668","France",1,"STRPNE_23F",2013,1.6190476184,0.669027942224087,241.9999997336
"4669","France",1,"STRPNE_23F",2014,0,0,207.9999997864
"4670","France",1,"STRPNE_23F",2015,1.6615384524,0.62937062634679,263.9999998164
"4671","France",1,"STRPNE_23F",2016,1.2391304328,0.447339506936477,276.9999996839
"4672","France",1,"STRPNE_23F",2017,0,0,264.9999996589
"4673","France",1,"STRPNE_23F",2018,0,0,272.9999997637
"4674","France",1,"STRPNE_24",2010,0,0,437.9999994654
"4675","France",1,"STRPNE_24",2011,0,0,396.9999994442
"4676","France",1,"STRPNE_24",2012,0,0,320.9999998526
"4677","France",1,"STRPNE_24",2013,0,0,241.9999997336
"4678","France",1,"STRPNE_24",2015,0,0,263.9999998164
"4679","France",1,"STRPNE_24",2016,0,0,276.9999996839
"4680","France",1,"STRPNE_24",2018,0,0,272.9999997637
"4681","France",1,"STRPNE_24A",2010,1.8068965454,0.412533458357398,437.9999994654
"4682","France",1,"STRPNE_24A",2011,0,0,396.9999994442
"4683","France",1,"STRPNE_24A",2012,1.5581395246,0.485401721282082,320.9999998526
"4684","France",1,"STRPNE_24A",2013,0,0,241.9999997336
"4685","France",1,"STRPNE_24A",2014,0,0,207.9999997864
"4686","France",1,"STRPNE_24A",2016,0,0,276.9999996839
"4687","France",1,"STRPNE_24A",2017,0,0,264.9999996589
"4688","France",1,"STRPNE_24A",2018,0,0,272.9999997637
"4689","France",1,"STRPNE_24B",2010,1.8068965454,0.412533458357398,437.9999994654
"4690","France",1,"STRPNE_24B",2011,0,0,396.9999994442
"4691","France",1,"STRPNE_24B",2012,0,0,320.9999998526
"4692","France",1,"STRPNE_24B",2013,0,0,241.9999997336
"4693","France",1,"STRPNE_24B",2014,2.307692304,1.10946745498549,207.9999997864
"4694","France",1,"STRPNE_24B",2015,1.6615384524,0.62937062634679,263.9999998164
"4695","France",1,"STRPNE_24B",2016,2.7345432725,0.987199738491169,276.9999996839
"4696","France",1,"STRPNE_24B",2017,2.6002873425,0.981240507866797,264.9999996589
"4697","France",1,"STRPNE_24B",2018,3.9418604617,1.44390493227544,272.9999997637
"4698","France",1,"STRPNE_24F",2010,36.0446433014,8.22937062680233,437.9999994654
"4699","France",1,"STRPNE_24F",2011,32.4428571203,8.17200432385894,396.9999994442
"4700","France",1,"STRPNE_24F",2012,50.6427325544,15.7765522048768,320.9999998526
"4701","France",1,"STRPNE_24F",2013,17.7316017274,7.32710815988406,241.9999997336
"4702","France",1,"STRPNE_24F",2014,32.7692307528,15.7544378781017,207.9999997864
"4703","France",1,"STRPNE_24F",2015,31.7076923052,12.0104895178982,263.9999998164
"4704","France",1,"STRPNE_24F",2016,51.7423214929,18.6795384664065,276.9999996839
"4705","France",1,"STRPNE_24F",2017,49.753160909,18.7747777256758,264.9999996589
"4706","France",1,"STRPNE_24F",2018,62.7868216951,22.998835805658,272.9999997637
"4707","France",1,"STRPNE_25A",2010,8.9878388844,2.05201801264157,437.9999994654
"4708","France",1,"STRPNE_25A",2011,13.3142856903,3.35372435993451,396.9999994442
"4709","France",1,"STRPNE_25A",2013,2.9956709858,1.23788057400732,241.9999997336
"4710","France",1,"STRPNE_25A",2014,0,0,207.9999997864
"4711","France",1,"STRPNE_25A",2015,1.95,0.738636364150052,263.9999998164
"4712","France",1,"STRPNE_25A",2017,2.3499999906,0.886792450424471,264.9999996589
"4713","France",1,"STRPNE_25A",2018,2.6279069707,0.962603286803895,272.9999997637
"4714","France",1,"STRPNE_27",2010,0,0,437.9999994654
"4715","France",1,"STRPNE_27",2011,0,0,396.9999994442
"4716","France",1,"STRPNE_27",2012,0,0,320.9999998526
"4717","France",1,"STRPNE_27",2013,0,0,241.9999997336
"4718","France",1,"STRPNE_27",2014,0,0,207.9999997864
"4719","France",1,"STRPNE_27",2015,0,0,263.9999998164
"4720","France",1,"STRPNE_27",2016,3.9736737053,1.43453924542765,276.9999996839
"4721","France",1,"STRPNE_27",2017,1.4252873472,0.537844282654561,264.9999996589
"4722","France",1,"STRPNE_27",2018,1.666666656,0.610500607121836,272.9999997637
"4723","France",1,"STRPNE_28",2013,0,0,241.9999997336
"4724","France",1,"STRPNE_28A",2015,0,0,263.9999998164
"4725","France",1,"STRPNE_28A",2017,0,0,264.9999996589
"4726","France",1,"STRPNE_28A",2018,0,0,272.9999997637
"4727","France",1,"STRPNE_28F",2013,0,0,241.9999997336
"4728","France",1,"STRPNE_28F",2017,0,0,264.9999996589
"4729","France",1,"STRPNE_28F",2018,0,0,272.9999997637
"4730","France",1,"STRPNE_29",2010,0,0,437.9999994654
"4731","France",1,"STRPNE_29",2011,0,0,396.9999994442
"4732","France",1,"STRPNE_29",2012,0,0,320.9999998526
"4733","France",1,"STRPNE_29",2013,1.3766233674,0.568852631783233,241.9999997336
"4734","France",1,"STRPNE_29",2014,2.307692304,1.10946745498549,207.9999997864
"4735","France",1,"STRPNE_29",2015,0,0,263.9999998164
"4736","France",1,"STRPNE_29",2017,0,0,264.9999996589
"4737","France",1,"STRPNE_29",2018,1.3139534797,0.48130164133235,272.9999997637
"4738","France",1,"STRPNE_3",2010,16.1687812234,3.69150256692575,437.9999994654
"4739","France",1,"STRPNE_3",2011,8.8142856969,2.22022310056423,396.9999994442
"4740","France",1,"STRPNE_3",2012,4.675,1.45638629350365,320.9999998526
"4741","France",1,"STRPNE_3",2013,16.112554109,6.65808021765997,241.9999997336
"4742","France",1,"STRPNE_3",2014,9.0769230712,4.3639053271737,207.9999997864
"4743","France",1,"STRPNE_3",2015,3.9,1.4772727283001,263.9999998164
"4744","France",1,"STRPNE_3",2016,16.6635420582,6.01571916144971,276.9999996839
"4745","France",1,"STRPNE_3",2017,19.6272988349,7.40652787175988,264.9999996589
"4746","France",1,"STRPNE_3",2018,13.5891472807,4.97770963093858,272.9999997637
"4747","France",1,"STRPNE_31",2010,1.3435114352,0.306737770967995,437.9999994654
"4748","France",1,"STRPNE_31",2011,0,0,396.9999994442
"4749","France",1,"STRPNE_31",2012,4.6744186006,1.45620517219515,320.9999998526
"4750","France",1,"STRPNE_31",2013,0,0,241.9999997336
"4751","France",1,"STRPNE_31",2014,0,0,207.9999997864
"4752","France",1,"STRPNE_31",2015,1.95,0.738636364150052,263.9999998164
"4753","France",1,"STRPNE_31",2016,1.2391304328,0.447339506936477,276.9999996839
"4754","France",1,"STRPNE_31",2017,1.1749999953,0.443396225212236,264.9999996589
"4755","France",1,"STRPNE_31",2018,1.666666656,0.610500607121836,272.9999997637
"4756","France",1,"STRPNE_33",2010,0,0,437.9999994654
"4757","France",1,"STRPNE_33",2011,0,0,396.9999994442
"4758","France",1,"STRPNE_33",2013,0,0,241.9999997336
"4759","France",1,"STRPNE_33",2014,0,0,207.9999997864
"4760","France",1,"STRPNE_33",2017,0,0,264.9999996589
"4761","France",1,"STRPNE_33A",2010,0,0,437.9999994654
"4762","France",1,"STRPNE_33A",2012,0,0,320.9999998526
"4763","France",1,"STRPNE_33A",2014,0,0,207.9999997864
"4764","France",1,"STRPNE_33A",2015,0,0,263.9999998164
"4765","France",1,"STRPNE_33B",2013,0,0,241.9999997336
"4766","France",1,"STRPNE_33B",2017,0,0,264.9999996589
"4767","France",1,"STRPNE_33F",2010,3.1504079806,0.719271229325394,437.9999994654
"4768","France",1,"STRPNE_33F",2011,16.0047618845,4.03142617302435,396.9999994442
"4769","France",1,"STRPNE_33F",2012,7.7912790626,2.42718974024227,320.9999998526
"4770","France",1,"STRPNE_33F",2013,8.9870129786,3.71364173078229,241.9999997336
"4771","France",1,"STRPNE_33F",2014,8.4615384568,4.06804733917757,207.9999997864
"4772","France",1,"STRPNE_33F",2015,9.1730769156,3.47465034923464,263.9999998164
"4773","France",1,"STRPNE_33F",2016,4.2299561122,1.52705997004586,276.9999996839
"4774","France",1,"STRPNE_33F",2017,15.6017241328,5.88744307655927,264.9999996589
"4775","France",1,"STRPNE_33F",2018,10.2558139527,3.7567084108341,272.9999997637
"4776","France",1,"STRPNE_34",2010,0,0,437.9999994654
"4777","France",1,"STRPNE_34",2011,0,0,396.9999994442
"4778","France",1,"STRPNE_34",2012,0,0,320.9999998526
"4779","France",1,"STRPNE_34",2013,0,0,241.9999997336
"4780","France",1,"STRPNE_34",2014,0,0,207.9999997864
"4781","France",1,"STRPNE_34",2015,0,0,263.9999998164
"4782","France",1,"STRPNE_34",2016,1.2391304328,0.447339506936477,276.9999996839
"4783","France",1,"STRPNE_34",2017,0,0,264.9999996589
"4784","France",1,"STRPNE_34",2018,0,0,272.9999997637
"4785","France",1,"STRPNE_35",2010,0,0,437.9999994654
"4786","France",1,"STRPNE_35A",2014,0,0,207.9999997864
"4787","France",1,"STRPNE_35B",2010,8.5244537918,1.94622232927043,437.9999994654
"4788","France",1,"STRPNE_35B",2011,7.3142856909,1.84238934537531,396.9999994442
"4789","France",1,"STRPNE_35B",2012,3.1162790626,0.970803446738618,320.9999998526
"4790","France",1,"STRPNE_35B",2013,5.9913419822,2.47576115239481,241.9999997336
"4791","France",1,"STRPNE_35B",2014,1.6923076896,0.813609466989361,207.9999997864
"4792","France",1,"STRPNE_35B",2015,0,0,263.9999998164
"4793","France",1,"STRPNE_35B",2016,5.2128041381,1.88187875236412,276.9999996839
"4794","France",1,"STRPNE_35B",2017,6.1252873425,2.31142918882426,264.9999996589
"4795","France",1,"STRPNE_35B",2018,10.2558139527,3.7567084108341,272.9999997637
"4796","France",1,"STRPNE_35F",2010,1.3435114352,0.306737770967995,437.9999994654
"4797","France",1,"STRPNE_35F",2011,0,0,396.9999994442
"4798","France",1,"STRPNE_35F",2012,2.3375,0.728193146751824,320.9999998526
"4799","France",1,"STRPNE_35F",2013,1.3766233674,0.568852631783233,241.9999997336
"4800","France",1,"STRPNE_35F",2014,3.9999999936,1.92307692197485,207.9999997864
"4801","France",1,"STRPNE_35F",2015,6.9346153788,2.62674825137224,263.9999998164
"4802","France",1,"STRPNE_35F",2016,7.6910650037,2.77655776623708,276.9999996839
"4803","France",1,"STRPNE_35F",2017,2.6002873425,0.981240507866797,264.9999996589
"4804","France",1,"STRPNE_35F",2018,8.9418604617,3.27540676536256,272.9999997637
"4805","France",1,"STRPNE_37",2016,0,0,276.9999996839
"4806","France",1,"STRPNE_38",2010,0,0,437.9999994654
"4807","France",1,"STRPNE_38",2011,1.4380952345,0.362240613731318,396.9999994442
"4808","France",1,"STRPNE_38",2012,2.3375,0.728193146751824,320.9999998526
"4809","France",1,"STRPNE_38",2013,9.229437219,3.81381703684298,241.9999997336
"4810","France",1,"STRPNE_38",2014,14.3076922968,6.87869822667928,207.9999997864
"4811","France",1,"STRPNE_38",2015,11.4115384524,4.32255244709705,263.9999998164
"4812","France",1,"STRPNE_38",2016,6.7082169778,2.42173898391881,276.9999996839
"4813","France",1,"STRPNE_38",2017,8.9758620617,3.38711776349187,264.9999996589
"4814","France",1,"STRPNE_38",2018,2.9806201357,1.09180224845419,272.9999997637
"4815","France",1,"STRPNE_39",2010,0,0,437.9999994654
"4816","France",1,"STRPNE_39",2011,0,0,396.9999994442
"4817","France",1,"STRPNE_4",2010,0,0,437.9999994654
"4818","France",1,"STRPNE_4",2011,2.876190469,0.724481227462636,396.9999994442
"4819","France",1,"STRPNE_4",2012,0,0,320.9999998526
"4820","France",1,"STRPNE_4",2013,1.6190476184,0.669027942224087,241.9999997336
"4821","France",1,"STRPNE_4",2014,0,0,207.9999997864
"4822","France",1,"STRPNE_4",2015,0,0,263.9999998164
"4823","France",1,"STRPNE_4",2016,0,0,276.9999996839
"4824","France",1,"STRPNE_4",2017,0,0,264.9999996589
"4825","France",1,"STRPNE_4",2018,0,0,272.9999997637
"4826","France",1,"STRPNE_40",2011,0,0,396.9999994442
"4827","France",1,"STRPNE_45",2016,1.4954128397,0.539860231554692,276.9999996839
"4828","France",1,"STRPNE_47F",2017,0,0,264.9999996589
"4829","France",1,"STRPNE_5",2010,3.6137930908,0.825066916714796,437.9999994654
"4830","France",1,"STRPNE_5",2011,1.4999999814,0.377833748992443,396.9999994442
"4831","France",1,"STRPNE_5",2012,0,0,320.9999998526
"4832","France",1,"STRPNE_5",2013,0,0,241.9999997336
"4833","France",1,"STRPNE_5",2014,0,0,207.9999997864
"4834","France",1,"STRPNE_5",2015,0,0,263.9999998164
"4835","France",1,"STRPNE_5",2016,0,0,276.9999996839
"4836","France",1,"STRPNE_5",2018,0,0,272.9999997637
"4837","France",1,"STRPNE_6",2011,0,0,396.9999994442
"4838","France",1,"STRPNE_6",2013,0,0,241.9999997336
"4839","France",1,"STRPNE_6",2017,0,0,264.9999996589
"4840","France",1,"STRPNE_6",2018,0,0,272.9999997637
"4841","France",1,"STRPNE_6A",2010,1.3435114352,0.306737770967995,437.9999994654
"4842","France",1,"STRPNE_6A",2011,2.9380952159,0.740074362723761,396.9999994442
"4843","France",1,"STRPNE_6A",2012,0,0,320.9999998526
"4844","France",1,"STRPNE_6A",2013,0,0,241.9999997336
"4845","France",1,"STRPNE_6A",2014,2.307692304,1.10946745498549,207.9999997864
"4846","France",1,"STRPNE_6A",2015,0,0,263.9999998164
"4847","France",1,"STRPNE_6A",2016,0,0,276.9999996839
"4848","France",1,"STRPNE_6A",2017,0,0,264.9999996589
"4849","France",1,"STRPNE_6A",2018,0,0,272.9999997637
"4850","France",1,"STRPNE_6B",2010,0,0,437.9999994654
"4851","France",1,"STRPNE_6B",2011,1.4380952345,0.362240613731318,396.9999994442
"4852","France",1,"STRPNE_6B",2012,0,0,320.9999998526
"4853","France",1,"STRPNE_6B",2013,0,0,241.9999997336
"4854","France",1,"STRPNE_6B",2014,0,0,207.9999997864
"4855","France",1,"STRPNE_6B",2015,0,0,263.9999998164
"4856","France",1,"STRPNE_6B",2016,1.4954128397,0.539860231554692,276.9999996839
"4857","France",1,"STRPNE_6B",2017,0,0,264.9999996589
"4858","France",1,"STRPNE_6B",2018,0,0,272.9999997637
"4859","France",1,"STRPNE_6C",2010,3.6137930908,0.825066916714796,437.9999994654
"4860","France",1,"STRPNE_6C",2011,7.4999999808,1.88916876355164,396.9999994442
"4861","France",1,"STRPNE_6C",2012,2.3375,0.728193146751824,320.9999998526
"4862","France",1,"STRPNE_6C",2013,1.3766233674,0.568852631783233,241.9999997336
"4863","France",1,"STRPNE_6C",2014,2.307692304,1.10946745498549,207.9999997864
"4864","France",1,"STRPNE_6C",2015,1.95,0.738636364150052,263.9999998164
"4865","France",1,"STRPNE_6C",2016,0,0,276.9999996839
"4866","France",1,"STRPNE_6C",2017,0,0,264.9999996589
"4867","France",1,"STRPNE_6C",2018,0,0,272.9999997637
"4868","France",1,"STRPNE_6D",2015,0,0,263.9999998164
"4869","France",1,"STRPNE_7",2011,0,0,396.9999994442
"4870","France",1,"STRPNE_7",2013,0,0,241.9999997336
"4871","France",1,"STRPNE_7",2017,0,0,264.9999996589
"4872","France",1,"STRPNE_7",2018,0,0,272.9999997637
"4873","France",1,"STRPNE_7A",2012,0,0,320.9999998526
"4874","France",1,"STRPNE_7B",2012,0,0,320.9999998526
"4875","France",1,"STRPNE_7B",2018,0,0,272.9999997637
"4876","France",1,"STRPNE_7C",2011,4.4380952219,1.11790811791268,396.9999994442
"4877","France",1,"STRPNE_7C",2012,0,0,320.9999998526
"4878","France",1,"STRPNE_7C",2015,1.6615384524,0.62937062634679,263.9999998164
"4879","France",1,"STRPNE_7C",2017,0,0,264.9999996589
"4880","France",1,"STRPNE_7C",2018,0,0,272.9999997637
"4881","France",1,"STRPNE_7F",2010,74.2196367396,16.94512256397,437.9999994654
"4882","France",1,"STRPNE_7F",2011,25.3142856891,6.3763943890529,396.9999994442
"4883","France",1,"STRPNE_7F",2012,24.9313953398,7.7667898290493,320.9999998526
"4884","France",1,"STRPNE_7F",2013,2.9956709858,1.23788057400732,241.9999997336
"4885","France",1,"STRPNE_7F",2014,0,0,207.9999997864
"4886","France",1,"STRPNE_7F",2015,1.6615384524,0.62937062634679,263.9999998164
"4887","France",1,"STRPNE_7F",2016,0,0,276.9999996839
"4888","France",1,"STRPNE_7F",2017,0,0,264.9999996589
"4889","France",1,"STRPNE_7F",2018,0,0,272.9999997637
"4890","France",1,"STRPNE_8",2010,4.0305343408,0.920213320940516,437.9999994654
"4891","France",1,"STRPNE_8",2011,1.4380952345,0.362240613731318,396.9999994442
"4892","France",1,"STRPNE_8",2012,0,0,320.9999998526
"4893","France",1,"STRPNE_8",2013,4.3722943638,1.80673321017072,241.9999997336
"4894","France",1,"STRPNE_8",2014,3.3846153792,1.62721893397872,207.9999997864
"4895","France",1,"STRPNE_8",2015,5.2730769156,1.99737762093454,263.9999998164
"4896","France",1,"STRPNE_8",2016,16.3649780561,5.90793432302346,276.9999996839
"4897","France",1,"STRPNE_8",2017,9.2261494136,3.4815658209342,264.9999996589
"4898","France",1,"STRPNE_8",2018,10.8643410704,3.97961211714426,272.9999997637
"4899","France",1,"STRPNE_9",2011,0,0,396.9999994442
"4900","France",1,"STRPNE_9",2012,0,0,320.9999998526
"4901","France",1,"STRPNE_9",2013,0,0,241.9999997336
"4902","France",1,"STRPNE_9",2016,0,0,276.9999996839
"4903","France",1,"STRPNE_9A",2010,1.8068965454,0.412533458357398,437.9999994654
"4904","France",1,"STRPNE_9A",2011,0,0,396.9999994442
"4905","France",1,"STRPNE_9A",2015,0,0,263.9999998164
"4906","France",1,"STRPNE_9L",2013,0,0,241.9999997336
"4907","France",1,"STRPNE_9L",2014,0,0,207.9999997864
"4908","France",1,"STRPNE_9N",2010,3.1504079806,0.719271229325394,437.9999994654
"4909","France",1,"STRPNE_9N",2011,2.876190469,0.724481227462636,396.9999994442
"4910","France",1,"STRPNE_9N",2012,3.1162790626,0.970803446738618,320.9999998526
"4911","France",1,"STRPNE_9N",2013,2.9956709858,1.23788057400732,241.9999997336
"4912","France",1,"STRPNE_9N",2014,1.6923076896,0.813609466989361,207.9999997864
"4913","France",1,"STRPNE_9N",2015,10.546153842,3.99475524595999,263.9999998164
"4914","France",1,"STRPNE_9N",2016,4.2299561122,1.52705997004586,276.9999996839
"4915","France",1,"STRPNE_9N",2017,8.3014367685,3.13261765252278,264.9999996589
"4916","France",1,"STRPNE_9N",2018,8.9418604617,3.27540676536256,272.9999997637
"4917","France",1,"STRPNE_9V",2010,0,0,437.9999994654
"4918","France",1,"STRPNE_9V",2011,0,0,396.9999994442
"4919","France",1,"STRPNE_9V",2012,0,0,320.9999998526
"4920","France",1,"STRPNE_9V",2013,0,0,241.9999997336
"4921","France",1,"STRPNE_9V",2014,0,0,207.9999997864
"4922","France",1,"STRPNE_9V",2015,0,0,263.9999998164
"4923","France",1,"STRPNE_9V",2016,0,0,276.9999996839
"4924","France",1,"STRPNE_9V",2017,0,0,264.9999996589
"4925","France",1,"STRPNE_9V",2018,0,0,272.9999997637
"4926","France",1,"STRPNE_NTYP",2010,0,0,437.9999994654
"4927","France",1,"STRPNE_NTYP",2011,0,0,396.9999994442
"4928","France",1,"STRPNE_NTYP",2012,10.1287790626,3.15538288699409,320.9999998526
"4929","France",1,"STRPNE_NTYP",2013,4.6147186042,1.90690851623141,241.9999997336
"4930","France",1,"STRPNE_NTYP",2014,0,0,207.9999997864
"4931","France",1,"STRPNE_NTYP",2015,0,0,263.9999998164
"4932","France",1,"STRPNE_NTYP",2016,0,0,276.9999996839
"4933","France",1,"STRPNE_NTYP",2017,0,0,264.9999996589
"4934","France",1,"STRPNE_NTYP",2018,0,0,272.9999997637
"4935","France",5,"STRPNE_1",2010,39.0404311738,1.61725067339623,2413.9999949306
"4936","France",5,"STRPNE_1",2011,34.8260869008,1.44927536318841,2402.9999947134
"4937","France",5,"STRPNE_1",2012,53.928571407,2.380952385,2264.9999952435
"4938","France",5,"STRPNE_1",2013,20.9111110902,1.11111111233333,1881.9999960478
"4939","France",5,"STRPNE_1",2014,0,0,1655.999995032
"4940","France",5,"STRPNE_1",2015,3.6074380122,0.206611570206612,1745.999998254
"4941","France",5,"STRPNE_1",2016,4.5403049328,0.217864920479303,2083.9999954152
"4942","France",5,"STRPNE_1",2017,0,0,2155.9999954724
"4943","France",5,"STRPNE_1",2018,0,0,2056.9999969145
"4944","France",5,"STRPNE_10",2010,0,0,2413.9999949306
"4945","France",5,"STRPNE_10",2011,0,0,2402.9999947134
"4946","France",5,"STRPNE_10",2012,0,0,2264.9999952435
"4947","France",5,"STRPNE_10",2013,0,0,1881.9999960478
"4948","France",5,"STRPNE_10",2014,0,0,1655.999995032
"4949","France",5,"STRPNE_10",2015,0,0,1745.999998254
"4950","France",5,"STRPNE_10",2016,0,0,2083.9999954152
"4951","France",5,"STRPNE_10",2018,0,0,2056.9999969145
"4952","France",5,"STRPNE_10A",2010,58.5606468814,2.42587601509434,2413.9999949306
"4953","France",5,"STRPNE_10A",2011,64.6770184614,2.69151138592132,2402.9999947134
"4954","France",5,"STRPNE_10A",2012,53.928571407,2.380952385,2264.9999952435
"4955","France",5,"STRPNE_10A",2013,41.8222221804,2.22222222466667,1881.9999960478
"4956","France",5,"STRPNE_10A",2014,37.3533833304,2.25563909676692,1655.999995032
"4957","France",5,"STRPNE_10A",2015,36.074380122,2.06611570206612,1745.999998254
"4958","France",5,"STRPNE_10A",2016,59.02396496,2.83224400623094,2083.9999954152
"4959","France",5,"STRPNE_10A",2017,100.1681413964,4.64601769975664,2155.9999954724
"4960","France",5,"STRPNE_10A",2018,49.8666665794,2.42424242363636,2056.9999969145
"4961","France",5,"STRPNE_10B",2010,0,0,2413.9999949306
"4962","France",5,"STRPNE_10B",2011,0,0,2402.9999947134
"4963","France",5,"STRPNE_10B",2012,0,0,2264.9999952435
"4964","France",5,"STRPNE_10B",2013,0,0,1881.9999960478
"4965","France",5,"STRPNE_10B",2014,0,0,1655.999995032
"4966","France",5,"STRPNE_10B",2015,0,0,1745.999998254
"4967","France",5,"STRPNE_10B",2016,4.5403049328,0.217864920479303,2083.9999954152
"4968","France",5,"STRPNE_10B",2017,0,0,2155.9999954724
"4969","France",5,"STRPNE_10B",2018,0,0,2056.9999969145
"4970","France",5,"STRPNE_10C",2013,0,0,1881.9999960478
"4971","France",5,"STRPNE_10C",2017,0,0,2155.9999954724
"4972","France",5,"STRPNE_10C",2018,0,0,2056.9999969145
"4973","France",5,"STRPNE_10F",2010,6.5067383278,0.269541770566038,2413.9999949306
"4974","France",5,"STRPNE_10F",2011,4.9751550999,0.207039330455487,2402.9999947134
"4975","France",5,"STRPNE_10F",2012,0,0,2264.9999952435
"4976","France",5,"STRPNE_10F",2013,0,0,1881.9999960478
"4977","France",5,"STRPNE_10F",2014,6.2255637504,0.37593984112782,1655.999995032
"4978","France",5,"STRPNE_10F",2015,3.6074380122,0.206611570206612,1745.999998254
"4979","France",5,"STRPNE_10F",2016,0,0,2083.9999954152
"4980","France",5,"STRPNE_10F",2017,0,0,2155.9999954724
"4981","France",5,"STRPNE_10F",2018,0,0,2056.9999969145
"4982","France",5,"STRPNE_11",2010,0,0,2413.9999949306
"4983","France",5,"STRPNE_11",2011,0,0,2402.9999947134
"4984","France",5,"STRPNE_11",2012,0,0,2264.9999952435
"4985","France",5,"STRPNE_11",2013,0,0,1881.9999960478
"4986","France",5,"STRPNE_11",2014,0,0,1655.999995032
"4987","France",5,"STRPNE_11",2015,0,0,1745.999998254
"4988","France",5,"STRPNE_11",2016,0,0,2083.9999954152
"4989","France",5,"STRPNE_11",2017,0,0,2155.9999954724
"4990","France",5,"STRPNE_11A",2010,58.5606468814,2.42587601509434,2413.9999949306
"4991","France",5,"STRPNE_11A",2011,49.7515526811,2.07039337455487,2402.9999947134
"4992","France",5,"STRPNE_11A",2012,40.446428442,1.78571428375,2264.9999952435
"4993","France",5,"STRPNE_11A",2013,31.3666665412,1.6666666635,1881.9999960478
"4994","France",5,"STRPNE_11A",2014,56.0300750784,3.38345865015038,1655.999995032
"4995","France",5,"STRPNE_11A",2015,64.9338842196,3.71900826371901,1745.999998254
"4996","France",5,"STRPNE_11A",2016,72.6448799668,3.48583877766885,2083.9999954152
"4997","France",5,"STRPNE_11A",2017,100.1681413964,4.64601769975664,2155.9999954724
"4998","France",5,"STRPNE_11A",2018,87.2666666168,4.24242424636364,2056.9999969145
"4999","France",5,"STRPNE_11B",2010,0,0,2413.9999949306
"5000","France",5,"STRPNE_11B",2011,0,0,2402.9999947134
"5001","France",5,"STRPNE_11B",2013,0,0,1881.9999960478
"5002","France",5,"STRPNE_11B",2014,0,0,1655.999995032
"5003","France",5,"STRPNE_11B",2015,0,0,1745.999998254
"5004","France",5,"STRPNE_11B",2016,0,0,2083.9999954152
"5005","France",5,"STRPNE_11B",2017,0,0,2155.9999954724
"5006","France",5,"STRPNE_11B",2018,0,0,2056.9999969145
"5007","France",5,"STRPNE_11C",2011,0,0,2402.9999947134
"5008","France",5,"STRPNE_11C",2012,0,0,2264.9999952435
"5009","France",5,"STRPNE_11C",2013,0,0,1881.9999960478
"5010","France",5,"STRPNE_11C",2014,0,0,1655.999995032
"5011","France",5,"STRPNE_11C",2015,0,0,1745.999998254
"5012","France",5,"STRPNE_11C",2016,0,0,2083.9999954152
"5013","France",5,"STRPNE_11C",2017,0,0,2155.9999954724
"5014","France",5,"STRPNE_11C",2018,0,0,2056.9999969145
"5015","France",5,"STRPNE_11D",2010,0,0,2413.9999949306
"5016","France",5,"STRPNE_11D",2011,0,0,2402.9999947134
"5017","France",5,"STRPNE_11D",2015,0,0,1745.999998254
"5018","France",5,"STRPNE_11D",2017,0,0,2155.9999954724
"5019","France",5,"STRPNE_11D",2018,0,0,2056.9999969145
"5020","France",5,"STRPNE_11F",2010,0,0,2413.9999949306
"5021","France",5,"STRPNE_11F",2011,0,0,2402.9999947134
"5022","France",5,"STRPNE_11F",2012,0,0,2264.9999952435
"5023","France",5,"STRPNE_11F",2018,0,0,2056.9999969145
"5024","France",5,"STRPNE_12",2010,0,0,2413.9999949306
"5025","France",5,"STRPNE_12",2011,0,0,2402.9999947134
"5026","France",5,"STRPNE_12",2012,0,0,2264.9999952435
"5027","France",5,"STRPNE_12",2013,0,0,1881.9999960478
"5028","France",5,"STRPNE_12",2014,0,0,1655.999995032
"5029","France",5,"STRPNE_12",2015,0,0,1745.999998254
"5030","France",5,"STRPNE_12",2016,0,0,2083.9999954152
"5031","France",5,"STRPNE_12",2017,0,0,2155.9999954724
"5032","France",5,"STRPNE_12",2018,0,0,2056.9999969145
"5033","France",5,"STRPNE_12A",2010,0,0,2413.9999949306
"5034","France",5,"STRPNE_12A",2012,0,0,2264.9999952435
"5035","France",5,"STRPNE_12A",2013,0,0,1881.9999960478
"5036","France",5,"STRPNE_12A",2015,0,0,1745.999998254
"5037","France",5,"STRPNE_12A",2017,0,0,2155.9999954724
"5038","France",5,"STRPNE_12A",2018,0,0,2056.9999969145
"5039","France",5,"STRPNE_12B",2010,0,0,2413.9999949306
"5040","France",5,"STRPNE_12B",2011,0,0,2402.9999947134
"5041","France",5,"STRPNE_12B",2012,0,0,2264.9999952435
"5042","France",5,"STRPNE_12B",2013,0,0,1881.9999960478
"5043","France",5,"STRPNE_12B",2014,0,0,1655.999995032
"5044","France",5,"STRPNE_12B",2015,0,0,1745.999998254
"5045","France",5,"STRPNE_12B",2016,0,0,2083.9999954152
"5046","France",5,"STRPNE_12B",2017,0,0,2155.9999954724
"5047","France",5,"STRPNE_12B",2018,0,0,2056.9999969145
"5048","France",5,"STRPNE_12F",2010,169.175202075,7.00808626471698,2413.9999949306
"5049","France",5,"STRPNE_12F",2011,228.8571427656,9.52380954095238,2402.9999947134
"5050","France",5,"STRPNE_12F",2012,134.8214285175,5.9523809625,2264.9999952435
"5051","France",5,"STRPNE_12F",2013,94.1,5.0000000105,1881.9999960478
"5052","France",5,"STRPNE_12F",2014,118.2857142384,7.14285716142857,1655.999995032
"5053","France",5,"STRPNE_12F",2015,129.8677684392,7.43801652743801,1745.999998254
"5054","France",5,"STRPNE_12F",2016,72.6448799668,3.48583877766885,2083.9999954152
"5055","France",5,"STRPNE_12F",2017,109.7079644892,5.08849558068584,2155.9999954724
"5056","France",5,"STRPNE_12F",2018,81.0333331401,3.93939393590909,2056.9999969145
"5057","France",5,"STRPNE_13",2010,6.5067383278,0.269541770566038,2413.9999949306
"5058","France",5,"STRPNE_13",2011,0,0,2402.9999947134
"5059","France",5,"STRPNE_13",2012,6.741071256,0.297619040625,2264.9999952435
"5060","France",5,"STRPNE_13",2013,0,0,1881.9999960478
"5061","France",5,"STRPNE_13",2014,0,0,1655.999995032
"5062","France",5,"STRPNE_13",2015,3.6074380122,0.206611570206612,1745.999998254
"5063","France",5,"STRPNE_13",2016,9.0806098656,0.435729840958606,2083.9999954152
"5064","France",5,"STRPNE_13",2017,0,0,2155.9999954724
"5065","France",5,"STRPNE_13",2018,6.233333271,0.303030300454545,2056.9999969145
"5066","France",5,"STRPNE_14",2010,110.6145551936,4.58221024962264,2413.9999949306
"5067","France",5,"STRPNE_14",2011,74.6273291418,3.1055900668323,2402.9999947134
"5068","France",5,"STRPNE_14",2012,33.7053569595,1.488095233125,2264.9999952435
"5069","France",5,"STRPNE_14",2013,41.8222221804,2.22222222466667,1881.9999960478
"5070","France",5,"STRPNE_14",2014,56.0300750784,3.38345865015038,1655.999995032
"5071","France",5,"STRPNE_14",2015,25.2520660854,1.44628099144628,1745.999998254
"5072","France",5,"STRPNE_14",2016,22.7015248724,1.08932461239651,2083.9999954152
"5073","France",5,"STRPNE_14",2017,62.0088494564,2.87610619603982,2155.9999954724
"5074","France",5,"STRPNE_14",2018,24.9333332897,1.21212121181818,2056.9999969145
"5075","France",5,"STRPNE_15",2010,0,0,2413.9999949306
"5076","France",5,"STRPNE_15",2011,0,0,2402.9999947134
"5077","France",5,"STRPNE_15",2012,0,0,2264.9999952435
"5078","France",5,"STRPNE_15",2013,0,0,1881.9999960478
"5079","France",5,"STRPNE_15",2014,0,0,1655.999995032
"5080","France",5,"STRPNE_15",2015,0,0,1745.999998254
"5081","France",5,"STRPNE_15",2016,0,0,2083.9999954152
"5082","France",5,"STRPNE_15",2017,0,0,2155.9999954724
"5083","France",5,"STRPNE_15",2018,0,0,2056.9999969145
"5084","France",5,"STRPNE_15A",2010,104.1078166244,4.3126684690566,2413.9999949306
"5085","France",5,"STRPNE_15A",2011,99.5031053622,4.14078674910973,2402.9999947134
"5086","France",5,"STRPNE_15A",2012,94.374999849,4.16666666875,2264.9999952435
"5087","France",5,"STRPNE_15A",2013,78.4166665412,4.16666666875,1881.9999960478
"5088","France",5,"STRPNE_15A",2014,124.5112781544,7.51879701255639,1655.999995032
"5089","France",5,"STRPNE_15A",2015,90.185950305,5.16528925516529,1745.999998254
"5090","France",5,"STRPNE_15A",2016,113.5076251956,5.44662310198257,2083.9999954152
"5091","France",5,"STRPNE_15A",2017,71.5486725492,3.31858407696903,2155.9999954724
"5092","France",5,"STRPNE_15A",2018,99.7333331588,4.84848484727273,2056.9999969145
"5093","France",5,"STRPNE_15B",2010,32.5336926046,1.34770889283019,2413.9999949306
"5094","France",5,"STRPNE_15B",2011,44.7763973409,1.86335403409938,2402.9999947134
"5095","France",5,"STRPNE_15B",2012,26.9642857035,1.1904761925,2264.9999952435
"5096","France",5,"STRPNE_15B",2013,26.1388887216,1.38888888291667,1881.9999960478
"5097","France",5,"STRPNE_15B",2014,24.9022554984,1.50375939451128,1655.999995032
"5098","France",5,"STRPNE_15B",2015,21.6446280732,1.23966942123967,1745.999998254
"5099","France",5,"STRPNE_15B",2016,31.7821349464,1.52505446335512,2083.9999954152
"5100","France",5,"STRPNE_15B",2017,42.9292034864,1.99115044418142,2155.9999954724
"5101","France",5,"STRPNE_15B",2018,0,0,2056.9999969145
"5102","France",5,"STRPNE_15B/C",2012,0,0,2264.9999952435
"5103","France",5,"STRPNE_15B/C",2013,0,0,1881.9999960478
"5104","France",5,"STRPNE_15B/C",2014,0,0,1655.999995032
"5105","France",5,"STRPNE_15B/C",2015,0,0,1745.999998254
"5106","France",5,"STRPNE_15B/C",2016,0,0,2083.9999954152
"5107","France",5,"STRPNE_15B/C",2017,0,0,2155.9999954724
"5108","France",5,"STRPNE_15B/C",2018,68.5666665981,3.333333335,2056.9999969145
"5109","France",5,"STRPNE_15C",2010,26.0269540354,1.07816711226415,2413.9999949306
"5110","France",5,"STRPNE_15C",2011,9.9503104401,0.414078670910973,2402.9999947134
"5111","France",5,"STRPNE_15C",2012,20.223214221,0.892857141875,2264.9999952435
"5112","France",5,"STRPNE_15C",2013,0,0,1881.9999960478
"5113","France",5,"STRPNE_15C",2014,12.4511276664,0.751879692255639,1655.999995032
"5114","France",5,"STRPNE_15C",2015,10.8223140366,0.619834710619835,1745.999998254
"5115","France",5,"STRPNE_15C",2016,13.6209150068,0.653594771437909,2083.9999954152
"5116","France",5,"STRPNE_15C",2017,19.07964597,0.884955751858407,2155.9999954724
"5117","France",5,"STRPNE_15C",2018,0,0,2056.9999969145
"5118","France",5,"STRPNE_15F",2010,0,0,2413.9999949306
"5119","France",5,"STRPNE_15F",2011,0,0,2402.9999947134
"5120","France",5,"STRPNE_15F",2012,6.741071256,0.297619040625,2264.9999952435
"5121","France",5,"STRPNE_15F",2013,0,0,1881.9999960478
"5122","France",5,"STRPNE_15F",2014,0,0,1655.999995032
"5123","France",5,"STRPNE_15F",2015,0,0,1745.999998254
"5124","France",5,"STRPNE_15F",2016,0,0,2083.9999954152
"5125","France",5,"STRPNE_15F",2017,0,0,2155.9999954724
"5126","France",5,"STRPNE_15F",2018,0,0,2056.9999969145
"5127","France",5,"STRPNE_16",2010,0,0,2413.9999949306
"5128","France",5,"STRPNE_16",2011,0,0,2402.9999947134
"5129","France",5,"STRPNE_16",2012,0,0,2264.9999952435
"5130","France",5,"STRPNE_16",2013,20.9111110902,1.11111111233333,1881.9999960478
"5131","France",5,"STRPNE_16",2014,0,0,1655.999995032
"5132","France",5,"STRPNE_16",2016,0,0,2083.9999954152
"5133","France",5,"STRPNE_16",2017,0,0,2155.9999954724
"5134","France",5,"STRPNE_16",2018,0,0,2056.9999969145
"5135","France",5,"STRPNE_16A",2013,0,0,1881.9999960478
"5136","France",5,"STRPNE_16A",2014,0,0,1655.999995032
"5137","France",5,"STRPNE_16A",2015,0,0,1745.999998254
"5138","France",5,"STRPNE_16A",2017,0,0,2155.9999954724
"5139","France",5,"STRPNE_16A",2018,0,0,2056.9999969145
"5140","France",5,"STRPNE_16F",2010,13.013476897,0.539083551132075,2413.9999949306
"5141","France",5,"STRPNE_16F",2011,24.8757762204,1.03519668227743,2402.9999947134
"5142","France",5,"STRPNE_16F",2012,26.9642857035,1.1904761925,2264.9999952435
"5143","France",5,"STRPNE_16F",2013,0,0,1881.9999960478
"5144","France",5,"STRPNE_16F",2014,12.4511276664,0.751879692255639,1655.999995032
"5145","France",5,"STRPNE_16F",2015,28.8595040976,1.65289256165289,1745.999998254
"5146","France",5,"STRPNE_16F",2016,59.02396496,2.83224400623094,2083.9999954152
"5147","France",5,"STRPNE_16F",2017,33.3893803936,1.54867256325221,2155.9999954724
"5148","France",5,"STRPNE_16F",2018,81.0333331401,3.93939393590909,2056.9999969145
"5149","France",5,"STRPNE_17",2010,0,0,2413.9999949306
"5150","France",5,"STRPNE_17",2011,0,0,2402.9999947134
"5151","France",5,"STRPNE_17",2012,0,0,2264.9999952435
"5152","France",5,"STRPNE_17",2013,0,0,1881.9999960478
"5153","France",5,"STRPNE_17",2014,0,0,1655.999995032
"5154","France",5,"STRPNE_17",2017,0,0,2155.9999954724
"5155","France",5,"STRPNE_17A",2010,6.5067383278,0.269541770566038,2413.9999949306
"5156","France",5,"STRPNE_17A",2011,0,0,2402.9999947134
"5157","France",5,"STRPNE_17A",2012,0,0,2264.9999952435
"5158","France",5,"STRPNE_17A",2013,0,0,1881.9999960478
"5159","France",5,"STRPNE_17A",2014,0,0,1655.999995032
"5160","France",5,"STRPNE_17A",2015,0,0,1745.999998254
"5161","France",5,"STRPNE_17A",2016,0,0,2083.9999954152
"5162","France",5,"STRPNE_17A",2017,0,0,2155.9999954724
"5163","France",5,"STRPNE_17A",2018,0,0,2056.9999969145
"5164","France",5,"STRPNE_17F",2010,6.5067383278,0.269541770566038,2413.9999949306
"5165","France",5,"STRPNE_17F",2011,44.7763973409,1.86335403409938,2402.9999947134
"5166","France",5,"STRPNE_17F",2012,53.928571407,2.380952385,2264.9999952435
"5167","France",5,"STRPNE_17F",2013,41.8222221804,2.22222222466667,1881.9999960478
"5168","France",5,"STRPNE_17F",2014,18.6766915824,1.12781954338346,1655.999995032
"5169","France",5,"STRPNE_17F",2015,36.074380122,2.06611570206612,1745.999998254
"5170","France",5,"STRPNE_17F",2016,27.2418300136,1.30718954287582,2083.9999954152
"5171","France",5,"STRPNE_17F",2017,57.23893791,2.65486725557522,2155.9999954724
"5172","France",5,"STRPNE_17F",2018,24.9333332897,1.21212121181818,2056.9999969145
"5173","France",5,"STRPNE_18",2010,0,0,2413.9999949306
"5174","France",5,"STRPNE_18",2011,0,0,2402.9999947134
"5175","France",5,"STRPNE_18",2012,0,0,2264.9999952435
"5176","France",5,"STRPNE_18",2013,0,0,1881.9999960478
"5177","France",5,"STRPNE_18",2014,0,0,1655.999995032
"5178","France",5,"STRPNE_18A",2010,0,0,2413.9999949306
"5179","France",5,"STRPNE_18A",2011,0,0,2402.9999947134
"5180","France",5,"STRPNE_18A",2012,0,0,2264.9999952435
"5181","France",5,"STRPNE_18A",2013,0,0,1881.9999960478
"5182","France",5,"STRPNE_18A",2014,12.4511276664,0.751879692255639,1655.999995032
"5183","France",5,"STRPNE_18A",2015,0,0,1745.999998254
"5184","France",5,"STRPNE_18A",2016,0,0,2083.9999954152
"5185","France",5,"STRPNE_18A",2017,4.7699113308,0.221238930464602,2155.9999954724
"5186","France",5,"STRPNE_18A",2018,0,0,2056.9999969145
"5187","France",5,"STRPNE_18B",2010,0,0,2413.9999949306
"5188","France",5,"STRPNE_18B",2011,0,0,2402.9999947134
"5189","France",5,"STRPNE_18B",2012,0,0,2264.9999952435
"5190","France",5,"STRPNE_18B",2013,5.2277776314,0.277777770583333,1881.9999960478
"5191","France",5,"STRPNE_18B",2014,0,0,1655.999995032
"5192","France",5,"STRPNE_18B",2017,0,0,2155.9999954724
"5193","France",5,"STRPNE_18B",2018,0,0,2056.9999969145
"5194","France",5,"STRPNE_18C",2010,0,0,2413.9999949306
"5195","France",5,"STRPNE_18C",2011,24.8757762204,1.03519668227743,2402.9999947134
"5196","France",5,"STRPNE_18C",2012,13.4821427385,0.59523809125,2264.9999952435
"5197","France",5,"STRPNE_18C",2013,5.2277776314,0.277777770583333,1881.9999960478
"5198","France",5,"STRPNE_18C",2014,0,0,1655.999995032
"5199","France",5,"STRPNE_18C",2015,3.6074380122,0.206611570206612,1745.999998254
"5200","France",5,"STRPNE_18C",2016,0,0,2083.9999954152
"5201","France",5,"STRPNE_18C",2017,4.7699113308,0.221238930464602,2155.9999954724
"5202","France",5,"STRPNE_18C",2018,0,0,2056.9999969145
"5203","France",5,"STRPNE_18F",2010,6.5067383278,0.269541770566038,2413.9999949306
"5204","France",5,"STRPNE_18F",2011,0,0,2402.9999947134
"5205","France",5,"STRPNE_18F",2013,0,0,1881.9999960478
"5206","France",5,"STRPNE_18F",2015,0,0,1745.999998254
"5207","France",5,"STRPNE_18F",2016,0,0,2083.9999954152
"5208","France",5,"STRPNE_19",2010,0,0,2413.9999949306
"5209","France",5,"STRPNE_19",2011,0,0,2402.9999947134
"5210","France",5,"STRPNE_19",2012,0,0,2264.9999952435
"5211","France",5,"STRPNE_19",2013,0,0,1881.9999960478
"5212","France",5,"STRPNE_19",2014,0,0,1655.999995032
"5213","France",5,"STRPNE_19",2016,0,0,2083.9999954152
"5214","France",5,"STRPNE_19",2017,0,0,2155.9999954724
"5215","France",5,"STRPNE_19",2018,0,0,2056.9999969145
"5216","France",5,"STRPNE_19A",2010,364.3773584268,15.0943396516981,2413.9999949306
"5217","France",5,"STRPNE_19A",2011,338.3105588082,14.0786749709731,2402.9999947134
"5218","France",5,"STRPNE_19A",2012,289.866071256,12.797619066875,2264.9999952435
"5219","France",5,"STRPNE_19A",2013,219.5666665412,11.6666666845,1881.9999960478
"5220","France",5,"STRPNE_19A",2014,168.0902254008,10.1503759604511,1655.999995032
"5221","France",5,"STRPNE_19A",2015,158.7272727114,9.09090909909091,1745.999998254
"5222","France",5,"STRPNE_19A",2016,113.5076251956,5.44662310198257,2083.9999954152
"5223","France",5,"STRPNE_19A",2017,162.1769910684,7.52212390579646,2155.9999954724
"5224","France",5,"STRPNE_19A",2018,130.8999999252,6.36363636954545,2056.9999969145
"5225","France",5,"STRPNE_19B",2014,0,0,1655.999995032
"5226","France",5,"STRPNE_19B",2016,0,0,2083.9999954152
"5227","France",5,"STRPNE_19B",2018,0,0,2056.9999969145
"5228","France",5,"STRPNE_19C",2011,0,0,2402.9999947134
"5229","France",5,"STRPNE_19C",2012,0,0,2264.9999952435
"5230","France",5,"STRPNE_19C",2013,0,0,1881.9999960478
"5231","France",5,"STRPNE_19C",2014,0,0,1655.999995032
"5232","France",5,"STRPNE_19C",2017,0,0,2155.9999954724
"5233","France",5,"STRPNE_19F",2010,65.0673852092,2.69541778566038,2413.9999949306
"5234","France",5,"STRPNE_19F",2011,49.7515526811,2.07039337455487,2402.9999947134
"5235","France",5,"STRPNE_19F",2012,94.374999849,4.16666666875,2264.9999952435
"5236","France",5,"STRPNE_19F",2013,83.6444443608,4.44444444933333,1881.9999960478
"5237","France",5,"STRPNE_19F",2014,62.2556389944,3.7593985012782,1655.999995032
"5238","France",5,"STRPNE_19F",2015,43.2892561464,2.47933884247934,1745.999998254
"5239","France",5,"STRPNE_19F",2016,90.8061001148,4.35729847958606,2083.9999954152
"5240","France",5,"STRPNE_19F",2017,57.23893791,2.65486725557522,2155.9999954724
"5241","France",5,"STRPNE_19F",2018,87.2666666168,4.24242424636364,2056.9999969145
"5242","France",5,"STRPNE_2",2011,0,0,2402.9999947134
"5243","France",5,"STRPNE_2",2012,0,0,2264.9999952435
"5244","France",5,"STRPNE_2",2013,0,0,1881.9999960478
"5245","France",5,"STRPNE_2",2015,0,0,1745.999998254
"5246","France",5,"STRPNE_2",2016,4.5403049328,0.217864920479303,2083.9999954152
"5247","France",5,"STRPNE_20",2010,0,0,2413.9999949306
"5248","France",5,"STRPNE_20",2011,14.9254657803,0.62111801136646,2402.9999947134
"5249","France",5,"STRPNE_20",2012,13.4821427385,0.59523809125,2264.9999952435
"5250","France",5,"STRPNE_20",2013,36.5944443608,1.94444444408333,1881.9999960478
"5251","France",5,"STRPNE_20",2014,43.5789472464,2.63157894789474,1655.999995032
"5252","France",5,"STRPNE_20",2015,43.2892561464,2.47933884247934,1745.999998254
"5253","France",5,"STRPNE_20",2016,59.02396496,2.83224400623094,2083.9999954152
"5254","France",5,"STRPNE_20",2017,47.6991150328,2.21238938464602,2155.9999954724
"5255","France",5,"STRPNE_20",2018,87.2666666168,4.24242424636364,2056.9999969145
"5256","France",5,"STRPNE_21",2010,6.5067383278,0.269541770566038,2413.9999949306
"5257","France",5,"STRPNE_21",2011,9.9503104401,0.414078670910973,2402.9999947134
"5258","France",5,"STRPNE_21",2012,6.741071256,0.297619040625,2264.9999952435
"5259","France",5,"STRPNE_21",2013,10.455555451,0.555555551166667,1881.9999960478
"5260","France",5,"STRPNE_21",2014,6.2255637504,0.37593984112782,1655.999995032
"5261","France",5,"STRPNE_21",2015,0,0,1745.999998254
"5262","France",5,"STRPNE_21",2016,9.0806098656,0.435729840958606,2083.9999954152
"5263","France",5,"STRPNE_21",2017,0,0,2155.9999954724
"5264","France",5,"STRPNE_21",2018,6.233333271,0.303030300454545,2056.9999969145
"5265","France",5,"STRPNE_22",2010,0,0,2413.9999949306
"5266","France",5,"STRPNE_22",2011,0,0,2402.9999947134
"5267","France",5,"STRPNE_22",2012,0,0,2264.9999952435
"5268","France",5,"STRPNE_22",2013,0,0,1881.9999960478
"5269","France",5,"STRPNE_22",2014,0,0,1655.999995032
"5270","France",5,"STRPNE_22",2015,0,0,1745.999998254
"5271","France",5,"STRPNE_22",2016,0,0,2083.9999954152
"5272","France",5,"STRPNE_22",2017,0,0,2155.9999954724
"5273","France",5,"STRPNE_22",2018,0,0,2056.9999969145
"5274","France",5,"STRPNE_22A",2011,0,0,2402.9999947134
"5275","France",5,"STRPNE_22A",2012,0,0,2264.9999952435
"5276","France",5,"STRPNE_22A",2013,0,0,1881.9999960478
"5277","France",5,"STRPNE_22A",2014,0,0,1655.999995032
"5278","France",5,"STRPNE_22A",2015,0,0,1745.999998254
"5279","France",5,"STRPNE_22A",2016,0,0,2083.9999954152
"5280","France",5,"STRPNE_22A",2017,0,0,2155.9999954724
"5281","France",5,"STRPNE_22A",2018,0,0,2056.9999969145
"5282","France",5,"STRPNE_22F",2010,123.628032332,5.12129381075472,2413.9999949306
"5283","France",5,"STRPNE_22F",2011,194.0310558648,8.07453417776397,2402.9999947134
"5284","France",5,"STRPNE_22F",2012,161.785714221,7.142857155,2264.9999952435
"5285","France",5,"STRPNE_22F",2013,125.4666665412,6.666666674,1881.9999960478
"5286","France",5,"STRPNE_22F",2014,112.0601503224,6.76691731030075,1655.999995032
"5287","France",5,"STRPNE_22F",2015,111.8305783782,6.40495867640496,1745.999998254
"5288","France",5,"STRPNE_22F",2016,158.9106753572,7.6252723467756,2083.9999954152
"5289","France",5,"STRPNE_22F",2017,181.2566370384,8.40707965765487,2155.9999954724
"5290","France",5,"STRPNE_22F",2018,130.8999999252,6.36363636954545,2056.9999969145
"5291","France",5,"STRPNE_23",2010,0,0,2413.9999949306
"5292","France",5,"STRPNE_23",2011,0,0,2402.9999947134
"5293","France",5,"STRPNE_23",2012,0,0,2264.9999952435
"5294","France",5,"STRPNE_23",2013,0,0,1881.9999960478
"5295","France",5,"STRPNE_23",2014,0,0,1655.999995032
"5296","France",5,"STRPNE_23",2015,0,0,1745.999998254
"5297","France",5,"STRPNE_23",2016,0,0,2083.9999954152
"5298","France",5,"STRPNE_23",2017,0,0,2155.9999954724
"5299","France",5,"STRPNE_23",2018,0,0,2056.9999969145
"5300","France",5,"STRPNE_23A",2010,39.0404311738,1.61725067339623,2413.9999949306
"5301","France",5,"STRPNE_23A",2011,34.8260869008,1.44927536318841,2402.9999947134
"5302","France",5,"STRPNE_23A",2012,40.446428442,1.78571428375,2264.9999952435
"5303","France",5,"STRPNE_23A",2013,73.1888887216,3.88888888816667,1881.9999960478
"5304","France",5,"STRPNE_23A",2014,74.7067668264,4.51127820353383,1655.999995032
"5305","France",5,"STRPNE_23A",2015,57.7190081952,3.30578512330578,1745.999998254
"5306","France",5,"STRPNE_23A",2016,63.5642701012,3.05010893671024,2083.9999954152
"5307","France",5,"STRPNE_23A",2017,66.7787610028,3.09734513650442,2155.9999954724
"5308","France",5,"STRPNE_23A",2018,49.8666665794,2.42424242363636,2056.9999969145
"5309","France",5,"STRPNE_23B",2010,32.5336926046,1.34770889283019,2413.9999949306
"5310","France",5,"STRPNE_23B",2011,24.8757762204,1.03519668227743,2402.9999947134
"5311","France",5,"STRPNE_23B",2012,40.446428442,1.78571428375,2264.9999952435
"5312","France",5,"STRPNE_23B",2013,83.6444443608,4.44444444933333,1881.9999960478
"5313","France",5,"STRPNE_23B",2014,24.9022554984,1.50375939451128,1655.999995032
"5314","France",5,"STRPNE_23B",2015,50.5041321708,2.89256198289256,1745.999998254
"5315","France",5,"STRPNE_23B",2016,68.104575034,3.26797385718954,2083.9999954152
"5316","France",5,"STRPNE_23B",2017,47.6991150328,2.21238938464602,2155.9999954724
"5317","France",5,"STRPNE_23B",2018,93.4999998878,4.54545454681818,2056.9999969145
"5318","France",5,"STRPNE_23F",2010,65.0673852092,2.69541778566038,2413.9999949306
"5319","France",5,"STRPNE_23F",2011,19.9006208802,0.828157341821946,2402.9999947134
"5320","France",5,"STRPNE_23F",2012,13.4821427385,0.59523809125,2264.9999952435
"5321","France",5,"STRPNE_23F",2013,5.2277776314,0.277777770583333,1881.9999960478
"5322","France",5,"STRPNE_23F",2014,6.2255637504,0.37593984112782,1655.999995032
"5323","France",5,"STRPNE_23F",2015,3.6074380122,0.206611570206612,1745.999998254
"5324","France",5,"STRPNE_23F",2016,22.7015248724,1.08932461239651,2083.9999954152
"5325","France",5,"STRPNE_23F",2017,4.7699113308,0.221238930464602,2155.9999954724
"5326","France",5,"STRPNE_23F",2018,0,0,2056.9999969145
"5327","France",5,"STRPNE_24",2010,0,0,2413.9999949306
"5328","France",5,"STRPNE_24",2011,0,0,2402.9999947134
"5329","France",5,"STRPNE_24",2012,0,0,2264.9999952435
"5330","France",5,"STRPNE_24",2013,0,0,1881.9999960478
"5331","France",5,"STRPNE_24",2014,0,0,1655.999995032
"5332","France",5,"STRPNE_24A",2010,0,0,2413.9999949306
"5333","France",5,"STRPNE_24A",2011,4.9751550999,0.207039330455487,2402.9999947134
"5334","France",5,"STRPNE_24A",2012,13.4821427385,0.59523809125,2264.9999952435
"5335","France",5,"STRPNE_24A",2013,0,0,1881.9999960478
"5336","France",5,"STRPNE_24A",2014,0,0,1655.999995032
"5337","France",5,"STRPNE_24A",2015,0,0,1745.999998254
"5338","France",5,"STRPNE_24A",2016,0,0,2083.9999954152
"5339","France",5,"STRPNE_24A",2017,0,0,2155.9999954724
"5340","France",5,"STRPNE_24A",2018,0,0,2056.9999969145
"5341","France",5,"STRPNE_24B",2011,0,0,2402.9999947134
"5342","France",5,"STRPNE_24B",2012,0,0,2264.9999952435
"5343","France",5,"STRPNE_24B",2016,0,0,2083.9999954152
"5344","France",5,"STRPNE_24B",2017,14.3097344236,0.663716811393805,2155.9999954724
"5345","France",5,"STRPNE_24B",2018,0,0,2056.9999969145
"5346","France",5,"STRPNE_24F",2010,45.547169743,1.88679245396226,2413.9999949306
"5347","France",5,"STRPNE_24F",2011,44.7763973409,1.86335403409938,2402.9999947134
"5348","France",5,"STRPNE_24F",2012,47.1874999245,2.083333334375,2264.9999952435
"5349","France",5,"STRPNE_24F",2013,73.1888887216,3.88888888816667,1881.9999960478
"5350","France",5,"STRPNE_24F",2014,24.9022554984,1.50375939451128,1655.999995032
"5351","France",5,"STRPNE_24F",2015,50.5041321708,2.89256198289256,1745.999998254
"5352","France",5,"STRPNE_24F",2016,49.9433550944,2.39651416527233,2083.9999954152
"5353","France",5,"STRPNE_24F",2017,33.3893803936,1.54867256325221,2155.9999954724
"5354","France",5,"STRPNE_24F",2018,87.2666666168,4.24242424636364,2056.9999969145
"5355","France",5,"STRPNE_25",2010,0,0,2413.9999949306
"5356","France",5,"STRPNE_25A",2010,26.0269540354,1.07816711226415,2413.9999949306
"5357","France",5,"STRPNE_25A",2011,34.8260869008,1.44927536318841,2402.9999947134
"5358","France",5,"STRPNE_25A",2012,13.4821427385,0.59523809125,2264.9999952435
"5359","France",5,"STRPNE_25A",2013,5.2277776314,0.277777770583333,1881.9999960478
"5360","France",5,"STRPNE_25A",2014,0,0,1655.999995032
"5361","France",5,"STRPNE_25A",2015,0,0,1745.999998254
"5362","France",5,"STRPNE_25A",2016,0,0,2083.9999954152
"5363","France",5,"STRPNE_25A",2017,4.7699113308,0.221238930464602,2155.9999954724
"5364","France",5,"STRPNE_25A",2018,31.1666665607,1.51515151227273,2056.9999969145
"5365","France",5,"STRPNE_25F",2010,0,0,2413.9999949306
"5366","France",5,"STRPNE_25F",2011,0,0,2402.9999947134
"5367","France",5,"STRPNE_25F",2012,0,0,2264.9999952435
"5368","France",5,"STRPNE_25F",2014,0,0,1655.999995032
"5369","France",5,"STRPNE_25F",2015,0,0,1745.999998254
"5370","France",5,"STRPNE_25F",2016,0,0,2083.9999954152
"5371","France",5,"STRPNE_25F",2017,0,0,2155.9999954724
"5372","France",5,"STRPNE_25F",2018,0,0,2056.9999969145
"5373","France",5,"STRPNE_27",2011,0,0,2402.9999947134
"5374","France",5,"STRPNE_27",2012,0,0,2264.9999952435
"5375","France",5,"STRPNE_27",2013,0,0,1881.9999960478
"5376","France",5,"STRPNE_27",2014,0,0,1655.999995032
"5377","France",5,"STRPNE_27",2015,3.6074380122,0.206611570206612,1745.999998254
"5378","France",5,"STRPNE_27",2016,4.5403049328,0.217864920479303,2083.9999954152
"5379","France",5,"STRPNE_27",2017,0,0,2155.9999954724
"5380","France",5,"STRPNE_27",2018,0,0,2056.9999969145
"5381","France",5,"STRPNE_28",2014,0,0,1655.999995032
"5382","France",5,"STRPNE_28",2015,0,0,1745.999998254
"5383","France",5,"STRPNE_28A",2010,0,0,2413.9999949306
"5384","France",5,"STRPNE_28A",2011,0,0,2402.9999947134
"5385","France",5,"STRPNE_28A",2012,0,0,2264.9999952435
"5386","France",5,"STRPNE_28A",2013,0,0,1881.9999960478
"5387","France",5,"STRPNE_28A",2014,0,0,1655.999995032
"5388","France",5,"STRPNE_28A",2015,0,0,1745.999998254
"5389","France",5,"STRPNE_28A",2016,0,0,2083.9999954152
"5390","France",5,"STRPNE_28A",2017,0,0,2155.9999954724
"5391","France",5,"STRPNE_28A",2018,0,0,2056.9999969145
"5392","France",5,"STRPNE_28F",2010,0,0,2413.9999949306
"5393","France",5,"STRPNE_28F",2012,0,0,2264.9999952435
"5394","France",5,"STRPNE_28F",2013,0,0,1881.9999960478
"5395","France",5,"STRPNE_28F",2014,0,0,1655.999995032
"5396","France",5,"STRPNE_28F",2017,0,0,2155.9999954724
"5397","France",5,"STRPNE_29",2010,0,0,2413.9999949306
"5398","France",5,"STRPNE_29",2011,4.9751550999,0.207039330455487,2402.9999947134
"5399","France",5,"STRPNE_29",2012,6.741071256,0.297619040625,2264.9999952435
"5400","France",5,"STRPNE_29",2013,10.455555451,0.555555551166667,1881.9999960478
"5401","France",5,"STRPNE_29",2014,12.4511276664,0.751879692255639,1655.999995032
"5402","France",5,"STRPNE_29",2015,21.6446280732,1.23966942123967,1745.999998254
"5403","France",5,"STRPNE_29",2016,0,0,2083.9999954152
"5404","France",5,"STRPNE_29",2017,33.3893803936,1.54867256325221,2155.9999954724
"5405","France",5,"STRPNE_29",2018,12.466666542,0.606060600909091,2056.9999969145
"5406","France",5,"STRPNE_3",2010,208.2156332488,8.62533693811321,2413.9999949306
"5407","France",5,"STRPNE_3",2011,278.6086954467,11.5942029155072,2402.9999947134
"5408","France",5,"STRPNE_3",2012,188.7499999245,8.3333333475,2264.9999952435
"5409","France",5,"STRPNE_3",2013,240.4777776314,12.7777777968333,1881.9999960478
"5410","France",5,"STRPNE_3",2014,136.9624059864,8.27067671481203,1655.999995032
"5411","France",5,"STRPNE_3",2015,220.0537189188,12.6033057926033,1745.999998254
"5412","France",5,"STRPNE_3",2016,317.8213507144,15.2505446935512,2083.9999954152
"5413","France",5,"STRPNE_3",2017,324.3539821368,15.0442478115929,2155.9999954724
"5414","France",5,"STRPNE_3",2018,205.7,10.000000015,2056.9999969145
"5415","France",5,"STRPNE_31",2010,13.013476897,0.539083551132075,2413.9999949306
"5416","France",5,"STRPNE_31",2011,34.8260869008,1.44927536318841,2402.9999947134
"5417","France",5,"STRPNE_31",2012,40.446428442,1.78571428375,2264.9999952435
"5418","France",5,"STRPNE_31",2013,10.455555451,0.555555551166667,1881.9999960478
"5419","France",5,"STRPNE_31",2014,24.9022554984,1.50375939451128,1655.999995032
"5420","France",5,"STRPNE_31",2015,36.074380122,2.06611570206612,1745.999998254
"5421","France",5,"STRPNE_31",2016,40.8627450204,1.96078431431373,2083.9999954152
"5422","France",5,"STRPNE_31",2017,23.8495575164,1.10619469232301,2155.9999954724
"5423","France",5,"STRPNE_31",2018,43.6333333084,2.12121212318182,2056.9999969145
"5424","France",5,"STRPNE_32",2010,0,0,2413.9999949306
"5425","France",5,"STRPNE_32A",2013,0,0,1881.9999960478
"5426","France",5,"STRPNE_32A",2015,0,0,1745.999998254
"5427","France",5,"STRPNE_33",2010,0,0,2413.9999949306
"5428","France",5,"STRPNE_33",2011,0,0,2402.9999947134
"5429","France",5,"STRPNE_33",2012,0,0,2264.9999952435
"5430","France",5,"STRPNE_33",2013,0,0,1881.9999960478
"5431","France",5,"STRPNE_33",2014,0,0,1655.999995032
"5432","France",5,"STRPNE_33",2015,0,0,1745.999998254
"5433","France",5,"STRPNE_33",2017,0,0,2155.9999954724
"5434","France",5,"STRPNE_33",2018,0,0,2056.9999969145
"5435","France",5,"STRPNE_33A",2011,0,0,2402.9999947134
"5436","France",5,"STRPNE_33A",2012,0,0,2264.9999952435
"5437","France",5,"STRPNE_33A",2013,0,0,1881.9999960478
"5438","France",5,"STRPNE_33A",2014,0,0,1655.999995032
"5439","France",5,"STRPNE_33A",2015,0,0,1745.999998254
"5440","France",5,"STRPNE_33A",2016,0,0,2083.9999954152
"5441","France",5,"STRPNE_33A",2017,0,0,2155.9999954724
"5442","France",5,"STRPNE_33A",2018,0,0,2056.9999969145
"5443","France",5,"STRPNE_33B",2013,0,0,1881.9999960478
"5444","France",5,"STRPNE_33B",2014,0,0,1655.999995032
"5445","France",5,"STRPNE_33B",2015,0,0,1745.999998254
"5446","France",5,"STRPNE_33B",2017,0,0,2155.9999954724
"5447","France",5,"STRPNE_33B",2018,0,0,2056.9999969145
"5448","France",5,"STRPNE_33D",2016,0,0,2083.9999954152
"5449","France",5,"STRPNE_33D",2017,0,0,2155.9999954724
"5450","France",5,"STRPNE_33D",2018,0,0,2056.9999969145
"5451","France",5,"STRPNE_33F",2010,45.547169743,1.88679245396226,2413.9999949306
"5452","France",5,"STRPNE_33F",2011,29.8509315606,1.24223602273292,2402.9999947134
"5453","France",5,"STRPNE_33F",2012,53.928571407,2.380952385,2264.9999952435
"5454","France",5,"STRPNE_33F",2013,62.7333332706,3.333333337,1881.9999960478
"5455","France",5,"STRPNE_33F",2014,37.3533833304,2.25563909676692,1655.999995032
"5456","France",5,"STRPNE_33F",2015,43.2892561464,2.47933884247934,1745.999998254
"5457","France",5,"STRPNE_33F",2016,22.7015248724,1.08932461239651,2083.9999954152
"5458","France",5,"STRPNE_33F",2017,42.9292034864,1.99115044418142,2155.9999954724
"5459","France",5,"STRPNE_33F",2018,31.1666665607,1.51515151227273,2056.9999969145
"5460","France",5,"STRPNE_34",2010,0,0,2413.9999949306
"5461","France",5,"STRPNE_34",2011,0,0,2402.9999947134
"5462","France",5,"STRPNE_34",2012,6.741071256,0.297619040625,2264.9999952435
"5463","France",5,"STRPNE_34",2013,5.2277776314,0.277777770583333,1881.9999960478
"5464","France",5,"STRPNE_34",2014,6.2255637504,0.37593984112782,1655.999995032
"5465","France",5,"STRPNE_34",2015,7.2148760244,0.413223140413223,1745.999998254
"5466","France",5,"STRPNE_34",2016,9.0806098656,0.435729840958606,2083.9999954152
"5467","France",5,"STRPNE_34",2017,9.5398228772,0.442477870929204,2155.9999954724
"5468","France",5,"STRPNE_34",2018,0,0,2056.9999969145
"5469","France",5,"STRPNE_35",2010,0,0,2413.9999949306
"5470","France",5,"STRPNE_35",2011,0,0,2402.9999947134
"5471","France",5,"STRPNE_35",2012,0,0,2264.9999952435
"5472","France",5,"STRPNE_35",2013,0,0,1881.9999960478
"5473","France",5,"STRPNE_35",2014,0,0,1655.999995032
"5474","France",5,"STRPNE_35",2017,0,0,2155.9999954724
"5475","France",5,"STRPNE_35A",2012,6.741071256,0.297619040625,2264.9999952435
"5476","France",5,"STRPNE_35A",2013,0,0,1881.9999960478
"5477","France",5,"STRPNE_35A",2014,0,0,1655.999995032
"5478","France",5,"STRPNE_35A",2015,0,0,1745.999998254
"5479","France",5,"STRPNE_35A",2016,0,0,2083.9999954152
"5480","France",5,"STRPNE_35A",2017,0,0,2155.9999954724
"5481","France",5,"STRPNE_35B",2010,84.5876009168,3.50404312735849,2413.9999949306
"5482","France",5,"STRPNE_35B",2011,54.7267080213,2.27743271501035,2402.9999947134
"5483","France",5,"STRPNE_35B",2012,107.857142814,4.76190477,2264.9999952435
"5484","France",5,"STRPNE_35B",2013,15.6833332706,0.83333333175,1881.9999960478
"5485","France",5,"STRPNE_35B",2014,62.2556389944,3.7593985012782,1655.999995032
"5486","France",5,"STRPNE_35B",2015,32.4669421098,1.8595041318595,1745.999998254
"5487","France",5,"STRPNE_35B",2016,72.6448799668,3.48583877766885,2083.9999954152
"5488","France",5,"STRPNE_35B",2017,28.6194688472,1.32743362278761,2155.9999954724
"5489","France",5,"STRPNE_35B",2018,68.5666665981,3.333333335,2056.9999969145
"5490","France",5,"STRPNE_35C",2010,0,0,2413.9999949306
"5491","France",5,"STRPNE_35C",2011,0,0,2402.9999947134
"5492","France",5,"STRPNE_35C",2013,0,0,1881.9999960478
"5493","France",5,"STRPNE_35C",2017,0,0,2155.9999954724
"5494","France",5,"STRPNE_35F",2010,19.5202154662,0.808625331698113,2413.9999949306
"5495","France",5,"STRPNE_35F",2011,29.8509315606,1.24223602273292,2402.9999947134
"5496","France",5,"STRPNE_35F",2012,20.223214221,0.892857141875,2264.9999952435
"5497","France",5,"STRPNE_35F",2013,15.6833332706,0.83333333175,1881.9999960478
"5498","France",5,"STRPNE_35F",2014,31.1278194144,1.8796992456391,1655.999995032
"5499","France",5,"STRPNE_35F",2015,36.074380122,2.06611570206612,1745.999998254
"5500","France",5,"STRPNE_35F",2016,49.9433550944,2.39651416527233,2083.9999954152
"5501","France",5,"STRPNE_35F",2017,57.23893791,2.65486725557522,2155.9999954724
"5502","France",5,"STRPNE_35F",2018,62.3333333271,3.03030303454545,2056.9999969145
"5503","France",5,"STRPNE_36",2013,0,0,1881.9999960478
"5504","France",5,"STRPNE_37",2010,0,0,2413.9999949306
"5505","France",5,"STRPNE_37",2011,0,0,2402.9999947134
"5506","France",5,"STRPNE_37",2012,0,0,2264.9999952435
"5507","France",5,"STRPNE_37",2013,10.455555451,0.555555551166667,1881.9999960478
"5508","France",5,"STRPNE_37",2014,6.2255637504,0.37593984112782,1655.999995032
"5509","France",5,"STRPNE_37",2015,0,0,1745.999998254
"5510","France",5,"STRPNE_37",2016,0,0,2083.9999954152
"5511","France",5,"STRPNE_37",2017,0,0,2155.9999954724
"5512","France",5,"STRPNE_37",2018,0,0,2056.9999969145
"5513","France",5,"STRPNE_38",2010,0,0,2413.9999949306
"5514","France",5,"STRPNE_38",2011,0,0,2402.9999947134
"5515","France",5,"STRPNE_38",2012,20.223214221,0.892857141875,2264.9999952435
"5516","France",5,"STRPNE_38",2013,41.8222221804,2.22222222466667,1881.9999960478
"5517","France",5,"STRPNE_38",2014,24.9022554984,1.50375939451128,1655.999995032
"5518","France",5,"STRPNE_38",2015,21.6446280732,1.23966942123967,1745.999998254
"5519","France",5,"STRPNE_38",2016,36.3224398792,1.74291938383442,2083.9999954152
"5520","France",5,"STRPNE_38",2017,19.07964597,0.884955751858407,2155.9999954724
"5521","France",5,"STRPNE_38",2018,18.699999813,0.909090901363636,2056.9999969145
"5522","France",5,"STRPNE_39",2014,0,0,1655.999995032
"5523","France",5,"STRPNE_39",2016,0,0,2083.9999954152
"5524","France",5,"STRPNE_4",2010,13.013476897,0.539083551132075,2413.9999949306
"5525","France",5,"STRPNE_4",2011,54.7267080213,2.27743271501035,2402.9999947134
"5526","France",5,"STRPNE_4",2012,6.741071256,0.297619040625,2264.9999952435
"5527","France",5,"STRPNE_4",2013,15.6833332706,0.83333333175,1881.9999960478
"5528","France",5,"STRPNE_4",2014,12.4511276664,0.751879692255639,1655.999995032
"5529","France",5,"STRPNE_4",2015,7.2148760244,0.413223140413223,1745.999998254
"5530","France",5,"STRPNE_4",2016,4.5403049328,0.217864920479303,2083.9999954152
"5531","France",5,"STRPNE_4",2017,9.5398228772,0.442477870929204,2155.9999954724
"5532","France",5,"STRPNE_4",2018,12.466666542,0.606060600909091,2056.9999969145
"5533","France",5,"STRPNE_40",2010,0,0,2413.9999949306
"5534","France",5,"STRPNE_40",2013,0,0,1881.9999960478
"5535","France",5,"STRPNE_40",2015,0,0,1745.999998254
"5536","France",5,"STRPNE_40",2017,0,0,2155.9999954724
"5537","France",5,"STRPNE_42",2016,0,0,2083.9999954152
"5538","France",5,"STRPNE_42",2018,0,0,2056.9999969145
"5539","France",5,"STRPNE_45",2016,4.5403049328,0.217864920479303,2083.9999954152
"5540","France",5,"STRPNE_46",2015,0,0,1745.999998254
"5541","France",5,"STRPNE_47F",2016,0,0,2083.9999954152
"5542","France",5,"STRPNE_5",2010,0,0,2413.9999949306
"5543","France",5,"STRPNE_5",2011,4.9751550999,0.207039330455487,2402.9999947134
"5544","France",5,"STRPNE_5",2012,6.741071256,0.297619040625,2264.9999952435
"5545","France",5,"STRPNE_5",2013,5.2277776314,0.277777770583333,1881.9999960478
"5546","France",5,"STRPNE_5",2014,6.2255637504,0.37593984112782,1655.999995032
"5547","France",5,"STRPNE_5",2015,3.6074380122,0.206611570206612,1745.999998254
"5548","France",5,"STRPNE_5",2016,0,0,2083.9999954152
"5549","France",5,"STRPNE_5",2017,0,0,2155.9999954724
"5550","France",5,"STRPNE_6",2010,0,0,2413.9999949306
"5551","France",5,"STRPNE_6",2011,0,0,2402.9999947134
"5552","France",5,"STRPNE_6",2012,0,0,2264.9999952435
"5553","France",5,"STRPNE_6",2013,0,0,1881.9999960478
"5554","France",5,"STRPNE_6",2014,0,0,1655.999995032
"5555","France",5,"STRPNE_6",2015,0,0,1745.999998254
"5556","France",5,"STRPNE_6",2017,0,0,2155.9999954724
"5557","France",5,"STRPNE_6",2018,0,0,2056.9999969145
"5558","France",5,"STRPNE_6A",2010,52.0539083122,2.1563342345283,2413.9999949306
"5559","France",5,"STRPNE_6A",2011,29.8509315606,1.24223602273292,2402.9999947134
"5560","France",5,"STRPNE_6A",2012,13.4821427385,0.59523809125,2264.9999952435
"5561","France",5,"STRPNE_6A",2013,5.2277776314,0.277777770583333,1881.9999960478
"5562","France",5,"STRPNE_6A",2014,12.4511276664,0.751879692255639,1655.999995032
"5563","France",5,"STRPNE_6A",2015,14.4297520488,0.826446280826446,1745.999998254
"5564","France",5,"STRPNE_6A",2016,9.0806098656,0.435729840958606,2083.9999954152
"5565","France",5,"STRPNE_6A",2017,19.07964597,0.884955751858407,2155.9999954724
"5566","France",5,"STRPNE_6A",2018,12.466666542,0.606060600909091,2056.9999969145
"5567","France",5,"STRPNE_6B",2010,26.0269540354,1.07816711226415,2413.9999949306
"5568","France",5,"STRPNE_6B",2011,4.9751550999,0.207039330455487,2402.9999947134
"5569","France",5,"STRPNE_6B",2012,47.1874999245,2.083333334375,2264.9999952435
"5570","France",5,"STRPNE_6B",2013,5.2277776314,0.277777770583333,1881.9999960478
"5571","France",5,"STRPNE_6B",2014,12.4511276664,0.751879692255639,1655.999995032
"5572","France",5,"STRPNE_6B",2015,3.6074380122,0.206611570206612,1745.999998254
"5573","France",5,"STRPNE_6B",2016,18.1612199396,0.871459691917212,2083.9999954152
"5574","France",5,"STRPNE_6B",2017,4.7699113308,0.221238930464602,2155.9999954724
"5575","France",5,"STRPNE_6B",2018,0,0,2056.9999969145
"5576","France",5,"STRPNE_6C",2010,143.1482477982,5.92991914245283,2413.9999949306
"5577","France",5,"STRPNE_6C",2011,84.5776395819,3.51966873774327,2402.9999947134
"5578","France",5,"STRPNE_6C",2012,121.3392855525,5.35714286125,2264.9999952435
"5579","France",5,"STRPNE_6C",2013,88.8722221804,4.72222222991667,1881.9999960478
"5580","France",5,"STRPNE_6C",2014,105.8345864064,6.39097745917293,1655.999995032
"5581","France",5,"STRPNE_6C",2015,64.9338842196,3.71900826371901,1745.999998254
"5582","France",5,"STRPNE_6C",2016,63.5642701012,3.05010893671024,2083.9999954152
"5583","France",5,"STRPNE_6C",2017,62.0088494564,2.87610619603982,2155.9999954724
"5584","France",5,"STRPNE_6C",2018,24.9333332897,1.21212121181818,2056.9999969145
"5585","France",5,"STRPNE_6D",2010,0,0,2413.9999949306
"5586","France",5,"STRPNE_6D",2012,0,0,2264.9999952435
"5587","France",5,"STRPNE_6D",2013,0,0,1881.9999960478
"5588","France",5,"STRPNE_6D",2014,0,0,1655.999995032
"5589","France",5,"STRPNE_6D",2015,0,0,1745.999998254
"5590","France",5,"STRPNE_6D",2016,0,0,2083.9999954152
"5591","France",5,"STRPNE_6D",2017,0,0,2155.9999954724
"5592","France",5,"STRPNE_6D",2018,0,0,2056.9999969145
"5593","France",5,"STRPNE_7",2010,0,0,2413.9999949306
"5594","France",5,"STRPNE_7",2011,0,0,2402.9999947134
"5595","France",5,"STRPNE_7",2012,0,0,2264.9999952435
"5596","France",5,"STRPNE_7",2013,0,0,1881.9999960478
"5597","France",5,"STRPNE_7",2014,0,0,1655.999995032
"5598","France",5,"STRPNE_7",2016,0,0,2083.9999954152
"5599","France",5,"STRPNE_7A",2012,0,0,2264.9999952435
"5600","France",5,"STRPNE_7A",2014,0,0,1655.999995032
"5601","France",5,"STRPNE_7A",2015,0,0,1745.999998254
"5602","France",5,"STRPNE_7A",2017,0,0,2155.9999954724
"5603","France",5,"STRPNE_7A",2018,0,0,2056.9999969145
"5604","France",5,"STRPNE_7B",2010,0,0,2413.9999949306
"5605","France",5,"STRPNE_7B",2011,0,0,2402.9999947134
"5606","France",5,"STRPNE_7B",2012,0,0,2264.9999952435
"5607","France",5,"STRPNE_7B",2013,0,0,1881.9999960478
"5608","France",5,"STRPNE_7B",2014,0,0,1655.999995032
"5609","France",5,"STRPNE_7B",2015,0,0,1745.999998254
"5610","France",5,"STRPNE_7B",2016,0,0,2083.9999954152
"5611","France",5,"STRPNE_7B",2017,0,0,2155.9999954724
"5612","France",5,"STRPNE_7B",2018,0,0,2056.9999969145
"5613","France",5,"STRPNE_7C",2010,0,0,2413.9999949306
"5614","France",5,"STRPNE_7C",2011,0,0,2402.9999947134
"5615","France",5,"STRPNE_7C",2012,0,0,2264.9999952435
"5616","France",5,"STRPNE_7C",2013,0,0,1881.9999960478
"5617","France",5,"STRPNE_7C",2014,0,0,1655.999995032
"5618","France",5,"STRPNE_7C",2015,7.2148760244,0.413223140413223,1745.999998254
"5619","France",5,"STRPNE_7C",2016,13.6209150068,0.653594771437909,2083.9999954152
"5620","France",5,"STRPNE_7C",2017,9.5398228772,0.442477870929204,2155.9999954724
"5621","France",5,"STRPNE_7C",2018,18.699999813,0.909090901363636,2056.9999969145
"5622","France",5,"STRPNE_7F",2010,208.2156332488,8.62533693811321,2413.9999949306
"5623","France",5,"STRPNE_7F",2011,223.8819874254,9.31677020049689,2402.9999947134
"5624","France",5,"STRPNE_7F",2012,175.2678569595,7.73809524625,2264.9999952435
"5625","France",5,"STRPNE_7F",2013,88.8722221804,4.72222222991667,1881.9999960478
"5626","France",5,"STRPNE_7F",2014,62.2556389944,3.7593985012782,1655.999995032
"5627","France",5,"STRPNE_7F",2015,21.6446280732,1.23966942123967,1745.999998254
"5628","France",5,"STRPNE_7F",2016,22.7015248724,1.08932461239651,2083.9999954152
"5629","France",5,"STRPNE_7F",2017,14.3097344236,0.663716811393805,2155.9999954724
"5630","France",5,"STRPNE_7F",2018,12.466666542,0.606060600909091,2056.9999969145
"5631","France",5,"STRPNE_8",2010,58.5606468814,2.42587601509434,2413.9999949306
"5632","France",5,"STRPNE_8",2011,44.7763973409,1.86335403409938,2402.9999947134
"5633","France",5,"STRPNE_8",2012,60.669642663,2.678571425625,2264.9999952435
"5634","France",5,"STRPNE_8",2013,26.1388887216,1.38888888291667,1881.9999960478
"5635","France",5,"STRPNE_8",2014,24.9022554984,1.50375939451128,1655.999995032
"5636","France",5,"STRPNE_8",2015,111.8305783782,6.40495867640496,1745.999998254
"5637","France",5,"STRPNE_8",2016,140.7494552092,6.75381264485839,2083.9999954152
"5638","France",5,"STRPNE_8",2017,157.407079522,7.30088496533186,2155.9999954724
"5639","France",5,"STRPNE_8",2018,162.0666664859,7.87878788181818,2056.9999969145
"5640","France",5,"STRPNE_9",2010,0,0,2413.9999949306
"5641","France",5,"STRPNE_9",2011,0,0,2402.9999947134
"5642","France",5,"STRPNE_9",2012,0,0,2264.9999952435
"5643","France",5,"STRPNE_9",2013,0,0,1881.9999960478
"5644","France",5,"STRPNE_9",2014,0,0,1655.999995032
"5645","France",5,"STRPNE_9",2015,0,0,1745.999998254
"5646","France",5,"STRPNE_9",2016,0,0,2083.9999954152
"5647","France",5,"STRPNE_9",2017,0,0,2155.9999954724
"5648","France",5,"STRPNE_9",2018,0,0,2056.9999969145
"5649","France",5,"STRPNE_9A",2010,32.5336926046,1.34770889283019,2413.9999949306
"5650","France",5,"STRPNE_9A",2011,9.9503104401,0.414078670910973,2402.9999947134
"5651","France",5,"STRPNE_9A",2012,20.223214221,0.892857141875,2264.9999952435
"5652","France",5,"STRPNE_9A",2013,15.6833332706,0.83333333175,1881.9999960478
"5653","France",5,"STRPNE_9A",2014,6.2255637504,0.37593984112782,1655.999995032
"5654","France",5,"STRPNE_9A",2015,3.6074380122,0.206611570206612,1745.999998254
"5655","France",5,"STRPNE_9A",2016,0,0,2083.9999954152
"5656","France",5,"STRPNE_9A",2017,4.7699113308,0.221238930464602,2155.9999954724
"5657","France",5,"STRPNE_9A",2018,6.233333271,0.303030300454545,2056.9999969145
"5658","France",5,"STRPNE_9L",2011,0,0,2402.9999947134
"5659","France",5,"STRPNE_9L",2013,0,0,1881.9999960478
"5660","France",5,"STRPNE_9L",2014,6.2255637504,0.37593984112782,1655.999995032
"5661","France",5,"STRPNE_9L",2015,0,0,1745.999998254
"5662","France",5,"STRPNE_9L",2016,4.5403049328,0.217864920479303,2083.9999954152
"5663","France",5,"STRPNE_9L",2017,4.7699113308,0.221238930464602,2155.9999954724
"5664","France",5,"STRPNE_9L",2018,0,0,2056.9999969145
"5665","France",5,"STRPNE_9N",2010,52.0539083122,2.1563342345283,2413.9999949306
"5666","France",5,"STRPNE_9N",2011,29.8509315606,1.24223602273292,2402.9999947134
"5667","France",5,"STRPNE_9N",2012,40.446428442,1.78571428375,2264.9999952435
"5668","France",5,"STRPNE_9N",2013,83.6444443608,4.44444444933333,1881.9999960478
"5669","France",5,"STRPNE_9N",2014,62.2556389944,3.7593985012782,1655.999995032
"5670","France",5,"STRPNE_9N",2015,108.223140366,6.19834710619835,1745.999998254
"5671","France",5,"STRPNE_9N",2016,113.5076251956,5.44662310198257,2083.9999954152
"5672","France",5,"STRPNE_9N",2017,104.9380529428,4.86725664022124,2155.9999954724
"5673","France",5,"STRPNE_9N",2018,137.1333331962,6.66666667,2056.9999969145
"5674","France",5,"STRPNE_9V",2010,39.0404311738,1.61725067339623,2413.9999949306
"5675","France",5,"STRPNE_9V",2011,4.9751550999,0.207039330455487,2402.9999947134
"5676","France",5,"STRPNE_9V",2012,0,0,2264.9999952435
"5677","France",5,"STRPNE_9V",2013,0,0,1881.9999960478
"5678","France",5,"STRPNE_9V",2014,0,0,1655.999995032
"5679","France",5,"STRPNE_9V",2015,0,0,1745.999998254
"5680","France",5,"STRPNE_9V",2016,4.5403049328,0.217864920479303,2083.9999954152
"5681","France",5,"STRPNE_9V",2017,0,0,2155.9999954724
"5682","France",5,"STRPNE_9V",2018,0,0,2056.9999969145
"5683","France",5,"STRPNE_NTYP",2010,6.5067383278,0.269541770566038,2413.9999949306
"5684","France",5,"STRPNE_NTYP",2011,0,0,2402.9999947134
"5685","France",5,"STRPNE_NTYP",2012,20.223214221,0.892857141875,2264.9999952435
"5686","France",5,"STRPNE_NTYP",2013,10.455555451,0.555555551166667,1881.9999960478
"5687","France",5,"STRPNE_NTYP",2014,0,0,1655.999995032
"5688","France",5,"STRPNE_NTYP",2015,0,0,1745.999998254
"5689","France",5,"STRPNE_NTYP",2016,0,0,2083.9999954152
"5690","France",5,"STRPNE_NTYP",2017,0,0,2155.9999954724
"5691","France",5,"STRPNE_NTYP",2018,0,0,2056.9999969145
"5692","Italy",5,"STRPNE_1",2012,13.6263736245,2.93040293644689,464.999998977
"5693","Italy",5,"STRPNE_1",2013,28.3060109066,5.46448088147541,517.9999989122
"5694","Italy",5,"STRPNE_1",2014,14.4775085984,2.76816608553633,522.999998954
"5695","Italy",5,"STRPNE_1",2015,21.2216748436,2.95566503064039,717.9999974152
"5696","Italy",5,"STRPNE_1",2016,8.9648240704,1.00502512271357,891.9999975916
"5697","Italy",5,"STRPNE_1",2017,0,0,986.9999979273
"5698","Italy",5,"STRPNE_1",2018,7.570715425,0.831946751747088,909.999998089
"5699","Italy",5,"STRPNE_1",2019,1.6767168418,0.167504180536013,1000.9999967968
"5700","Italy",5,"STRPNE_1",2022,1.4338747008,0.232018560440835,617.9999988258
"5701","Italy",5,"STRPNE_1",2023,2.8197596064,0.267022691014686,1055.9999959872
"5702","Italy",5,"STRPNE_1",2024,6.8032786458,0.585480092751756,1161.9999945386
"5703","Italy",5,"STRPNE_10",2012,0,0,464.999998977
"5704","Italy",5,"STRPNE_10",2013,1.4153005272,0.273224040573771,517.9999989122
"5705","Italy",5,"STRPNE_10",2014,0,0,522.999998954
"5706","Italy",5,"STRPNE_10",2015,1.7684728438,0.246305410886699,717.9999974152
"5707","Italy",5,"STRPNE_10",2016,1.4941372856,0.167504180452261,891.9999975916
"5708","Italy",5,"STRPNE_10",2018,0,0,909.999998089
"5709","Italy",5,"STRPNE_10",2019,3.3534337837,0.335008371072027,1000.9999967968
"5710","Italy",5,"STRPNE_10",2022,1.4338747008,0.232018560440835,617.9999988258
"5711","Italy",5,"STRPNE_10",2023,2.8197596064,0.267022691014686,1055.9999959872
"5712","Italy",5,"STRPNE_10",2024,5.4426228934,0.468384072201405,1161.9999945386
"5713","Italy",5,"STRPNE_10A",2012,5.1098900685,1.09890109241758,464.999998977
"5714","Italy",5,"STRPNE_10A",2013,8.4918032668,1.63934426344262,517.9999989122
"5715","Italy",5,"STRPNE_10A",2014,19.9065743751,3.80622837761246,522.999998954
"5716","Italy",5,"STRPNE_10A",2015,12.3793103374,1.7241379362069,717.9999974152
"5717","Italy",5,"STRPNE_10A",2016,8.9648240704,1.00502512271357,891.9999975916
"5718","Italy",5,"STRPNE_10A",2017,30.9890109354,3.13971742659341,986.9999979273
"5719","Italy",5,"STRPNE_10A",2018,25.740432536,2.8286189659401,909.999998089
"5720","Italy",5,"STRPNE_10A",2019,25.1507537281,2.5125628180402,1000.9999967968
"5721","Italy",5,"STRPNE_10A",2022,10.0371229674,1.62412993308585,617.9999988258
"5722","Italy",5,"STRPNE_10A",2023,22.5580773792,2.13618157811749,1055.9999959872
"5723","Italy",5,"STRPNE_10A",2024,13.6065572916,1.17096018550351,1161.9999945386
"5724","Italy",5,"STRPNE_10B",2012,3.4065933945,0.732600731611722,464.999998977
"5725","Italy",5,"STRPNE_10B",2013,0,0,517.9999989122
"5726","Italy",5,"STRPNE_10B",2014,0,0,522.999998954
"5727","Italy",5,"STRPNE_10B",2015,0,0,717.9999974152
"5728","Italy",5,"STRPNE_10B",2016,0,0,891.9999975916
"5729","Italy",5,"STRPNE_10B",2017,0,0,986.9999979273
"5730","Italy",5,"STRPNE_10B",2018,4.542429255,0.499168051048253,909.999998089
"5731","Italy",5,"STRPNE_10B",2019,5.0301507256,0.50251256160804,1000.9999967968
"5732","Italy",5,"STRPNE_10B",2022,1.4338747008,0.232018560440835,617.9999988258
"5733","Italy",5,"STRPNE_10B",2023,2.8197596064,0.267022691014686,1055.9999959872
"5734","Italy",5,"STRPNE_10B",2024,2.7213113886,0.234192031100703,1161.9999945386
"5735","Italy",5,"STRPNE_10C",2013,0,0,517.9999989122
"5736","Italy",5,"STRPNE_10C",2017,0,0,986.9999979273
"5737","Italy",5,"STRPNE_10C",2018,1.514143085,0.166389350349418,909.999998089
"5738","Italy",5,"STRPNE_10C",2022,0,0,617.9999988258
"5739","Italy",5,"STRPNE_10C",2023,1.4098797504,0.133511340507343,1055.9999959872
"5740","Italy",5,"STRPNE_10F",2012,0,0,464.999998977
"5741","Italy",5,"STRPNE_10F",2013,0,0,517.9999989122
"5742","Italy",5,"STRPNE_10F",2014,0,0,522.999998954
"5743","Italy",5,"STRPNE_10F",2015,0,0,717.9999974152
"5744","Italy",5,"STRPNE_10F",2016,0,0,891.9999975916
"5745","Italy",5,"STRPNE_10F",2017,1.5494505369,0.15698587032967,986.9999979273
"5746","Italy",5,"STRPNE_10F",2018,0,0,909.999998089
"5747","Italy",5,"STRPNE_10F",2019,1.6767168418,0.167504180536013,1000.9999967968
"5748","Italy",5,"STRPNE_10F",2024,0,0,1161.9999945386
"5749","Italy",5,"STRPNE_11",2012,0,0,464.999998977
"5750","Italy",5,"STRPNE_11",2013,0,0,517.9999989122
"5751","Italy",5,"STRPNE_11",2014,1.8096885748,0.346020760692042,522.999998954
"5752","Italy",5,"STRPNE_11",2015,0,0,717.9999974152
"5753","Italy",5,"STRPNE_11",2016,1.4941372856,0.167504180452261,891.9999975916
"5754","Italy",5,"STRPNE_11",2017,0,0,986.9999979273
"5755","Italy",5,"STRPNE_11",2019,0,0,1000.9999967968
"5756","Italy",5,"STRPNE_11",2022,5.7354988032,0.928074241763341,617.9999988258
"5757","Italy",5,"STRPNE_11",2023,0,0,1055.9999959872
"5758","Italy",5,"STRPNE_11",2024,1.3606556362,0.117096010550351,1161.9999945386
"5759","Italy",5,"STRPNE_11A",2012,15.3296702985,3.29670329725275,464.999998977
"5760","Italy",5,"STRPNE_11A",2013,8.4918032668,1.63934426344262,517.9999989122
"5761","Italy",5,"STRPNE_11A",2014,10.8581314488,2.07612456415225,522.999998954
"5762","Italy",5,"STRPNE_11A",2015,15.9162560968,2.2167487679803,717.9999974152
"5763","Italy",5,"STRPNE_11A",2016,20.9179228904,2.34505862633166,891.9999975916
"5764","Italy",5,"STRPNE_11A",2017,18.5934065415,1.88383045395604,986.9999979273
"5765","Italy",5,"STRPNE_11A",2018,24.226289451,2.66222961559068,909.999998089
"5766","Italy",5,"STRPNE_11A",2019,23.4740367862,2.34505862750419,1000.9999967968
"5767","Italy",5,"STRPNE_11A",2022,18.6403711722,3.01624129573086,617.9999988258
"5768","Italy",5,"STRPNE_11A",2023,23.9679572352,2.26969292862483,1055.9999959872
"5769","Italy",5,"STRPNE_11A",2024,24.4918031946,2.10772833990632,1161.9999945386
"5770","Italy",5,"STRPNE_11A/D",2023,0,0,1055.9999959872
"5771","Italy",5,"STRPNE_11B",2013,0,0,517.9999989122
"5772","Italy",5,"STRPNE_11B",2014,0,0,522.999998954
"5773","Italy",5,"STRPNE_11B",2015,0,0,717.9999974152
"5774","Italy",5,"STRPNE_11B",2016,0,0,891.9999975916
"5775","Italy",5,"STRPNE_11B",2017,0,0,986.9999979273
"5776","Italy",5,"STRPNE_11B",2018,0,0,909.999998089
"5777","Italy",5,"STRPNE_11B",2019,0,0,1000.9999967968
"5778","Italy",5,"STRPNE_11B",2022,0,0,617.9999988258
"5779","Italy",5,"STRPNE_11B",2023,0,0,1055.9999959872
"5780","Italy",5,"STRPNE_11B",2024,1.3606556362,0.117096010550351,1161.9999945386
"5781","Italy",5,"STRPNE_11C",2012,0,0,464.999998977
"5782","Italy",5,"STRPNE_11C",2013,0,0,517.9999989122
"5783","Italy",5,"STRPNE_11C",2014,1.8096885748,0.346020760692042,522.999998954
"5784","Italy",5,"STRPNE_11C",2015,0,0,717.9999974152
"5785","Italy",5,"STRPNE_11C",2016,0,0,891.9999975916
"5786","Italy",5,"STRPNE_11C",2017,0,0,986.9999979273
"5787","Italy",5,"STRPNE_11C",2018,0,0,909.999998089
"5788","Italy",5,"STRPNE_11C",2023,1.4098797504,0.133511340507343,1055.9999959872
"5789","Italy",5,"STRPNE_11D",2015,1.7684728438,0.246305410886699,717.9999974152
"5790","Italy",5,"STRPNE_11D",2017,1.5494505369,0.15698587032967,986.9999979273
"5791","Italy",5,"STRPNE_11D",2018,1.514143085,0.166389350349418,909.999998089
"5792","Italy",5,"STRPNE_11D",2019,0,0,1000.9999967968
"5793","Italy",5,"STRPNE_11D",2022,2.8677494016,0.464037120881671,617.9999988258
"5794","Italy",5,"STRPNE_11D",2023,1.4098797504,0.133511340507343,1055.9999959872
"5795","Italy",5,"STRPNE_11D",2024,0,0,1161.9999945386
"5796","Italy",5,"STRPNE_11E",2019,0,0,1000.9999967968
"5797","Italy",5,"STRPNE_11E",2022,0,0,617.9999988258
"5798","Italy",5,"STRPNE_11E",2024,0,0,1161.9999945386
"5799","Italy",5,"STRPNE_11F",2012,0,0,464.999998977
"5800","Italy",5,"STRPNE_11F",2018,0,0,909.999998089
"5801","Italy",5,"STRPNE_11F",2024,0,0,1161.9999945386
"5802","Italy",5,"STRPNE_12",2012,0,0,464.999998977
"5803","Italy",5,"STRPNE_12",2013,0,0,517.9999989122
"5804","Italy",5,"STRPNE_12",2014,3.6193771496,0.692041521384083,522.999998954
"5805","Italy",5,"STRPNE_12",2015,1.7684728438,0.246305410886699,717.9999974152
"5806","Italy",5,"STRPNE_12",2016,1.4941372856,0.167504180452261,891.9999975916
"5807","Italy",5,"STRPNE_12",2017,20.1428570784,2.04081632428571,986.9999979273
"5808","Italy",5,"STRPNE_12",2018,0,0,909.999998089
"5809","Italy",5,"STRPNE_12",2019,5.0301507256,0.50251256160804,1000.9999967968
"5810","Italy",5,"STRPNE_12",2022,0,0,617.9999988258
"5811","Italy",5,"STRPNE_12",2024,1.3606556362,0.117096010550351,1161.9999945386
"5812","Italy",5,"STRPNE_12A",2012,0,0,464.999998977
"5813","Italy",5,"STRPNE_12A",2013,0,0,517.9999989122
"5814","Italy",5,"STRPNE_12A",2015,1.7684728438,0.246305410886699,717.9999974152
"5815","Italy",5,"STRPNE_12A",2017,1.5494505369,0.15698587032967,986.9999979273
"5816","Italy",5,"STRPNE_12A",2018,0,0,909.999998089
"5817","Italy",5,"STRPNE_12A",2022,0,0,617.9999988258
"5818","Italy",5,"STRPNE_12A",2023,2.8197596064,0.267022691014686,1055.9999959872
"5819","Italy",5,"STRPNE_12A",2024,2.7213113886,0.234192031100703,1161.9999945386
"5820","Italy",5,"STRPNE_12B",2012,3.4065933945,0.732600731611722,464.999998977
"5821","Italy",5,"STRPNE_12B",2013,1.4153005272,0.273224040573771,517.9999989122
"5822","Italy",5,"STRPNE_12B",2014,23.5259515247,4.49826989899654,522.999998954
"5823","Italy",5,"STRPNE_12B",2015,33.600985181,4.67980296684729,717.9999974152
"5824","Italy",5,"STRPNE_12B",2016,29.88274705,3.35008375904523,891.9999975916
"5825","Italy",5,"STRPNE_12B",2017,30.9890109354,3.13971742659341,986.9999979273
"5826","Italy",5,"STRPNE_12B",2018,19.683860196,2.16306156454243,909.999998089
"5827","Italy",5,"STRPNE_12B",2019,36.8877721212,3.68509213179229,1000.9999967968
"5828","Italy",5,"STRPNE_12B",2022,1.4338747008,0.232018560440835,617.9999988258
"5829","Italy",5,"STRPNE_12B",2023,4.2296394624,0.400534041522029,1055.9999959872
"5830","Italy",5,"STRPNE_12B",2024,9.5245901506,0.819672133852459,1161.9999945386
"5831","Italy",5,"STRPNE_12F",2012,20.4395604135,4.39560439967033,464.999998977
"5832","Italy",5,"STRPNE_12F",2013,29.7213114338,5.73770492204918,517.9999989122
"5833","Italy",5,"STRPNE_12F",2014,30.7647058762,5.8823529517647,522.999998954
"5834","Italy",5,"STRPNE_12F",2015,76.04433494,10.5911330381281,717.9999974152
"5835","Italy",5,"STRPNE_12F",2016,68.7303181704,7.70519264080402,891.9999975916
"5836","Italy",5,"STRPNE_12F",2017,44.9340658662,4.55259026956044,986.9999979273
"5837","Italy",5,"STRPNE_12F",2018,18.169717111,1.99667221419301,909.999998089
"5838","Italy",5,"STRPNE_12F",2019,30.1809044537,3.01507537964824,1000.9999967968
"5839","Italy",5,"STRPNE_12F",2022,0,0,617.9999988258
"5840","Italy",5,"STRPNE_12F",2023,4.2296394624,0.400534041522029,1055.9999959872
"5841","Italy",5,"STRPNE_12F",2024,21.7704916898,1.87353629880562,1161.9999945386
"5842","Italy",5,"STRPNE_13",2012,1.703296674,0.366300360805861,464.999998977
"5843","Italy",5,"STRPNE_13",2013,1.4153005272,0.273224040573771,517.9999989122
"5844","Italy",5,"STRPNE_13",2014,0,0,522.999998954
"5845","Italy",5,"STRPNE_13",2015,0,0,717.9999974152
"5846","Italy",5,"STRPNE_13",2016,0,0,891.9999975916
"5847","Italy",5,"STRPNE_13",2017,4.6483516107,0.470957610989011,986.9999979273
"5848","Italy",5,"STRPNE_13",2018,0,0,909.999998089
"5849","Italy",5,"STRPNE_13",2019,0,0,1000.9999967968
"5850","Italy",5,"STRPNE_13",2022,0,0,617.9999988258
"5851","Italy",5,"STRPNE_13",2023,0,0,1055.9999959872
"5852","Italy",5,"STRPNE_13",2024,0,0,1161.9999945386
"5853","Italy",5,"STRPNE_14",2012,15.3296702985,3.29670329725275,464.999998977
"5854","Italy",5,"STRPNE_14",2013,25.4754098004,4.91803279032787,517.9999989122
"5855","Italy",5,"STRPNE_14",2014,25.3356400995,4.84429065968858,522.999998954
"5856","Italy",5,"STRPNE_14",2015,15.9162560968,2.2167487679803,717.9999974152
"5857","Italy",5,"STRPNE_14",2016,29.88274705,3.35008375904523,891.9999975916
"5858","Italy",5,"STRPNE_14",2017,26.3406593247,2.6687598156044,986.9999979273
"5859","Italy",5,"STRPNE_14",2018,40.881863477,4.49251247943428,909.999998089
"5860","Italy",5,"STRPNE_14",2019,43.5946397887,4.35510888393635,1000.9999967968
"5861","Italy",5,"STRPNE_14",2022,12.904872369,2.08816705396752,617.9999988258
"5862","Italy",5,"STRPNE_14",2023,9.8691587808,0.934579433551402,1055.9999959872
"5863","Italy",5,"STRPNE_14",2024,40.8196721072,3.51288057651054,1161.9999945386
"5864","Italy",5,"STRPNE_15",2012,0,0,464.999998977
"5865","Italy",5,"STRPNE_15",2013,0,0,517.9999989122
"5866","Italy",5,"STRPNE_15",2014,0,0,522.999998954
"5867","Italy",5,"STRPNE_15",2015,1.7684728438,0.246305410886699,717.9999974152
"5868","Italy",5,"STRPNE_15",2016,0,0,891.9999975916
"5869","Italy",5,"STRPNE_15",2017,4.6483516107,0.470957610989011,986.9999979273
"5870","Italy",5,"STRPNE_15",2018,1.514143085,0.166389350349418,909.999998089
"5871","Italy",5,"STRPNE_15",2019,0,0,1000.9999967968
"5872","Italy",5,"STRPNE_15",2022,5.7354988032,0.928074241763341,617.9999988258
"5873","Italy",5,"STRPNE_15",2023,8.4592790304,0.801068093044059,1055.9999959872
"5874","Italy",5,"STRPNE_15",2024,4.081967141,0.351288051651054,1161.9999945386
"5875","Italy",5,"STRPNE_15A",2012,13.6263736245,2.93040293644689,464.999998977
"5876","Italy",5,"STRPNE_15A",2013,8.4918032668,1.63934426344262,517.9999989122
"5877","Italy",5,"STRPNE_15A",2014,9.048442874,1.73010380346021,522.999998954
"5878","Italy",5,"STRPNE_15A",2015,8.8423645062,1.2315270944335,717.9999974152
"5879","Italy",5,"STRPNE_15A",2016,17.92964823,2.01005025542714,891.9999975916
"5880","Italy",5,"STRPNE_15A",2017,17.0439560046,1.72684458362637,986.9999979273
"5881","Italy",5,"STRPNE_15A",2018,22.712146366,2.49584026524126,909.999998089
"5882","Italy",5,"STRPNE_15A",2019,26.82747067,2.68006700857621,1000.9999967968
"5883","Italy",5,"STRPNE_15A",2022,14.3387470698,2.32018561440835,617.9999988258
"5884","Italy",5,"STRPNE_15A",2023,28.1975966976,2.67022697014686,1055.9999959872
"5885","Italy",5,"STRPNE_15A",2024,23.1311474422,1.99063231935597,1161.9999945386
"5886","Italy",5,"STRPNE_15B",2012,6.813186789,1.46520146322344,464.999998977
"5887","Italy",5,"STRPNE_15B",2013,12.7377049002,2.45901639516393,517.9999989122
"5888","Italy",5,"STRPNE_15B",2014,9.048442874,1.73010380346021,522.999998954
"5889","Italy",5,"STRPNE_15B",2015,8.8423645062,1.2315270944335,717.9999974152
"5890","Italy",5,"STRPNE_15B",2016,11.95309882,1.34003350361809,891.9999975916
"5891","Italy",5,"STRPNE_15B",2017,17.0439560046,1.72684458362637,986.9999979273
"5892","Italy",5,"STRPNE_15B",2018,15.141430941,1.66389351349418,909.999998089
"5893","Italy",5,"STRPNE_15B",2019,5.0301507256,0.50251256160804,1000.9999967968
"5894","Italy",5,"STRPNE_15B",2022,7.169373504,1.16009280220418,617.9999988258
"5895","Italy",5,"STRPNE_15B",2023,14.0987983488,1.33511348507343,1055.9999959872
"5896","Italy",5,"STRPNE_15B",2024,16.3278687964,1.40515222660422,1161.9999945386
"5897","Italy",5,"STRPNE_15B/C",2012,0,0,464.999998977
"5898","Italy",5,"STRPNE_15B/C",2013,0,0,517.9999989122
"5899","Italy",5,"STRPNE_15B/C",2014,0,0,522.999998954
"5900","Italy",5,"STRPNE_15B/C",2015,0,0,717.9999974152
"5901","Italy",5,"STRPNE_15B/C",2016,0,0,891.9999975916
"5902","Italy",5,"STRPNE_15B/C",2017,0,0,986.9999979273
"5903","Italy",5,"STRPNE_15B/C",2018,0,0,909.999998089
"5904","Italy",5,"STRPNE_15B/C",2019,1.6767168418,0.167504180536013,1000.9999967968
"5905","Italy",5,"STRPNE_15B/C",2022,0,0,617.9999988258
"5906","Italy",5,"STRPNE_15B/C",2023,0,0,1055.9999959872
"5907","Italy",5,"STRPNE_15B/C",2024,0,0,1161.9999945386
"5908","Italy",5,"STRPNE_15C",2012,0,0,464.999998977
"5909","Italy",5,"STRPNE_15C",2013,4.2459016334,0.819672131721311,517.9999989122
"5910","Italy",5,"STRPNE_15C",2014,3.6193771496,0.692041521384083,522.999998954
"5911","Italy",5,"STRPNE_15C",2015,1.7684728438,0.246305410886699,717.9999974152
"5912","Italy",5,"STRPNE_15C",2016,4.4824120352,0.502512561356784,891.9999975916
"5913","Italy",5,"STRPNE_15C",2017,3.0989010738,0.313971740659341,986.9999979273
"5914","Italy",5,"STRPNE_15C",2018,4.542429255,0.499168051048253,909.999998089
"5915","Italy",5,"STRPNE_15C",2019,1.6767168418,0.167504180536013,1000.9999967968
"5916","Italy",5,"STRPNE_15C",2022,0,0,617.9999988258
"5917","Italy",5,"STRPNE_15C",2023,7.0493991744,0.667556742536716,1055.9999959872
"5918","Italy",5,"STRPNE_15C",2024,6.8032786458,0.585480092751756,1161.9999945386
"5919","Italy",5,"STRPNE_15F",2012,1.703296674,0.366300360805861,464.999998977
"5920","Italy",5,"STRPNE_15F",2013,1.4153005272,0.273224040573771,517.9999989122
"5921","Italy",5,"STRPNE_15F",2014,1.8096885748,0.346020760692042,522.999998954
"5922","Italy",5,"STRPNE_15F",2015,0,0,717.9999974152
"5923","Italy",5,"STRPNE_15F",2016,0,0,891.9999975916
"5924","Italy",5,"STRPNE_15F",2017,0,0,986.9999979273
"5925","Italy",5,"STRPNE_15F",2018,0,0,909.999998089
"5926","Italy",5,"STRPNE_15F",2022,4.3016241024,0.696055681322506,617.9999988258
"5927","Italy",5,"STRPNE_15F",2023,1.4098797504,0.133511340507343,1055.9999959872
"5928","Italy",5,"STRPNE_15F",2024,0,0,1161.9999945386
"5929","Italy",5,"STRPNE_16",2012,1.703296674,0.366300360805861,464.999998977
"5930","Italy",5,"STRPNE_16",2013,0,0,517.9999989122
"5931","Italy",5,"STRPNE_16",2014,0,0,522.999998954
"5932","Italy",5,"STRPNE_16",2016,2.9882746604,0.335008370904523,891.9999975916
"5933","Italy",5,"STRPNE_16",2017,3.0989010738,0.313971740659341,986.9999979273
"5934","Italy",5,"STRPNE_16",2018,4.542429255,0.499168051048253,909.999998089
"5935","Italy",5,"STRPNE_16",2019,5.0301507256,0.50251256160804,1000.9999967968
"5936","Italy",5,"STRPNE_16",2022,0,0,617.9999988258
"5937","Italy",5,"STRPNE_16",2023,0,0,1055.9999959872
"5938","Italy",5,"STRPNE_16",2024,1.3606556362,0.117096010550351,1161.9999945386
"5939","Italy",5,"STRPNE_16A",2013,4.2459016334,0.819672131721311,517.9999989122
"5940","Italy",5,"STRPNE_16A",2014,1.8096885748,0.346020760692042,522.999998954
"5941","Italy",5,"STRPNE_16A",2015,1.7684728438,0.246305410886699,717.9999974152
"5942","Italy",5,"STRPNE_16A",2017,6.1978021476,0.627943481318681,986.9999979273
"5943","Italy",5,"STRPNE_16A",2018,9.08485851,0.998336102096506,909.999998089
"5944","Italy",5,"STRPNE_16A",2019,6.7068676675,0.670016752144054,1000.9999967968
"5945","Italy",5,"STRPNE_16A",2022,1.4338747008,0.232018560440835,617.9999988258
"5946","Italy",5,"STRPNE_16A",2023,7.0493991744,0.667556742536716,1055.9999959872
"5947","Italy",5,"STRPNE_16A",2024,1.3606556362,0.117096010550351,1161.9999945386
"5948","Italy",5,"STRPNE_16F",2012,0,0,464.999998977
"5949","Italy",5,"STRPNE_16F",2013,4.2459016334,0.819672131721311,517.9999989122
"5950","Italy",5,"STRPNE_16F",2014,0,0,522.999998954
"5951","Italy",5,"STRPNE_16F",2015,1.7684728438,0.246305410886699,717.9999974152
"5952","Italy",5,"STRPNE_16F",2016,1.4941372856,0.167504180452261,891.9999975916
"5953","Italy",5,"STRPNE_16F",2017,0,0,986.9999979273
"5954","Italy",5,"STRPNE_16F",2018,1.514143085,0.166389350349418,909.999998089
"5955","Italy",5,"STRPNE_16F",2019,6.7068676675,0.670016752144054,1000.9999967968
"5956","Italy",5,"STRPNE_16F",2022,2.8677494016,0.464037120881671,617.9999988258
"5957","Italy",5,"STRPNE_16F",2023,2.8197596064,0.267022691014686,1055.9999959872
"5958","Italy",5,"STRPNE_16F",2024,1.3606556362,0.117096010550351,1161.9999945386
"5959","Italy",5,"STRPNE_17",2012,0,0,464.999998977
"5960","Italy",5,"STRPNE_17",2013,0,0,517.9999989122
"5961","Italy",5,"STRPNE_17",2014,0,0,522.999998954
"5962","Italy",5,"STRPNE_17",2017,0,0,986.9999979273
"5963","Italy",5,"STRPNE_17",2022,1.4338747008,0.232018560440835,617.9999988258
"5964","Italy",5,"STRPNE_17A",2012,0,0,464.999998977
"5965","Italy",5,"STRPNE_17A",2013,0,0,517.9999989122
"5966","Italy",5,"STRPNE_17A",2014,0,0,522.999998954
"5967","Italy",5,"STRPNE_17A",2015,0,0,717.9999974152
"5968","Italy",5,"STRPNE_17A",2016,1.4941372856,0.167504180452261,891.9999975916
"5969","Italy",5,"STRPNE_17A",2017,6.1978021476,0.627943481318681,986.9999979273
"5970","Italy",5,"STRPNE_17A",2018,0,0,909.999998089
"5971","Italy",5,"STRPNE_17A",2019,1.6767168418,0.167504180536013,1000.9999967968
"5972","Italy",5,"STRPNE_17A",2022,0,0,617.9999988258
"5973","Italy",5,"STRPNE_17A",2023,1.4098797504,0.133511340507343,1055.9999959872
"5974","Italy",5,"STRPNE_17A",2024,0,0,1161.9999945386
"5975","Italy",5,"STRPNE_17A/35B/C",2023,0,0,1055.9999959872
"5976","Italy",5,"STRPNE_17F",2012,0,0,464.999998977
"5977","Italy",5,"STRPNE_17F",2013,0,0,517.9999989122
"5978","Italy",5,"STRPNE_17F",2014,0,0,522.999998954
"5979","Italy",5,"STRPNE_17F",2015,3.5369457594,0.492610831773399,717.9999974152
"5980","Italy",5,"STRPNE_17F",2016,2.9882746604,0.335008370904523,891.9999975916
"5981","Italy",5,"STRPNE_17F",2017,4.6483516107,0.470957610989011,986.9999979273
"5982","Italy",5,"STRPNE_17F",2018,9.08485851,0.998336102096506,909.999998089
"5983","Italy",5,"STRPNE_17F",2019,3.3534337837,0.335008371072027,1000.9999967968
"5984","Italy",5,"STRPNE_17F",2022,2.8677494016,0.464037120881671,617.9999988258
"5985","Italy",5,"STRPNE_17F",2023,5.6395193184,0.534045392029372,1055.9999959872
"5986","Italy",5,"STRPNE_17F",2024,2.7213113886,0.234192031100703,1161.9999945386
"5987","Italy",5,"STRPNE_18",2012,0,0,464.999998977
"5988","Italy",5,"STRPNE_18",2013,1.4153005272,0.273224040573771,517.9999989122
"5989","Italy",5,"STRPNE_18",2014,0,0,522.999998954
"5990","Italy",5,"STRPNE_18",2019,1.6767168418,0.167504180536013,1000.9999967968
"5991","Italy",5,"STRPNE_18",2022,1.4338747008,0.232018560440835,617.9999988258
"5992","Italy",5,"STRPNE_18",2023,0,0,1055.9999959872
"5993","Italy",5,"STRPNE_18",2024,0,0,1161.9999945386
"5994","Italy",5,"STRPNE_18A",2012,3.4065933945,0.732600731611722,464.999998977
"5995","Italy",5,"STRPNE_18A",2013,12.7377049002,2.45901639516393,517.9999989122
"5996","Italy",5,"STRPNE_18A",2014,3.6193771496,0.692041521384083,522.999998954
"5997","Italy",5,"STRPNE_18A",2015,5.305418675,0.738916252660099,717.9999974152
"5998","Italy",5,"STRPNE_18A",2016,16.4355108552,1.84254606497487,891.9999975916
"5999","Italy",5,"STRPNE_18A",2017,26.3406593247,2.6687598156044,986.9999979273
"6000","Italy",5,"STRPNE_18A",2018,13.627287765,1.49750415314476,909.999998089
"6001","Italy",5,"STRPNE_18A",2019,16.7671691187,1.67504187536013,1000.9999967968
"6002","Italy",5,"STRPNE_18A",2022,2.8677494016,0.464037120881671,617.9999988258
"6003","Italy",5,"STRPNE_18A",2023,8.4592790304,0.801068093044059,1055.9999959872
"6004","Italy",5,"STRPNE_18A",2024,13.6065572916,1.17096018550351,1161.9999945386
"6005","Italy",5,"STRPNE_18B",2012,0,0,464.999998977
"6006","Italy",5,"STRPNE_18B",2013,0,0,517.9999989122
"6007","Italy",5,"STRPNE_18B",2014,0,0,522.999998954
"6008","Italy",5,"STRPNE_18B",2017,0,0,986.9999979273
"6009","Italy",5,"STRPNE_18B",2018,0,0,909.999998089
"6010","Italy",5,"STRPNE_18B",2019,3.3534337837,0.335008371072027,1000.9999967968
"6011","Italy",5,"STRPNE_18B",2022,1.4338747008,0.232018560440835,617.9999988258
"6012","Italy",5,"STRPNE_18B",2024,0,0,1161.9999945386
"6013","Italy",5,"STRPNE_18C",2012,5.1098900685,1.09890109241758,464.999998977
"6014","Italy",5,"STRPNE_18C",2013,1.4153005272,0.273224040573771,517.9999989122
"6015","Italy",5,"STRPNE_18C",2014,0,0,522.999998954
"6016","Italy",5,"STRPNE_18C",2015,1.7684728438,0.246305410886699,717.9999974152
"6017","Italy",5,"STRPNE_18C",2016,1.4941372856,0.167504180452261,891.9999975916
"6018","Italy",5,"STRPNE_18C",2017,1.5494505369,0.15698587032967,986.9999979273
"6019","Italy",5,"STRPNE_18C",2018,1.514143085,0.166389350349418,909.999998089
"6020","Italy",5,"STRPNE_18C",2019,3.3534337837,0.335008371072027,1000.9999967968
"6021","Italy",5,"STRPNE_18C",2022,0,0,617.9999988258
"6022","Italy",5,"STRPNE_18C",2023,2.8197596064,0.267022691014686,1055.9999959872
"6023","Italy",5,"STRPNE_18C",2024,0,0,1161.9999945386
"6024","Italy",5,"STRPNE_18F",2013,1.4153005272,0.273224040573771,517.9999989122
"6025","Italy",5,"STRPNE_18F",2015,0,0,717.9999974152
"6026","Italy",5,"STRPNE_18F",2016,0,0,891.9999975916
"6027","Italy",5,"STRPNE_18F",2023,0,0,1055.9999959872
"6028","Italy",5,"STRPNE_18F",2024,1.3606556362,0.117096010550351,1161.9999945386
"6029","Italy",5,"STRPNE_19",2012,0,0,464.999998977
"6030","Italy",5,"STRPNE_19",2013,0,0,517.9999989122
"6031","Italy",5,"STRPNE_19",2014,0,0,522.999998954
"6032","Italy",5,"STRPNE_19",2016,1.4941372856,0.167504180452261,891.9999975916
"6033","Italy",5,"STRPNE_19",2017,0,0,986.9999979273
"6034","Italy",5,"STRPNE_19",2018,0,0,909.999998089
"6035","Italy",5,"STRPNE_19",2019,0,0,1000.9999967968
"6036","Italy",5,"STRPNE_19",2022,1.4338747008,0.232018560440835,617.9999988258
"6037","Italy",5,"STRPNE_19",2023,2.8197596064,0.267022691014686,1055.9999959872
"6038","Italy",5,"STRPNE_19",2024,4.081967141,0.351288051651054,1161.9999945386
"6039","Italy",5,"STRPNE_19A",2012,49.395604383,10.62271064337,464.999998977
"6040","Italy",5,"STRPNE_19A",2013,33.9672130672,6.55737705377049,517.9999989122
"6041","Italy",5,"STRPNE_19A",2014,25.3356400995,4.84429065968858,522.999998954
"6042","Italy",5,"STRPNE_19A",2015,37.1379310122,5.17241380862069,717.9999974152
"6043","Italy",5,"STRPNE_19A",2016,26.8944723004,3.0150753781407,891.9999975916
"6044","Italy",5,"STRPNE_19A",2017,40.2857142555,4.08163265857143,986.9999979273
"6045","Italy",5,"STRPNE_19A",2018,43.910149738,4.82529119013311,909.999998089
"6046","Italy",5,"STRPNE_19A",2019,26.82747067,2.68006700857621,1000.9999967968
"6047","Italy",5,"STRPNE_19A",2022,37.2807424062,6.03248260146172,617.9999988258
"6048","Italy",5,"STRPNE_19A",2023,40.886515296,3.87182911471295,1055.9999959872
"6049","Italy",5,"STRPNE_19A",2024,58.508196656,5.03512882366511,1161.9999945386
"6050","Italy",5,"STRPNE_19B",2014,3.6193771496,0.692041521384083,522.999998954
"6051","Italy",5,"STRPNE_19B",2016,2.9882746604,0.335008370904523,891.9999975916
"6052","Italy",5,"STRPNE_19B",2018,1.514143085,0.166389350349418,909.999998089
"6053","Italy",5,"STRPNE_19B",2022,2.8677494016,0.464037120881671,617.9999988258
"6054","Italy",5,"STRPNE_19B",2023,2.8197596064,0.267022691014686,1055.9999959872
"6055","Italy",5,"STRPNE_19C",2012,1.703296674,0.366300360805861,464.999998977
"6056","Italy",5,"STRPNE_19C",2013,4.2459016334,0.819672131721311,517.9999989122
"6057","Italy",5,"STRPNE_19C",2014,0,0,522.999998954
"6058","Italy",5,"STRPNE_19C",2017,0,0,986.9999979273
"6059","Italy",5,"STRPNE_19C",2024,4.081967141,0.351288051651054,1161.9999945386
"6060","Italy",5,"STRPNE_19F",2012,10.2197801835,2.19780219483516,464.999998977
"6061","Italy",5,"STRPNE_19F",2013,12.7377049002,2.45901639516393,517.9999989122
"6062","Italy",5,"STRPNE_19F",2014,9.048442874,1.73010380346021,522.999998954
"6063","Italy",5,"STRPNE_19F",2015,14.1477831812,1.9704433470936,717.9999974152
"6064","Italy",5,"STRPNE_19F",2016,22.4120602652,2.51256281678392,891.9999975916
"6065","Italy",5,"STRPNE_19F",2017,13.9450549308,1.41287284296703,986.9999979273
"6066","Italy",5,"STRPNE_19F",2018,19.683860196,2.16306156454243,909.999998089
"6067","Italy",5,"STRPNE_19F",2019,20.1206030025,2.01005025643216,1000.9999967968
"6068","Italy",5,"STRPNE_19F",2022,20.0742459348,3.24825986617169,617.9999988258
"6069","Italy",5,"STRPNE_19F",2023,23.9679572352,2.26969292862483,1055.9999959872
"6070","Italy",5,"STRPNE_19F",2024,27.2131146994,2.34192038100703,1161.9999945386
"6071","Italy",5,"STRPNE_2",2012,1.703296674,0.366300360805861,464.999998977
"6072","Italy",5,"STRPNE_2",2013,1.4153005272,0.273224040573771,517.9999989122
"6073","Italy",5,"STRPNE_2",2015,3.5369457594,0.492610831773399,717.9999974152
"6074","Italy",5,"STRPNE_2",2016,0,0,891.9999975916
"6075","Italy",5,"STRPNE_2",2019,1.6767168418,0.167504180536013,1000.9999967968
"6076","Italy",5,"STRPNE_2",2022,1.4338747008,0.232018560440835,617.9999988258
"6077","Italy",5,"STRPNE_2",2024,1.3606556362,0.117096010550351,1161.9999945386
"6078","Italy",5,"STRPNE_20",2012,22.142857134,4.76190477047619,464.999998977
"6079","Italy",5,"STRPNE_20",2013,16.9836065336,3.27868852688525,517.9999989122
"6080","Italy",5,"STRPNE_20",2014,10.8581314488,2.07612456415225,522.999998954
"6081","Italy",5,"STRPNE_20",2015,17.6847290124,2.46305418886699,717.9999974152
"6082","Italy",5,"STRPNE_20",2016,10.4589614452,1.17252931316583,891.9999975916
"6083","Italy",5,"STRPNE_20",2017,18.5934065415,1.88383045395604,986.9999979273
"6084","Italy",5,"STRPNE_20",2018,33.311148052,3.66056572768719,909.999998089
"6085","Italy",5,"STRPNE_20",2019,26.82747067,2.68006700857621,1000.9999967968
"6086","Italy",5,"STRPNE_20",2022,1.4338747008,0.232018560440835,617.9999988258
"6087","Italy",5,"STRPNE_20",2023,8.4592790304,0.801068093044059,1055.9999959872
"6088","Italy",5,"STRPNE_20",2024,9.5245901506,0.819672133852459,1161.9999945386
"6089","Italy",5,"STRPNE_21",2012,0,0,464.999998977
"6090","Italy",5,"STRPNE_21",2013,0,0,517.9999989122
"6091","Italy",5,"STRPNE_21",2014,0,0,522.999998954
"6092","Italy",5,"STRPNE_21",2015,0,0,717.9999974152
"6093","Italy",5,"STRPNE_21",2016,4.4824120352,0.502512561356784,891.9999975916
"6094","Italy",5,"STRPNE_21",2017,1.5494505369,0.15698587032967,986.9999979273
"6095","Italy",5,"STRPNE_21",2018,0,0,909.999998089
"6096","Italy",5,"STRPNE_21",2019,5.0301507256,0.50251256160804,1000.9999967968
"6097","Italy",5,"STRPNE_21",2022,1.4338747008,0.232018560440835,617.9999988258
"6098","Italy",5,"STRPNE_21",2023,2.8197596064,0.267022691014686,1055.9999959872
"6099","Italy",5,"STRPNE_21",2024,0,0,1161.9999945386
"6100","Italy",5,"STRPNE_22",2012,0,0,464.999998977
"6101","Italy",5,"STRPNE_22",2013,0,0,517.9999989122
"6102","Italy",5,"STRPNE_22",2014,0,0,522.999998954
"6103","Italy",5,"STRPNE_22",2015,1.7684728438,0.246305410886699,717.9999974152
"6104","Italy",5,"STRPNE_22",2016,1.4941372856,0.167504180452261,891.9999975916
"6105","Italy",5,"STRPNE_22",2017,0,0,986.9999979273
"6106","Italy",5,"STRPNE_22",2018,0,0,909.999998089
"6107","Italy",5,"STRPNE_22",2019,0,0,1000.9999967968
"6108","Italy",5,"STRPNE_22",2022,1.4338747008,0.232018560440835,617.9999988258
"6109","Italy",5,"STRPNE_22",2023,0,0,1055.9999959872
"6110","Italy",5,"STRPNE_22A",2012,1.703296674,0.366300360805861,464.999998977
"6111","Italy",5,"STRPNE_22A",2013,0,0,517.9999989122
"6112","Italy",5,"STRPNE_22A",2014,1.8096885748,0.346020760692042,522.999998954
"6113","Italy",5,"STRPNE_22A",2015,0,0,717.9999974152
"6114","Italy",5,"STRPNE_22A",2016,0,0,891.9999975916
"6115","Italy",5,"STRPNE_22A",2017,1.5494505369,0.15698587032967,986.9999979273
"6116","Italy",5,"STRPNE_22A",2018,1.514143085,0.166389350349418,909.999998089
"6117","Italy",5,"STRPNE_22A",2019,1.6767168418,0.167504180536013,1000.9999967968
"6118","Italy",5,"STRPNE_22A",2022,1.4338747008,0.232018560440835,617.9999988258
"6119","Italy",5,"STRPNE_22A",2023,8.4592790304,0.801068093044059,1055.9999959872
"6120","Italy",5,"STRPNE_22A",2024,1.3606556362,0.117096010550351,1161.9999945386
"6121","Italy",5,"STRPNE_22F",2012,32.3626373175,6.95970696531136,464.999998977
"6122","Italy",5,"STRPNE_22F",2013,19.8142076398,3.82513661803279,517.9999989122
"6123","Italy",5,"STRPNE_22F",2014,23.5259515247,4.49826989899654,522.999998954
"6124","Italy",5,"STRPNE_22F",2015,31.8325122654,4.43349754596059,717.9999974152
"6125","Italy",5,"STRPNE_22F",2016,70.2244555452,7.87269683125628,891.9999975916
"6126","Italy",5,"STRPNE_22F",2017,66.6263735802,6.75039247417582,986.9999979273
"6127","Italy",5,"STRPNE_22F",2018,51.480865163,5.6572379418802,909.999998089
"6128","Italy",5,"STRPNE_22F",2019,51.9782243981,5.19262982661642,1000.9999967968
"6129","Italy",5,"STRPNE_22F",2022,8.6032482048,1.39211136264501,617.9999988258
"6130","Italy",5,"STRPNE_22F",2023,46.5260346144,4.40587450674232,1055.9999959872
"6131","Italy",5,"STRPNE_22F",2024,87.0819671078,7.49414522522248,1161.9999945386
"6132","Italy",5,"STRPNE_23",2012,0,0,464.999998977
"6133","Italy",5,"STRPNE_23",2013,1.4153005272,0.273224040573771,517.9999989122
"6134","Italy",5,"STRPNE_23",2014,0,0,522.999998954
"6135","Italy",5,"STRPNE_23",2015,0,0,717.9999974152
"6136","Italy",5,"STRPNE_23",2016,0,0,891.9999975916
"6137","Italy",5,"STRPNE_23",2017,1.5494505369,0.15698587032967,986.9999979273
"6138","Italy",5,"STRPNE_23",2018,1.514143085,0.166389350349418,909.999998089
"6139","Italy",5,"STRPNE_23",2019,1.6767168418,0.167504180536013,1000.9999967968
"6140","Italy",5,"STRPNE_23",2022,1.4338747008,0.232018560440835,617.9999988258
"6141","Italy",5,"STRPNE_23",2024,0,0,1161.9999945386
"6142","Italy",5,"STRPNE_23A",2012,5.1098900685,1.09890109241758,464.999998977
"6143","Italy",5,"STRPNE_23A",2013,22.6448086942,4.37158469918033,517.9999989122
"6144","Italy",5,"STRPNE_23A",2014,5.4290657244,1.03806228207612,522.999998954
"6145","Italy",5,"STRPNE_23A",2015,19.453201928,2.70935960975369,717.9999974152
"6146","Italy",5,"STRPNE_23A",2016,16.4355108552,1.84254606497487,891.9999975916
"6147","Italy",5,"STRPNE_23A",2017,10.8461537583,1.09890109230769,986.9999979273
"6148","Italy",5,"STRPNE_23A",2018,16.655574026,1.83028286384359,909.999998089
"6149","Italy",5,"STRPNE_23A",2019,28.5041875118,2.84757118911223,1000.9999967968
"6150","Italy",5,"STRPNE_23A",2022,14.3387470698,2.32018561440835,617.9999988258
"6151","Italy",5,"STRPNE_23A",2023,33.8371161216,3.20427237217624,1055.9999959872
"6152","Italy",5,"STRPNE_23A",2024,51.7049180102,4.44964873091335,1161.9999945386
"6153","Italy",5,"STRPNE_23B",2012,6.813186789,1.46520146322344,464.999998977
"6154","Italy",5,"STRPNE_23B",2013,4.2459016334,0.819672131721311,517.9999989122
"6155","Italy",5,"STRPNE_23B",2014,10.8581314488,2.07612456415225,522.999998954
"6156","Italy",5,"STRPNE_23B",2015,19.453201928,2.70935960975369,717.9999974152
"6157","Italy",5,"STRPNE_23B",2016,7.4706866956,0.837520932261307,891.9999975916
"6158","Italy",5,"STRPNE_23B",2017,15.4945054677,1.5698587132967,986.9999979273
"6159","Italy",5,"STRPNE_23B",2018,15.141430941,1.66389351349418,909.999998089
"6160","Italy",5,"STRPNE_23B",2019,8.3835845093,0.837520932680067,1000.9999967968
"6161","Italy",5,"STRPNE_23B",2022,30.1113689022,4.87238979925754,617.9999988258
"6162","Italy",5,"STRPNE_23B",2023,21.1481975232,2.00267022761015,1055.9999959872
"6163","Italy",5,"STRPNE_23B",2024,27.2131146994,2.34192038100703,1161.9999945386
"6164","Italy",5,"STRPNE_23F",2012,8.5164835095,1.8315018340293,464.999998977
"6165","Italy",5,"STRPNE_23F",2013,9.907103794,1.91256830401639,517.9999989122
"6166","Italy",5,"STRPNE_23F",2014,10.8581314488,2.07612456415225,522.999998954
"6167","Italy",5,"STRPNE_23F",2015,1.7684728438,0.246305410886699,717.9999974152
"6168","Italy",5,"STRPNE_23F",2016,2.9882746604,0.335008370904523,891.9999975916
"6169","Italy",5,"STRPNE_23F",2017,1.5494505369,0.15698587032967,986.9999979273
"6170","Italy",5,"STRPNE_23F",2018,3.02828617,0.332778700698835,909.999998089
"6171","Italy",5,"STRPNE_23F",2019,1.6767168418,0.167504180536013,1000.9999967968
"6172","Italy",5,"STRPNE_23F",2022,2.8677494016,0.464037120881671,617.9999988258
"6173","Italy",5,"STRPNE_23F",2023,4.2296394624,0.400534041522029,1055.9999959872
"6174","Italy",5,"STRPNE_23F",2024,5.4426228934,0.468384072201405,1161.9999945386
"6175","Italy",5,"STRPNE_24",2012,0,0,464.999998977
"6176","Italy",5,"STRPNE_24",2013,0,0,517.9999989122
"6177","Italy",5,"STRPNE_24",2014,0,0,522.999998954
"6178","Italy",5,"STRPNE_24",2019,0,0,1000.9999967968
"6179","Italy",5,"STRPNE_24",2023,0,0,1055.9999959872
"6180","Italy",5,"STRPNE_24",2024,4.081967141,0.351288051651054,1161.9999945386
"6181","Italy",5,"STRPNE_24A",2012,3.4065933945,0.732600731611722,464.999998977
"6182","Italy",5,"STRPNE_24A",2013,5.6612021606,1.09289617229508,517.9999989122
"6183","Italy",5,"STRPNE_24A",2014,3.6193771496,0.692041521384083,522.999998954
"6184","Italy",5,"STRPNE_24A",2015,7.0738915906,0.985221673546798,717.9999974152
"6185","Italy",5,"STRPNE_24A",2016,4.4824120352,0.502512561356784,891.9999975916
"6186","Italy",5,"STRPNE_24A",2017,3.0989010738,0.313971740659341,986.9999979273
"6187","Italy",5,"STRPNE_24A",2018,1.514143085,0.166389350349418,909.999998089
"6188","Italy",5,"STRPNE_24A",2019,3.3534337837,0.335008371072027,1000.9999967968
"6189","Italy",5,"STRPNE_24A",2022,5.7354988032,0.928074241763341,617.9999988258
"6190","Italy",5,"STRPNE_24A",2023,7.0493991744,0.667556742536716,1055.9999959872
"6191","Italy",5,"STRPNE_24A",2024,4.081967141,0.351288051651054,1161.9999945386
"6192","Italy",5,"STRPNE_24B",2012,0,0,464.999998977
"6193","Italy",5,"STRPNE_24B",2016,0,0,891.9999975916
"6194","Italy",5,"STRPNE_24B",2017,0,0,986.9999979273
"6195","Italy",5,"STRPNE_24B",2018,1.514143085,0.166389350349418,909.999998089
"6196","Italy",5,"STRPNE_24B",2019,0,0,1000.9999967968
"6197","Italy",5,"STRPNE_24B",2022,0,0,617.9999988258
"6198","Italy",5,"STRPNE_24B",2023,4.2296394624,0.400534041522029,1055.9999959872
"6199","Italy",5,"STRPNE_24B",2024,1.3606556362,0.117096010550351,1161.9999945386
"6200","Italy",5,"STRPNE_24F",2012,0,0,464.999998977
"6201","Italy",5,"STRPNE_24F",2013,4.2459016334,0.819672131721311,517.9999989122
"6202","Italy",5,"STRPNE_24F",2014,7.2387542992,1.38408304276817,522.999998954
"6203","Italy",5,"STRPNE_24F",2015,5.305418675,0.738916252660099,717.9999974152
"6204","Italy",5,"STRPNE_24F",2016,13.4472361056,1.50753768407035,891.9999975916
"6205","Italy",5,"STRPNE_24F",2017,9.2967032214,0.941915221978022,986.9999979273
"6206","Italy",5,"STRPNE_24F",2018,3.02828617,0.332778700698835,909.999998089
"6207","Italy",5,"STRPNE_24F",2019,0,0,1000.9999967968
"6208","Italy",5,"STRPNE_24F",2022,8.6032482048,1.39211136264501,617.9999988258
"6209","Italy",5,"STRPNE_24F",2023,18.3284379168,1.73564753659546,1055.9999959872
"6210","Italy",5,"STRPNE_24F",2024,10.8852457868,0.93676814440281,1161.9999945386
"6211","Italy",5,"STRPNE_25",2024,2.7213113886,0.234192031100703,1161.9999945386
"6212","Italy",5,"STRPNE_25A",2012,0,0,464.999998977
"6213","Italy",5,"STRPNE_25A",2013,0,0,517.9999989122
"6214","Italy",5,"STRPNE_25A",2014,0,0,522.999998954
"6215","Italy",5,"STRPNE_25A",2015,0,0,717.9999974152
"6216","Italy",5,"STRPNE_25A",2016,2.9882746604,0.335008370904523,891.9999975916
"6217","Italy",5,"STRPNE_25A",2017,0,0,986.9999979273
"6218","Italy",5,"STRPNE_25A",2018,3.02828617,0.332778700698835,909.999998089
"6219","Italy",5,"STRPNE_25A",2019,1.6767168418,0.167504180536013,1000.9999967968
"6220","Italy",5,"STRPNE_25A",2022,0,0,617.9999988258
"6221","Italy",5,"STRPNE_25A",2023,1.4098797504,0.133511340507343,1055.9999959872
"6222","Italy",5,"STRPNE_25A",2024,4.081967141,0.351288051651054,1161.9999945386
"6223","Italy",5,"STRPNE_25F",2012,0,0,464.999998977
"6224","Italy",5,"STRPNE_25F",2014,0,0,522.999998954
"6225","Italy",5,"STRPNE_25F",2015,0,0,717.9999974152
"6226","Italy",5,"STRPNE_25F",2016,0,0,891.9999975916
"6227","Italy",5,"STRPNE_25F",2017,0,0,986.9999979273
"6228","Italy",5,"STRPNE_25F",2018,0,0,909.999998089
"6229","Italy",5,"STRPNE_25F",2019,0,0,1000.9999967968
"6230","Italy",5,"STRPNE_25F",2023,2.8197596064,0.267022691014686,1055.9999959872
"6231","Italy",5,"STRPNE_25F",2024,1.3606556362,0.117096010550351,1161.9999945386
"6232","Italy",5,"STRPNE_27",2012,0,0,464.999998977
"6233","Italy",5,"STRPNE_27",2013,0,0,517.9999989122
"6234","Italy",5,"STRPNE_27",2014,0,0,522.999998954
"6235","Italy",5,"STRPNE_27",2015,0,0,717.9999974152
"6236","Italy",5,"STRPNE_27",2016,0,0,891.9999975916
"6237","Italy",5,"STRPNE_27",2017,1.5494505369,0.15698587032967,986.9999979273
"6238","Italy",5,"STRPNE_27",2018,0,0,909.999998089
"6239","Italy",5,"STRPNE_27",2019,0,0,1000.9999967968
"6240","Italy",5,"STRPNE_27",2022,0,0,617.9999988258
"6241","Italy",5,"STRPNE_27",2023,0,0,1055.9999959872
"6242","Italy",5,"STRPNE_28",2014,0,0,522.999998954
"6243","Italy",5,"STRPNE_28",2015,0,0,717.9999974152
"6244","Italy",5,"STRPNE_28",2022,0,0,617.9999988258
"6245","Italy",5,"STRPNE_28A",2012,0,0,464.999998977
"6246","Italy",5,"STRPNE_28A",2013,0,0,517.9999989122
"6247","Italy",5,"STRPNE_28A",2014,0,0,522.999998954
"6248","Italy",5,"STRPNE_28A",2015,1.7684728438,0.246305410886699,717.9999974152
"6249","Italy",5,"STRPNE_28A",2016,0,0,891.9999975916
"6250","Italy",5,"STRPNE_28A",2017,0,0,986.9999979273
"6251","Italy",5,"STRPNE_28A",2018,0,0,909.999998089
"6252","Italy",5,"STRPNE_28A",2019,1.6767168418,0.167504180536013,1000.9999967968
"6253","Italy",5,"STRPNE_28A",2022,0,0,617.9999988258
"6254","Italy",5,"STRPNE_28A",2023,0,0,1055.9999959872
"6255","Italy",5,"STRPNE_28F",2012,0,0,464.999998977
"6256","Italy",5,"STRPNE_28F",2013,0,0,517.9999989122
"6257","Italy",5,"STRPNE_28F",2014,0,0,522.999998954
"6258","Italy",5,"STRPNE_28F",2017,0,0,986.9999979273
"6259","Italy",5,"STRPNE_28F",2019,0,0,1000.9999967968
"6260","Italy",5,"STRPNE_28F",2024,1.3606556362,0.117096010550351,1161.9999945386
"6261","Italy",5,"STRPNE_29",2012,1.703296674,0.366300360805861,464.999998977
"6262","Italy",5,"STRPNE_29",2013,2.8306010544,0.546448081147541,517.9999989122
"6263","Italy",5,"STRPNE_29",2014,0,0,522.999998954
"6264","Italy",5,"STRPNE_29",2015,1.7684728438,0.246305410886699,717.9999974152
"6265","Italy",5,"STRPNE_29",2016,8.9648240704,1.00502512271357,891.9999975916
"6266","Italy",5,"STRPNE_29",2017,10.8461537583,1.09890109230769,986.9999979273
"6267","Italy",5,"STRPNE_29",2018,7.570715425,0.831946751747088,909.999998089
"6268","Italy",5,"STRPNE_29",2019,1.6767168418,0.167504180536013,1000.9999967968
"6269","Italy",5,"STRPNE_29",2022,5.7354988032,0.928074241763341,617.9999988258
"6270","Italy",5,"STRPNE_29",2023,5.6395193184,0.534045392029372,1055.9999959872
"6271","Italy",5,"STRPNE_29",2024,1.3606556362,0.117096010550351,1161.9999945386
"6272","Italy",5,"STRPNE_3",2012,74.9450549115,16.1172161454579,464.999998977
"6273","Italy",5,"STRPNE_3",2013,84.9180327716,16.3934426544262,517.9999989122
"6274","Italy",5,"STRPNE_3",2014,74.1972318283,14.1868512383737,522.999998954
"6275","Italy",5,"STRPNE_3",2015,97.2660097836,13.5467980687685,717.9999974152
"6276","Italy",5,"STRPNE_3",2016,129.9899497344,14.5728643593467,891.9999975916
"6277","Italy",5,"STRPNE_3",2017,161.1428571207,16.3265306442857,986.9999979273
"6278","Italy",5,"STRPNE_3",2018,134.758735384,14.8086522710982,909.999998089
"6279","Italy",5,"STRPNE_3",2019,182.7621439644,18.2579564984255,1000.9999967968
"6280","Italy",5,"STRPNE_3",2022,149.1229698102,24.1299304358469,617.9999988258
"6281","Italy",5,"STRPNE_3",2023,303.1241654496,28.7049400190788,1055.9999959872
"6282","Italy",5,"STRPNE_3",2024,277.5737704684,23.8875879322717,1161.9999945386
"6283","Italy",5,"STRPNE_31",2012,8.5164835095,1.8315018340293,464.999998977
"6284","Italy",5,"STRPNE_31",2013,1.4153005272,0.273224040573771,517.9999989122
"6285","Italy",5,"STRPNE_31",2014,5.4290657244,1.03806228207612,522.999998954
"6286","Italy",5,"STRPNE_31",2015,14.1477831812,1.9704433470936,717.9999974152
"6287","Italy",5,"STRPNE_31",2016,4.4824120352,0.502512561356784,891.9999975916
"6288","Italy",5,"STRPNE_31",2017,21.6923076153,2.19780219461538,986.9999979273
"6289","Italy",5,"STRPNE_31",2018,6.05657234,0.665557401397671,909.999998089
"6290","Italy",5,"STRPNE_31",2019,11.7370183931,1.17252931375209,1000.9999967968
"6291","Italy",5,"STRPNE_31",2022,5.7354988032,0.928074241763341,617.9999988258
"6292","Italy",5,"STRPNE_31",2023,12.6889184928,1.20160213456609,1055.9999959872
"6293","Italy",5,"STRPNE_31",2024,32.6557375928,2.81030445320843,1161.9999945386
"6294","Italy",5,"STRPNE_32A",2013,0,0,517.9999989122
"6295","Italy",5,"STRPNE_32A",2015,0,0,717.9999974152
"6296","Italy",5,"STRPNE_33",2012,0,0,464.999998977
"6297","Italy",5,"STRPNE_33",2013,1.4153005272,0.273224040573771,517.9999989122
"6298","Italy",5,"STRPNE_33",2014,0,0,522.999998954
"6299","Italy",5,"STRPNE_33",2015,0,0,717.9999974152
"6300","Italy",5,"STRPNE_33",2017,0,0,986.9999979273
"6301","Italy",5,"STRPNE_33",2018,0,0,909.999998089
"6302","Italy",5,"STRPNE_33",2019,0,0,1000.9999967968
"6303","Italy",5,"STRPNE_33",2022,0,0,617.9999988258
"6304","Italy",5,"STRPNE_33",2023,0,0,1055.9999959872
"6305","Italy",5,"STRPNE_33",2024,0,0,1161.9999945386
"6306","Italy",5,"STRPNE_33A",2012,0,0,464.999998977
"6307","Italy",5,"STRPNE_33A",2013,4.2459016334,0.819672131721311,517.9999989122
"6308","Italy",5,"STRPNE_33A",2014,1.8096885748,0.346020760692042,522.999998954
"6309","Italy",5,"STRPNE_33A",2015,3.5369457594,0.492610831773399,717.9999974152
"6310","Italy",5,"STRPNE_33A",2016,0,0,891.9999975916
"6311","Italy",5,"STRPNE_33A",2017,1.5494505369,0.15698587032967,986.9999979273
"6312","Italy",5,"STRPNE_33A",2018,3.02828617,0.332778700698835,909.999998089
"6313","Italy",5,"STRPNE_33A",2019,0,0,1000.9999967968
"6314","Italy",5,"STRPNE_33A",2022,0,0,617.9999988258
"6315","Italy",5,"STRPNE_33A",2024,0,0,1161.9999945386
"6316","Italy",5,"STRPNE_33B",2013,0,0,517.9999989122
"6317","Italy",5,"STRPNE_33B",2014,0,0,522.999998954
"6318","Italy",5,"STRPNE_33B",2015,1.7684728438,0.246305410886699,717.9999974152
"6319","Italy",5,"STRPNE_33B",2017,1.5494505369,0.15698587032967,986.9999979273
"6320","Italy",5,"STRPNE_33B",2018,0,0,909.999998089
"6321","Italy",5,"STRPNE_33B",2019,0,0,1000.9999967968
"6322","Italy",5,"STRPNE_33B",2024,2.7213113886,0.234192031100703,1161.9999945386
"6323","Italy",5,"STRPNE_33C",2024,0,0,1161.9999945386
"6324","Italy",5,"STRPNE_33D",2016,1.4941372856,0.167504180452261,891.9999975916
"6325","Italy",5,"STRPNE_33D",2017,0,0,986.9999979273
"6326","Italy",5,"STRPNE_33D",2018,0,0,909.999998089
"6327","Italy",5,"STRPNE_33D",2024,1.3606556362,0.117096010550351,1161.9999945386
"6328","Italy",5,"STRPNE_33F",2012,3.4065933945,0.732600731611722,464.999998977
"6329","Italy",5,"STRPNE_33F",2013,5.6612021606,1.09289617229508,517.9999989122
"6330","Italy",5,"STRPNE_33F",2014,10.8581314488,2.07612456415225,522.999998954
"6331","Italy",5,"STRPNE_33F",2015,19.453201928,2.70935960975369,717.9999974152
"6332","Italy",5,"STRPNE_33F",2016,14.9413734804,1.67504187452261,891.9999975916
"6333","Italy",5,"STRPNE_33F",2017,13.9450549308,1.41287284296703,986.9999979273
"6334","Italy",5,"STRPNE_33F",2018,10.599001595,1.16472545244592,909.999998089
"6335","Italy",5,"STRPNE_33F",2019,23.4740367862,2.34505862750419,1000.9999967968
"6336","Italy",5,"STRPNE_33F",2022,2.8677494016,0.464037120881671,617.9999988258
"6337","Italy",5,"STRPNE_33F",2023,7.0493991744,0.667556742536716,1055.9999959872
"6338","Italy",5,"STRPNE_33F",2024,17.6885245488,1.52224824715457,1161.9999945386
"6339","Italy",5,"STRPNE_34",2012,1.703296674,0.366300360805861,464.999998977
"6340","Italy",5,"STRPNE_34",2013,1.4153005272,0.273224040573771,517.9999989122
"6341","Italy",5,"STRPNE_34",2014,5.4290657244,1.03806228207612,522.999998954
"6342","Italy",5,"STRPNE_34",2015,3.5369457594,0.492610831773399,717.9999974152
"6343","Italy",5,"STRPNE_34",2016,5.97654941,0.670016751809045,891.9999975916
"6344","Italy",5,"STRPNE_34",2017,6.1978021476,0.627943481318681,986.9999979273
"6345","Italy",5,"STRPNE_34",2018,6.05657234,0.665557401397671,909.999998089
"6346","Italy",5,"STRPNE_34",2019,1.6767168418,0.167504180536013,1000.9999967968
"6347","Italy",5,"STRPNE_34",2022,1.4338747008,0.232018560440835,617.9999988258
"6348","Italy",5,"STRPNE_34",2023,8.4592790304,0.801068093044059,1055.9999959872
"6349","Italy",5,"STRPNE_34",2024,2.7213113886,0.234192031100703,1161.9999945386
"6350","Italy",5,"STRPNE_35",2012,0,0,464.999998977
"6351","Italy",5,"STRPNE_35",2013,0,0,517.9999989122
"6352","Italy",5,"STRPNE_35",2014,0,0,522.999998954
"6353","Italy",5,"STRPNE_35",2017,0,0,986.9999979273
"6354","Italy",5,"STRPNE_35",2019,0,0,1000.9999967968
"6355","Italy",5,"STRPNE_35",2023,0,0,1055.9999959872
"6356","Italy",5,"STRPNE_35",2024,0,0,1161.9999945386
"6357","Italy",5,"STRPNE_35A",2012,0,0,464.999998977
"6358","Italy",5,"STRPNE_35A",2013,0,0,517.9999989122
"6359","Italy",5,"STRPNE_35A",2014,1.8096885748,0.346020760692042,522.999998954
"6360","Italy",5,"STRPNE_35A",2015,0,0,717.9999974152
"6361","Italy",5,"STRPNE_35A",2016,0,0,891.9999975916
"6362","Italy",5,"STRPNE_35A",2017,0,0,986.9999979273
"6363","Italy",5,"STRPNE_35A",2019,0,0,1000.9999967968
"6364","Italy",5,"STRPNE_35A",2022,2.8677494016,0.464037120881671,617.9999988258
"6365","Italy",5,"STRPNE_35A",2023,4.2296394624,0.400534041522029,1055.9999959872
"6366","Italy",5,"STRPNE_35A",2024,0,0,1161.9999945386
"6367","Italy",5,"STRPNE_35B",2012,1.703296674,0.366300360805861,464.999998977
"6368","Italy",5,"STRPNE_35B",2013,2.8306010544,0.546448081147541,517.9999989122
"6369","Italy",5,"STRPNE_35B",2014,1.8096885748,0.346020760692042,522.999998954
"6370","Italy",5,"STRPNE_35B",2015,3.5369457594,0.492610831773399,717.9999974152
"6371","Italy",5,"STRPNE_35B",2016,0,0,891.9999975916
"6372","Italy",5,"STRPNE_35B",2017,3.0989010738,0.313971740659341,986.9999979273
"6373","Italy",5,"STRPNE_35B",2018,4.542429255,0.499168051048253,909.999998089
"6374","Italy",5,"STRPNE_35B",2019,1.6767168418,0.167504180536013,1000.9999967968
"6375","Italy",5,"STRPNE_35B",2022,2.8677494016,0.464037120881671,617.9999988258
"6376","Italy",5,"STRPNE_35B",2023,12.6889184928,1.20160213456609,1055.9999959872
"6377","Italy",5,"STRPNE_35B",2024,2.7213113886,0.234192031100703,1161.9999945386
"6378","Italy",5,"STRPNE_35C",2013,0,0,517.9999989122
"6379","Italy",5,"STRPNE_35C",2017,0,0,986.9999979273
"6380","Italy",5,"STRPNE_35C",2022,0,0,617.9999988258
"6381","Italy",5,"STRPNE_35C",2023,1.4098797504,0.133511340507343,1055.9999959872
"6382","Italy",5,"STRPNE_35C",2024,1.3606556362,0.117096010550351,1161.9999945386
"6383","Italy",5,"STRPNE_35F",2012,5.1098900685,1.09890109241758,464.999998977
"6384","Italy",5,"STRPNE_35F",2013,4.2459016334,0.819672131721311,517.9999989122
"6385","Italy",5,"STRPNE_35F",2014,7.2387542992,1.38408304276817,522.999998954
"6386","Italy",5,"STRPNE_35F",2015,5.305418675,0.738916252660099,717.9999974152
"6387","Italy",5,"STRPNE_35F",2016,17.92964823,2.01005025542714,891.9999975916
"6388","Italy",5,"STRPNE_35F",2017,9.2967032214,0.941915221978022,986.9999979273
"6389","Italy",5,"STRPNE_35F",2018,12.11314468,1.33111480279534,909.999998089
"6390","Italy",5,"STRPNE_35F",2019,15.0904521768,1.50753768482412,1000.9999967968
"6391","Italy",5,"STRPNE_35F",2022,12.904872369,2.08816705396752,617.9999988258
"6392","Italy",5,"STRPNE_35F",2023,16.9185580608,1.60213618608812,1055.9999959872
"6393","Italy",5,"STRPNE_35F",2024,13.6065572916,1.17096018550351,1161.9999945386
"6394","Italy",5,"STRPNE_36",2013,1.4153005272,0.273224040573771,517.9999989122
"6395","Italy",5,"STRPNE_36",2023,1.4098797504,0.133511340507343,1055.9999959872
"6396","Italy",5,"STRPNE_37",2012,0,0,464.999998977
"6397","Italy",5,"STRPNE_37",2013,0,0,517.9999989122
"6398","Italy",5,"STRPNE_37",2014,0,0,522.999998954
"6399","Italy",5,"STRPNE_37",2015,0,0,717.9999974152
"6400","Italy",5,"STRPNE_37",2016,0,0,891.9999975916
"6401","Italy",5,"STRPNE_37",2017,0,0,986.9999979273
"6402","Italy",5,"STRPNE_37",2018,1.514143085,0.166389350349418,909.999998089
"6403","Italy",5,"STRPNE_37",2019,0,0,1000.9999967968
"6404","Italy",5,"STRPNE_37",2022,1.4338747008,0.232018560440835,617.9999988258
"6405","Italy",5,"STRPNE_37",2023,0,0,1055.9999959872
"6406","Italy",5,"STRPNE_37",2024,1.3606556362,0.117096010550351,1161.9999945386
"6407","Italy",5,"STRPNE_38",2012,1.703296674,0.366300360805861,464.999998977
"6408","Italy",5,"STRPNE_38",2013,2.8306010544,0.546448081147541,517.9999989122
"6409","Italy",5,"STRPNE_38",2014,5.4290657244,1.03806228207612,522.999998954
"6410","Italy",5,"STRPNE_38",2015,0,0,717.9999974152
"6411","Italy",5,"STRPNE_38",2016,8.9648240704,1.00502512271357,891.9999975916
"6412","Italy",5,"STRPNE_38",2017,12.3956043939,1.25588697263736,986.9999979273
"6413","Italy",5,"STRPNE_38",2018,9.08485851,0.998336102096506,909.999998089
"6414","Italy",5,"STRPNE_38",2019,6.7068676675,0.670016752144054,1000.9999967968
"6415","Italy",5,"STRPNE_38",2022,0,0,617.9999988258
"6416","Italy",5,"STRPNE_38",2023,23.9679572352,2.26969292862483,1055.9999959872
"6417","Italy",5,"STRPNE_38",2024,32.6557375928,2.81030445320843,1161.9999945386
"6418","Italy",5,"STRPNE_39",2014,0,0,522.999998954
"6419","Italy",5,"STRPNE_39",2016,0,0,891.9999975916
"6420","Italy",5,"STRPNE_39",2022,0,0,617.9999988258
"6421","Italy",5,"STRPNE_4",2012,6.813186789,1.46520146322344,464.999998977
"6422","Italy",5,"STRPNE_4",2013,8.4918032668,1.63934426344262,517.9999989122
"6423","Italy",5,"STRPNE_4",2014,5.4290657244,1.03806228207612,522.999998954
"6424","Italy",5,"STRPNE_4",2015,12.3793103374,1.7241379362069,717.9999974152
"6425","Italy",5,"STRPNE_4",2016,7.4706866956,0.837520932261307,891.9999975916
"6426","Italy",5,"STRPNE_4",2017,4.6483516107,0.470957610989011,986.9999979273
"6427","Italy",5,"STRPNE_4",2018,7.570715425,0.831946751747088,909.999998089
"6428","Italy",5,"STRPNE_4",2019,3.3534337837,0.335008371072027,1000.9999967968
"6429","Italy",5,"STRPNE_4",2022,0,0,617.9999988258
"6430","Italy",5,"STRPNE_4",2023,5.6395193184,0.534045392029372,1055.9999959872
"6431","Italy",5,"STRPNE_4",2024,4.081967141,0.351288051651054,1161.9999945386
"6432","Italy",5,"STRPNE_40",2013,0,0,517.9999989122
"6433","Italy",5,"STRPNE_40",2015,0,0,717.9999974152
"6434","Italy",5,"STRPNE_40",2017,0,0,986.9999979273
"6435","Italy",5,"STRPNE_40",2022,1.4338747008,0.232018560440835,617.9999988258
"6436","Italy",5,"STRPNE_40",2023,2.8197596064,0.267022691014686,1055.9999959872
"6437","Italy",5,"STRPNE_40",2024,1.3606556362,0.117096010550351,1161.9999945386
"6438","Italy",5,"STRPNE_41A",2019,1.6767168418,0.167504180536013,1000.9999967968
"6439","Italy",5,"STRPNE_42",2016,0,0,891.9999975916
"6440","Italy",5,"STRPNE_42",2018,0,0,909.999998089
"6441","Italy",5,"STRPNE_42",2022,0,0,617.9999988258
"6442","Italy",5,"STRPNE_43",2023,1.4098797504,0.133511340507343,1055.9999959872
"6443","Italy",5,"STRPNE_43",2024,1.3606556362,0.117096010550351,1161.9999945386
"6444","Italy",5,"STRPNE_45",2016,0,0,891.9999975916
"6445","Italy",5,"STRPNE_46",2015,0,0,717.9999974152
"6446","Italy",5,"STRPNE_46",2022,0,0,617.9999988258
"6447","Italy",5,"STRPNE_47F",2016,0,0,891.9999975916
"6448","Italy",5,"STRPNE_5",2012,0,0,464.999998977
"6449","Italy",5,"STRPNE_5",2013,5.6612021606,1.09289617229508,517.9999989122
"6450","Italy",5,"STRPNE_5",2014,3.6193771496,0.692041521384083,522.999998954
"6451","Italy",5,"STRPNE_5",2015,0,0,717.9999974152
"6452","Italy",5,"STRPNE_5",2016,0,0,891.9999975916
"6453","Italy",5,"STRPNE_5",2017,3.0989010738,0.313971740659341,986.9999979273
"6454","Italy",5,"STRPNE_5",2019,6.7068676675,0.670016752144054,1000.9999967968
"6455","Italy",5,"STRPNE_5",2022,1.4338747008,0.232018560440835,617.9999988258
"6456","Italy",5,"STRPNE_5",2023,1.4098797504,0.133511340507343,1055.9999959872
"6457","Italy",5,"STRPNE_5",2024,0,0,1161.9999945386
"6458","Italy",5,"STRPNE_6",2012,0,0,464.999998977
"6459","Italy",5,"STRPNE_6",2013,0,0,517.9999989122
"6460","Italy",5,"STRPNE_6",2014,0,0,522.999998954
"6461","Italy",5,"STRPNE_6",2015,3.5369457594,0.492610831773399,717.9999974152
"6462","Italy",5,"STRPNE_6",2017,0,0,986.9999979273
"6463","Italy",5,"STRPNE_6",2018,0,0,909.999998089
"6464","Italy",5,"STRPNE_6",2019,5.0301507256,0.50251256160804,1000.9999967968
"6465","Italy",5,"STRPNE_6",2022,0,0,617.9999988258
"6466","Italy",5,"STRPNE_6",2023,2.8197596064,0.267022691014686,1055.9999959872
"6467","Italy",5,"STRPNE_6",2024,1.3606556362,0.117096010550351,1161.9999945386
"6468","Italy",5,"STRPNE_6A",2012,6.813186789,1.46520146322344,464.999998977
"6469","Italy",5,"STRPNE_6A",2013,7.0765026878,1.36612021286885,517.9999989122
"6470","Italy",5,"STRPNE_6A",2014,9.048442874,1.73010380346021,522.999998954
"6471","Italy",5,"STRPNE_6A",2015,8.8423645062,1.2315270944335,717.9999974152
"6472","Italy",5,"STRPNE_6A",2016,2.9882746604,0.335008370904523,891.9999975916
"6473","Italy",5,"STRPNE_6A",2017,3.0989010738,0.313971740659341,986.9999979273
"6474","Italy",5,"STRPNE_6A",2018,10.599001595,1.16472545244592,909.999998089
"6475","Italy",5,"STRPNE_6A",2019,8.3835845093,0.837520932680067,1000.9999967968
"6476","Italy",5,"STRPNE_6A",2022,1.4338747008,0.232018560440835,617.9999988258
"6477","Italy",5,"STRPNE_6A",2023,2.8197596064,0.267022691014686,1055.9999959872
"6478","Italy",5,"STRPNE_6A",2024,0,0,1161.9999945386
"6479","Italy",5,"STRPNE_6B",2012,5.1098900685,1.09890109241758,464.999998977
"6480","Italy",5,"STRPNE_6B",2013,1.4153005272,0.273224040573771,517.9999989122
"6481","Italy",5,"STRPNE_6B",2014,3.6193771496,0.692041521384083,522.999998954
"6482","Italy",5,"STRPNE_6B",2015,1.7684728438,0.246305410886699,717.9999974152
"6483","Italy",5,"STRPNE_6B",2016,5.97654941,0.670016751809045,891.9999975916
"6484","Italy",5,"STRPNE_6B",2017,1.5494505369,0.15698587032967,986.9999979273
"6485","Italy",5,"STRPNE_6B",2018,3.02828617,0.332778700698835,909.999998089
"6486","Italy",5,"STRPNE_6B",2019,3.3534337837,0.335008371072027,1000.9999967968
"6487","Italy",5,"STRPNE_6B",2022,1.4338747008,0.232018560440835,617.9999988258
"6488","Italy",5,"STRPNE_6B",2023,2.8197596064,0.267022691014686,1055.9999959872
"6489","Italy",5,"STRPNE_6B",2024,1.3606556362,0.117096010550351,1161.9999945386
"6490","Italy",5,"STRPNE_6C",2012,8.5164835095,1.8315018340293,464.999998977
"6491","Italy",5,"STRPNE_6C",2013,9.907103794,1.91256830401639,517.9999989122
"6492","Italy",5,"STRPNE_6C",2014,10.8581314488,2.07612456415225,522.999998954
"6493","Italy",5,"STRPNE_6C",2015,10.6108374218,1.4778325153202,717.9999974152
"6494","Italy",5,"STRPNE_6C",2016,19.4237855156,2.1775544358794,891.9999975916
"6495","Italy",5,"STRPNE_6C",2017,10.8461537583,1.09890109230769,986.9999979273
"6496","Italy",5,"STRPNE_6C",2018,18.169717111,1.99667221419301,909.999998089
"6497","Italy",5,"STRPNE_6C",2019,18.4438860606,1.84254606589615,1000.9999967968
"6498","Italy",5,"STRPNE_6C",2022,21.5081206356,3.48027842661253,617.9999988258
"6499","Italy",5,"STRPNE_6C",2023,35.2469959776,3.33778372268358,1055.9999959872
"6500","Italy",5,"STRPNE_6C",2024,29.9344262042,2.57611242210773,1161.9999945386
"6501","Italy",5,"STRPNE_6D",2012,0,0,464.999998977
"6502","Italy",5,"STRPNE_6D",2013,0,0,517.9999989122
"6503","Italy",5,"STRPNE_6D",2014,0,0,522.999998954
"6504","Italy",5,"STRPNE_6D",2015,0,0,717.9999974152
"6505","Italy",5,"STRPNE_6D",2016,0,0,891.9999975916
"6506","Italy",5,"STRPNE_6D",2017,0,0,986.9999979273
"6507","Italy",5,"STRPNE_6D",2018,0,0,909.999998089
"6508","Italy",5,"STRPNE_6D",2019,0,0,1000.9999967968
"6509","Italy",5,"STRPNE_6D",2022,0,0,617.9999988258
"6510","Italy",5,"STRPNE_6D",2023,0,0,1055.9999959872
"6511","Italy",5,"STRPNE_6D",2024,0,0,1161.9999945386
"6512","Italy",5,"STRPNE_7",2012,0,0,464.999998977
"6513","Italy",5,"STRPNE_7",2013,0,0,517.9999989122
"6514","Italy",5,"STRPNE_7",2014,0,0,522.999998954
"6515","Italy",5,"STRPNE_7",2016,1.4941372856,0.167504180452261,891.9999975916
"6516","Italy",5,"STRPNE_7",2019,0,0,1000.9999967968
"6517","Italy",5,"STRPNE_7",2022,0,0,617.9999988258
"6518","Italy",5,"STRPNE_7",2024,2.7213113886,0.234192031100703,1161.9999945386
"6519","Italy",5,"STRPNE_7A",2012,3.4065933945,0.732600731611722,464.999998977
"6520","Italy",5,"STRPNE_7A",2014,1.8096885748,0.346020760692042,522.999998954
"6521","Italy",5,"STRPNE_7A",2015,1.7684728438,0.246305410886699,717.9999974152
"6522","Italy",5,"STRPNE_7A",2017,1.5494505369,0.15698587032967,986.9999979273
"6523","Italy",5,"STRPNE_7A",2018,4.542429255,0.499168051048253,909.999998089
"6524","Italy",5,"STRPNE_7A",2019,3.3534337837,0.335008371072027,1000.9999967968
"6525","Italy",5,"STRPNE_7A",2022,5.7354988032,0.928074241763341,617.9999988258
"6526","Italy",5,"STRPNE_7A",2023,2.8197596064,0.267022691014686,1055.9999959872
"6527","Italy",5,"STRPNE_7A",2024,8.1639343982,0.702576113302108,1161.9999945386
"6528","Italy",5,"STRPNE_7B",2012,0,0,464.999998977
"6529","Italy",5,"STRPNE_7B",2013,1.4153005272,0.273224040573771,517.9999989122
"6530","Italy",5,"STRPNE_7B",2014,1.8096885748,0.346020760692042,522.999998954
"6531","Italy",5,"STRPNE_7B",2015,0,0,717.9999974152
"6532","Italy",5,"STRPNE_7B",2016,0,0,891.9999975916
"6533","Italy",5,"STRPNE_7B",2017,1.5494505369,0.15698587032967,986.9999979273
"6534","Italy",5,"STRPNE_7B",2018,4.542429255,0.499168051048253,909.999998089
"6535","Italy",5,"STRPNE_7B",2019,0,0,1000.9999967968
"6536","Italy",5,"STRPNE_7B",2022,10.0371229674,1.62412993308585,617.9999988258
"6537","Italy",5,"STRPNE_7B",2023,7.0493991744,0.667556742536716,1055.9999959872
"6538","Italy",5,"STRPNE_7B",2024,5.4426228934,0.468384072201405,1161.9999945386
"6539","Italy",5,"STRPNE_7C",2012,0,0,464.999998977
"6540","Italy",5,"STRPNE_7C",2013,0,0,517.9999989122
"6541","Italy",5,"STRPNE_7C",2014,1.8096885748,0.346020760692042,522.999998954
"6542","Italy",5,"STRPNE_7C",2015,0,0,717.9999974152
"6543","Italy",5,"STRPNE_7C",2016,0,0,891.9999975916
"6544","Italy",5,"STRPNE_7C",2017,1.5494505369,0.15698587032967,986.9999979273
"6545","Italy",5,"STRPNE_7C",2018,1.514143085,0.166389350349418,909.999998089
"6546","Italy",5,"STRPNE_7C",2019,6.7068676675,0.670016752144054,1000.9999967968
"6547","Italy",5,"STRPNE_7C",2022,7.169373504,1.16009280220418,617.9999988258
"6548","Italy",5,"STRPNE_7C",2023,11.2790386368,1.06809078405874,1055.9999959872
"6549","Italy",5,"STRPNE_7C",2024,2.7213113886,0.234192031100703,1161.9999945386
"6550","Italy",5,"STRPNE_7F",2012,37.4725274325,8.05860806772894,464.999998977
"6551","Italy",5,"STRPNE_7F",2013,31.1366120128,6.01092897262295,517.9999989122
"6552","Italy",5,"STRPNE_7F",2014,27.1453286743,5.19031142038062,522.999998954
"6553","Italy",5,"STRPNE_7F",2015,10.6108374218,1.4778325153202,717.9999974152
"6554","Italy",5,"STRPNE_7F",2016,17.92964823,2.01005025542714,891.9999975916
"6555","Italy",5,"STRPNE_7F",2017,10.8461537583,1.09890109230769,986.9999979273
"6556","Italy",5,"STRPNE_7F",2018,10.599001595,1.16472545244592,909.999998089
"6557","Italy",5,"STRPNE_7F",2019,6.7068676675,0.670016752144054,1000.9999967968
"6558","Italy",5,"STRPNE_7F",2022,4.3016241024,0.696055681322506,617.9999988258
"6559","Italy",5,"STRPNE_7F",2023,2.8197596064,0.267022691014686,1055.9999959872
"6560","Italy",5,"STRPNE_7F",2024,6.8032786458,0.585480092751756,1161.9999945386
"6561","Italy",5,"STRPNE_8",2012,28.956043923,6.22710623369963,464.999998977
"6562","Italy",5,"STRPNE_8",2013,32.55191254,6.28415301319672,517.9999989122
"6563","Italy",5,"STRPNE_8",2014,45.2422145269,8.65051904730104,522.999998954
"6564","Italy",5,"STRPNE_8",2015,97.2660097836,13.5467980687685,717.9999974152
"6565","Italy",5,"STRPNE_8",2016,182.2847570496,20.4355109351759,891.9999975916
"6566","Italy",5,"STRPNE_8",2017,192.1318680561,19.4662480708791,986.9999979273
"6567","Italy",5,"STRPNE_8",2018,198.352745409,21.7970050357737,909.999998089
"6568","Italy",5,"STRPNE_8",2019,209.5896147345,20.9380235170017,1000.9999967968
"6569","Italy",5,"STRPNE_8",2022,113.276102043,18.329466384826,617.9999988258
"6570","Italy",5,"STRPNE_8",2023,138.1682241984,13.0841121897196,1055.9999959872
"6571","Italy",5,"STRPNE_8",2024,138.7868852342,11.9437939661358,1161.9999945386
"6572","Italy",5,"STRPNE_9",2012,0,0,464.999998977
"6573","Italy",5,"STRPNE_9",2013,1.4153005272,0.273224040573771,517.9999989122
"6574","Italy",5,"STRPNE_9",2014,0,0,522.999998954
"6575","Italy",5,"STRPNE_9",2015,0,0,717.9999974152
"6576","Italy",5,"STRPNE_9",2016,0,0,891.9999975916
"6577","Italy",5,"STRPNE_9",2017,1.5494505369,0.15698587032967,986.9999979273
"6578","Italy",5,"STRPNE_9",2018,1.514143085,0.166389350349418,909.999998089
"6579","Italy",5,"STRPNE_9",2019,1.6767168418,0.167504180536013,1000.9999967968
"6580","Italy",5,"STRPNE_9",2022,1.4338747008,0.232018560440835,617.9999988258
"6581","Italy",5,"STRPNE_9",2024,6.8032786458,0.585480092751756,1161.9999945386
"6582","Italy",5,"STRPNE_9A",2012,0,0,464.999998977
"6583","Italy",5,"STRPNE_9A",2013,0,0,517.9999989122
"6584","Italy",5,"STRPNE_9A",2014,0,0,522.999998954
"6585","Italy",5,"STRPNE_9A",2015,1.7684728438,0.246305410886699,717.9999974152
"6586","Italy",5,"STRPNE_9A",2016,1.4941372856,0.167504180452261,891.9999975916
"6587","Italy",5,"STRPNE_9A",2017,0,0,986.9999979273
"6588","Italy",5,"STRPNE_9A",2018,0,0,909.999998089
"6589","Italy",5,"STRPNE_9A",2019,3.3534337837,0.335008371072027,1000.9999967968
"6590","Italy",5,"STRPNE_9A",2022,0,0,617.9999988258
"6591","Italy",5,"STRPNE_9A",2023,1.4098797504,0.133511340507343,1055.9999959872
"6592","Italy",5,"STRPNE_9A",2024,1.3606556362,0.117096010550351,1161.9999945386
"6593","Italy",5,"STRPNE_9L",2013,0,0,517.9999989122
"6594","Italy",5,"STRPNE_9L",2014,0,0,522.999998954
"6595","Italy",5,"STRPNE_9L",2015,0,0,717.9999974152
"6596","Italy",5,"STRPNE_9L",2016,1.4941372856,0.167504180452261,891.9999975916
"6597","Italy",5,"STRPNE_9L",2017,6.1978021476,0.627943481318681,986.9999979273
"6598","Italy",5,"STRPNE_9L",2018,4.542429255,0.499168051048253,909.999998089
"6599","Italy",5,"STRPNE_9L",2019,5.0301507256,0.50251256160804,1000.9999967968
"6600","Italy",5,"STRPNE_9L",2022,0,0,617.9999988258
"6601","Italy",5,"STRPNE_9L",2023,2.8197596064,0.267022691014686,1055.9999959872
"6602","Italy",5,"STRPNE_9L",2024,8.1639343982,0.702576113302108,1161.9999945386
"6603","Italy",5,"STRPNE_9N",2012,3.4065933945,0.732600731611722,464.999998977
"6604","Italy",5,"STRPNE_9N",2013,4.2459016334,0.819672131721311,517.9999989122
"6605","Italy",5,"STRPNE_9N",2014,12.6678200236,2.42214532484429,522.999998954
"6606","Italy",5,"STRPNE_9N",2015,17.6847290124,2.46305418886699,717.9999974152
"6607","Italy",5,"STRPNE_9N",2016,29.88274705,3.35008375904523,891.9999975916
"6608","Italy",5,"STRPNE_9N",2017,29.4395603985,2.98273155626374,986.9999979273
"6609","Italy",5,"STRPNE_9N",2018,22.712146366,2.49584026524126,909.999998089
"6610","Italy",5,"STRPNE_9N",2019,28.5041875118,2.84757118911223,1000.9999967968
"6611","Italy",5,"STRPNE_9N",2022,20.0742459348,3.24825986617169,617.9999988258
"6612","Italy",5,"STRPNE_9N",2023,36.6568758336,3.47129507319092,1055.9999959872
"6613","Italy",5,"STRPNE_9N",2024,38.0983606024,3.27868853540984,1161.9999945386
"6614","Italy",5,"STRPNE_9V",2012,8.5164835095,1.8315018340293,464.999998977
"6615","Italy",5,"STRPNE_9V",2013,5.6612021606,1.09289617229508,517.9999989122
"6616","Italy",5,"STRPNE_9V",2014,5.4290657244,1.03806228207612,522.999998954
"6617","Italy",5,"STRPNE_9V",2015,7.0738915906,0.985221673546798,717.9999974152
"6618","Italy",5,"STRPNE_9V",2016,1.4941372856,0.167504180452261,891.9999975916
"6619","Italy",5,"STRPNE_9V",2017,1.5494505369,0.15698587032967,986.9999979273
"6620","Italy",5,"STRPNE_9V",2018,3.02828617,0.332778700698835,909.999998089
"6621","Italy",5,"STRPNE_9V",2019,3.3534337837,0.335008371072027,1000.9999967968
"6622","Italy",5,"STRPNE_9V",2022,0,0,617.9999988258
"6623","Italy",5,"STRPNE_9V",2023,2.8197596064,0.267022691014686,1055.9999959872
"6624","Italy",5,"STRPNE_9V",2024,1.3606556362,0.117096010550351,1161.9999945386
"6625","Italy",5,"STRPNE_NTYP",2012,3.4065933945,0.732600731611722,464.999998977
"6626","Italy",5,"STRPNE_NTYP",2013,1.4153005272,0.273224040573771,517.9999989122
"6627","Italy",5,"STRPNE_NTYP",2014,7.2387542992,1.38408304276817,522.999998954
"6628","Italy",5,"STRPNE_NTYP",2015,15.9162560968,2.2167487679803,717.9999974152
"6629","Italy",5,"STRPNE_NTYP",2016,5.97654941,0.670016751809045,891.9999975916
"6630","Italy",5,"STRPNE_NTYP",2017,18.5934065415,1.88383045395604,986.9999979273
"6631","Italy",5,"STRPNE_NTYP",2018,0,0,909.999998089
"6632","Italy",5,"STRPNE_NTYP",2019,0,0,1000.9999967968
"6633","Italy",5,"STRPNE_NTYP",2022,1.4338747008,0.232018560440835,617.9999988258
"6634","Italy",5,"STRPNE_NTYP",2023,0,0,1055.9999959872
"6635","Italy",5,"STRPNE_NTYP",2024,2.7213113886,0.234192031100703,1161.9999945386
"6636","Netherlands",5,"STRPNE_1",2010,16.9999999884,5.72390572744108,296.9999996139
"6637","Netherlands",5,"STRPNE_1",2011,10.9999999816,3.34346504468085,328.9999995394
"6638","Netherlands",5,"STRPNE_1",2012,18.9999999945,5.32212886064426,356.999999286
"6639","Netherlands",5,"STRPNE_1",2013,12.0319148872,3.19148936574468,376.9999993214
"6640","Netherlands",5,"STRPNE_1",2014,15.9999999804,5.11182109175719,312.9999992801
"6641","Netherlands",5,"STRPNE_1",2015,13.9999999812,3.48258706731343,401.9999991558
"6642","Netherlands",5,"STRPNE_1",2016,5.9999999835,1.53452685276215,390.9999992962
"6643","Netherlands",5,"STRPNE_1",2017,3.0081521691,0.815217390652174,368.9999997048
"6644","Netherlands",5,"STRPNE_1",2018,2.0046838196,0.468384071217799,427.9999988872
"6645","Netherlands",5,"STRPNE_1",2019,0,0,364.9999994525
"6646","Netherlands",5,"STRPNE_1",2020,0,0,219.999999626
"6647","Netherlands",5,"STRPNE_1",2021,0,0,201
"6648","Netherlands",5,"STRPNE_1",2022,0,0,320.999999037
"6649","Netherlands",5,"STRPNE_1",2023,0,0,1230.9999981535
"6650","Netherlands",5,"STRPNE_1",2024,1.0109460144,0.0781860801563722,1292.999997414
"6651","Netherlands",5,"STRPNE_10",2010,0,0,296.9999996139
"6652","Netherlands",5,"STRPNE_10",2011,0,0,328.9999995394
"6653","Netherlands",5,"STRPNE_10",2012,0,0,356.999999286
"6654","Netherlands",5,"STRPNE_10",2013,0,0,376.9999993214
"6655","Netherlands",5,"STRPNE_10",2014,0,0,312.9999992801
"6656","Netherlands",5,"STRPNE_10",2015,0,0,401.9999991558
"6657","Netherlands",5,"STRPNE_10",2016,0,0,390.9999992962
"6658","Netherlands",5,"STRPNE_10",2018,0,0,427.9999988872
"6659","Netherlands",5,"STRPNE_10",2019,0,0,364.9999994525
"6660","Netherlands",5,"STRPNE_10",2020,0,0,219.999999626
"6661","Netherlands",5,"STRPNE_10",2022,0,0,320.999999037
"6662","Netherlands",5,"STRPNE_10",2023,0,0,1230.9999981535
"6663","Netherlands",5,"STRPNE_10",2024,0,0,1292.999997414
"6664","Netherlands",5,"STRPNE_10A",2010,6.9999999795,2.35690235306397,296.9999996139
"6665","Netherlands",5,"STRPNE_10A",2011,6.9999999853,2.12765957297872,328.9999995394
"6666","Netherlands",5,"STRPNE_10A",2012,4.9999999854,1.40056022280112,356.999999286
"6667","Netherlands",5,"STRPNE_10A",2013,4.0106382706,1.06382978191489,376.9999993214
"6668","Netherlands",5,"STRPNE_10A",2014,10.9999999787,3.51437699808307,312.9999992801
"6669","Netherlands",5,"STRPNE_10A",2015,8.9999999994,2.23880597470149,401.9999991558
"6670","Netherlands",5,"STRPNE_10A",2016,7.999999978,2.04603580368286,390.9999992962
"6671","Netherlands",5,"STRPNE_10A",2017,8.0217391176,2.17391304173913,368.9999997048
"6672","Netherlands",5,"STRPNE_10A",2018,7.0163934328,1.6393442642623,427.9999988872
"6673","Netherlands",5,"STRPNE_10A",2019,5.027548179,1.37741046206612,364.9999994525
"6674","Netherlands",5,"STRPNE_10A",2020,9.041095888,4.1095890469863,219.999999626
"6675","Netherlands",5,"STRPNE_10A",2021,3.015,1.5,201
"6676","Netherlands",5,"STRPNE_10A",2022,6.9999999735,2.18068535654206,320.999999037
"6677","Netherlands",5,"STRPNE_10A",2023,28.0912795429,2.28198859342298,1230.9999981535
"6678","Netherlands",5,"STRPNE_10A",2024,37.4050038258,2.89288506578577,1292.999997414
"6679","Netherlands",5,"STRPNE_10B",2010,0,0,296.9999996139
"6680","Netherlands",5,"STRPNE_10B",2011,0,0,328.9999995394
"6681","Netherlands",5,"STRPNE_10B",2012,0,0,356.999999286
"6682","Netherlands",5,"STRPNE_10B",2013,0,0,376.9999993214
"6683","Netherlands",5,"STRPNE_10B",2014,0,0,312.9999992801
"6684","Netherlands",5,"STRPNE_10B",2015,0,0,401.9999991558
"6685","Netherlands",5,"STRPNE_10B",2016,0,0,390.9999992962
"6686","Netherlands",5,"STRPNE_10B",2017,1.0027173897,0.271739130217391,368.9999997048
"6687","Netherlands",5,"STRPNE_10B",2018,1.0023418884,0.234192030608899,427.9999988872
"6688","Netherlands",5,"STRPNE_10B",2019,2.011019257,0.550964180826446,364.9999994525
"6689","Netherlands",5,"STRPNE_10B",2020,0,0,219.999999626
"6690","Netherlands",5,"STRPNE_10B",2021,1.005,0.5,201
"6691","Netherlands",5,"STRPNE_10B",2022,0.9999999687,0.311526470934579,320.999999037
"6692","Netherlands",5,"STRPNE_10B",2023,5.0162998876,0.407497960611247,1230.9999981535
"6693","Netherlands",5,"STRPNE_10B",2024,5.0547302013,0.390930410781861,1292.999997414
"6694","Netherlands",5,"STRPNE_10C",2013,0,0,376.9999993214
"6695","Netherlands",5,"STRPNE_10C",2017,0,0,368.9999997048
"6696","Netherlands",5,"STRPNE_10C",2018,0,0,427.9999988872
"6697","Netherlands",5,"STRPNE_10C",2020,0,0,219.999999626
"6698","Netherlands",5,"STRPNE_10C",2022,0,0,320.999999037
"6699","Netherlands",5,"STRPNE_10C",2023,0,0,1230.9999981535
"6700","Netherlands",5,"STRPNE_10F",2010,0,0,296.9999996139
"6701","Netherlands",5,"STRPNE_10F",2011,0,0,328.9999995394
"6702","Netherlands",5,"STRPNE_10F",2012,0,0,356.999999286
"6703","Netherlands",5,"STRPNE_10F",2013,0,0,376.9999993214
"6704","Netherlands",5,"STRPNE_10F",2014,0,0,312.9999992801
"6705","Netherlands",5,"STRPNE_10F",2015,0,0,401.9999991558
"6706","Netherlands",5,"STRPNE_10F",2016,0,0,390.9999992962
"6707","Netherlands",5,"STRPNE_10F",2017,0,0,368.9999997048
"6708","Netherlands",5,"STRPNE_10F",2018,0,0,427.9999988872
"6709","Netherlands",5,"STRPNE_10F",2019,0,0,364.9999994525
"6710","Netherlands",5,"STRPNE_10F",2020,0,0,219.999999626
"6711","Netherlands",5,"STRPNE_10F",2021,0,0,201
"6712","Netherlands",5,"STRPNE_10F",2024,0,0,1292.999997414
"6713","Netherlands",5,"STRPNE_11",2010,0,0,296.9999996139
"6714","Netherlands",5,"STRPNE_11",2011,0,0,328.9999995394
"6715","Netherlands",5,"STRPNE_11",2012,0,0,356.999999286
"6716","Netherlands",5,"STRPNE_11",2013,0,0,376.9999993214
"6717","Netherlands",5,"STRPNE_11",2014,0,0,312.9999992801
"6718","Netherlands",5,"STRPNE_11",2015,0,0,401.9999991558
"6719","Netherlands",5,"STRPNE_11",2016,0,0,390.9999992962
"6720","Netherlands",5,"STRPNE_11",2017,0,0,368.9999997048
"6721","Netherlands",5,"STRPNE_11",2019,0,0,364.9999994525
"6722","Netherlands",5,"STRPNE_11",2021,0,0,201
"6723","Netherlands",5,"STRPNE_11",2022,0,0,320.999999037
"6724","Netherlands",5,"STRPNE_11",2023,0,0,1230.9999981535
"6725","Netherlands",5,"STRPNE_11",2024,0,0,1292.999997414
"6726","Netherlands",5,"STRPNE_11A",2010,6.9999999795,2.35690235306397,296.9999996139
"6727","Netherlands",5,"STRPNE_11A",2011,8.9999999999,2.73556231382979,328.9999995394
"6728","Netherlands",5,"STRPNE_11A",2012,9.9999999708,2.80112044560224,356.999999286
"6729","Netherlands",5,"STRPNE_11A",2013,10.0265957142,2.65957446478723,376.9999993214
"6730","Netherlands",5,"STRPNE_11A",2014,4.9999999704,1.59744408367412,312.9999992801
"6731","Netherlands",5,"STRPNE_11A",2015,5.9999999862,1.49253731313433,401.9999991558
"6732","Netherlands",5,"STRPNE_11A",2016,2.9999999722,0.767263421381074,390.9999992962
"6733","Netherlands",5,"STRPNE_11A",2017,5.0135869485,1.35869565108696,368.9999997048
"6734","Netherlands",5,"STRPNE_11A",2018,6.0140515016,1.4051522236534,427.9999988872
"6735","Netherlands",5,"STRPNE_11A",2019,3.016528922,0.826446281239669,364.9999994525
"6736","Netherlands",5,"STRPNE_11A",2020,7.031963466,3.19634703543379,219.999999626
"6737","Netherlands",5,"STRPNE_11A",2021,4.02,2,201
"6738","Netherlands",5,"STRPNE_11A",2022,3.9999999711,1.24610591373832,320.999999037
"6739","Netherlands",5,"STRPNE_11A",2023,23.0749795322,1.87449062281174,1230.9999981535
"6740","Netherlands",5,"STRPNE_11A",2024,24.2627051214,1.87646598375293,1292.999997414
"6741","Netherlands",5,"STRPNE_11A/D",2023,0,0,1230.9999981535
"6742","Netherlands",5,"STRPNE_11B",2010,0,0,296.9999996139
"6743","Netherlands",5,"STRPNE_11B",2011,0,0,328.9999995394
"6744","Netherlands",5,"STRPNE_11B",2013,0,0,376.9999993214
"6745","Netherlands",5,"STRPNE_11B",2014,0,0,312.9999992801
"6746","Netherlands",5,"STRPNE_11B",2015,0,0,401.9999991558
"6747","Netherlands",5,"STRPNE_11B",2016,0,0,390.9999992962
"6748","Netherlands",5,"STRPNE_11B",2017,0,0,368.9999997048
"6749","Netherlands",5,"STRPNE_11B",2018,0,0,427.9999988872
"6750","Netherlands",5,"STRPNE_11B",2019,0,0,364.9999994525
"6751","Netherlands",5,"STRPNE_11B",2020,0,0,219.999999626
"6752","Netherlands",5,"STRPNE_11B",2022,0,0,320.999999037
"6753","Netherlands",5,"STRPNE_11B",2023,1.0032599529,0.0814995901222494,1230.9999981535
"6754","Netherlands",5,"STRPNE_11B",2024,0,0,1292.999997414
"6755","Netherlands",5,"STRPNE_11C",2011,0,0,328.9999995394
"6756","Netherlands",5,"STRPNE_11C",2012,0,0,356.999999286
"6757","Netherlands",5,"STRPNE_11C",2013,0,0,376.9999993214
"6758","Netherlands",5,"STRPNE_11C",2014,0,0,312.9999992801
"6759","Netherlands",5,"STRPNE_11C",2015,0,0,401.9999991558
"6760","Netherlands",5,"STRPNE_11C",2016,0,0,390.9999992962
"6761","Netherlands",5,"STRPNE_11C",2017,0,0,368.9999997048
"6762","Netherlands",5,"STRPNE_11C",2018,0,0,427.9999988872
"6763","Netherlands",5,"STRPNE_11C",2021,0,0,201
"6764","Netherlands",5,"STRPNE_11C",2023,0,0,1230.9999981535
"6765","Netherlands",5,"STRPNE_11D",2010,0,0,296.9999996139
"6766","Netherlands",5,"STRPNE_11D",2011,0,0,328.9999995394
"6767","Netherlands",5,"STRPNE_11D",2015,0,0,401.9999991558
"6768","Netherlands",5,"STRPNE_11D",2017,0,0,368.9999997048
"6769","Netherlands",5,"STRPNE_11D",2018,0,0,427.9999988872
"6770","Netherlands",5,"STRPNE_11D",2019,3.016528922,0.826446281239669,364.9999994525
"6771","Netherlands",5,"STRPNE_11D",2020,1.0045662,0.456621000776256,219.999999626
"6772","Netherlands",5,"STRPNE_11D",2021,1.005,0.5,201
"6773","Netherlands",5,"STRPNE_11D",2022,0,0,320.999999037
"6774","Netherlands",5,"STRPNE_11D",2023,1.0032599529,0.0814995901222494,1230.9999981535
"6775","Netherlands",5,"STRPNE_11D",2024,0,0,1292.999997414
"6776","Netherlands",5,"STRPNE_11E",2019,0,0,364.9999994525
"6777","Netherlands",5,"STRPNE_11E",2022,0,0,320.999999037
"6778","Netherlands",5,"STRPNE_11E",2024,0,0,1292.999997414
"6779","Netherlands",5,"STRPNE_11F",2010,0,0,296.9999996139
"6780","Netherlands",5,"STRPNE_11F",2011,0,0,328.9999995394
"6781","Netherlands",5,"STRPNE_11F",2012,0,0,356.999999286
"6782","Netherlands",5,"STRPNE_11F",2018,0,0,427.9999988872
"6783","Netherlands",5,"STRPNE_11F",2024,0,0,1292.999997414
"6784","Netherlands",5,"STRPNE_12",2010,0,0,296.9999996139
"6785","Netherlands",5,"STRPNE_12",2011,0,0,328.9999995394
"6786","Netherlands",5,"STRPNE_12",2012,0,0,356.999999286
"6787","Netherlands",5,"STRPNE_12",2013,0,0,376.9999993214
"6788","Netherlands",5,"STRPNE_12",2014,0,0,312.9999992801
"6789","Netherlands",5,"STRPNE_12",2015,0,0,401.9999991558
"6790","Netherlands",5,"STRPNE_12",2016,0,0,390.9999992962
"6791","Netherlands",5,"STRPNE_12",2017,0,0,368.9999997048
"6792","Netherlands",5,"STRPNE_12",2018,0,0,427.9999988872
"6793","Netherlands",5,"STRPNE_12",2019,0,0,364.9999994525
"6794","Netherlands",5,"STRPNE_12",2022,0,0,320.999999037
"6795","Netherlands",5,"STRPNE_12",2024,0,0,1292.999997414
"6796","Netherlands",5,"STRPNE_12A",2010,0,0,296.9999996139
"6797","Netherlands",5,"STRPNE_12A",2012,0,0,356.999999286
"6798","Netherlands",5,"STRPNE_12A",2013,0,0,376.9999993214
"6799","Netherlands",5,"STRPNE_12A",2015,0,0,401.9999991558
"6800","Netherlands",5,"STRPNE_12A",2017,0,0,368.9999997048
"6801","Netherlands",5,"STRPNE_12A",2018,1.0023418884,0.234192030608899,427.9999988872
"6802","Netherlands",5,"STRPNE_12A",2022,0,0,320.999999037
"6803","Netherlands",5,"STRPNE_12A",2023,0,0,1230.9999981535
"6804","Netherlands",5,"STRPNE_12A",2024,0,0,1292.999997414
"6805","Netherlands",5,"STRPNE_12B",2010,0,0,296.9999996139
"6806","Netherlands",5,"STRPNE_12B",2011,0,0,328.9999995394
"6807","Netherlands",5,"STRPNE_12B",2012,0,0,356.999999286
"6808","Netherlands",5,"STRPNE_12B",2013,0,0,376.9999993214
"6809","Netherlands",5,"STRPNE_12B",2014,0,0,312.9999992801
"6810","Netherlands",5,"STRPNE_12B",2015,0,0,401.9999991558
"6811","Netherlands",5,"STRPNE_12B",2016,0,0,390.9999992962
"6812","Netherlands",5,"STRPNE_12B",2017,0,0,368.9999997048
"6813","Netherlands",5,"STRPNE_12B",2018,0,0,427.9999988872
"6814","Netherlands",5,"STRPNE_12B",2019,0,0,364.9999994525
"6815","Netherlands",5,"STRPNE_12B",2020,0,0,219.999999626
"6816","Netherlands",5,"STRPNE_12B",2021,0,0,201
"6817","Netherlands",5,"STRPNE_12B",2022,0,0,320.999999037
"6818","Netherlands",5,"STRPNE_12B",2023,0,0,1230.9999981535
"6819","Netherlands",5,"STRPNE_12B",2024,0,0,1292.999997414
"6820","Netherlands",5,"STRPNE_12F",2010,7.9999999893,2.69360269350168,296.9999996139
"6821","Netherlands",5,"STRPNE_12F",2011,19.9999999815,6.07902735851064,328.9999995394
"6822","Netherlands",5,"STRPNE_12F",2012,12.9999999906,3.64145658728291,356.999999286
"6823","Netherlands",5,"STRPNE_12F",2013,19.0505318796,5.05319148909574,376.9999993214
"6824","Netherlands",5,"STRPNE_12F",2014,14.9999999738,4.79233227102236,312.9999992801
"6825","Netherlands",5,"STRPNE_12F",2015,13.9999999812,3.48258706731343,401.9999991558
"6826","Netherlands",5,"STRPNE_12F",2016,14.9999999783,3.83631713690537,390.9999992962
"6827","Netherlands",5,"STRPNE_12F",2017,16.0434782352,4.34782608347826,368.9999997048
"6828","Netherlands",5,"STRPNE_12F",2018,16.0374706852,3.74707259974239,427.9999988872
"6829","Netherlands",5,"STRPNE_12F",2019,13.0716253165,3.5812672153719,364.9999994525
"6830","Netherlands",5,"STRPNE_12F",2020,8.036529666,3.65296803621005,219.999999626
"6831","Netherlands",5,"STRPNE_12F",2021,1.005,0.5,201
"6832","Netherlands",5,"STRPNE_12F",2022,1.9999999695,0.623052951869159,320.999999037
"6833","Netherlands",5,"STRPNE_12F",2023,45.1466992346,3.66748166550122,1230.9999981535
"6834","Netherlands",5,"STRPNE_12F",2024,46.5035183433,3.59655981719312,1292.999997414
"6835","Netherlands",5,"STRPNE_13",2010,0,0,296.9999996139
"6836","Netherlands",5,"STRPNE_13",2011,0,0,328.9999995394
"6837","Netherlands",5,"STRPNE_13",2012,0,0,356.999999286
"6838","Netherlands",5,"STRPNE_13",2013,0,0,376.9999993214
"6839","Netherlands",5,"STRPNE_13",2014,0,0,312.9999992801
"6840","Netherlands",5,"STRPNE_13",2015,0,0,401.9999991558
"6841","Netherlands",5,"STRPNE_13",2016,0,0,390.9999992962
"6842","Netherlands",5,"STRPNE_13",2017,0,0,368.9999997048
"6843","Netherlands",5,"STRPNE_13",2018,0,0,427.9999988872
"6844","Netherlands",5,"STRPNE_13",2019,0,0,364.9999994525
"6845","Netherlands",5,"STRPNE_13",2020,0,0,219.999999626
"6846","Netherlands",5,"STRPNE_13",2021,1.005,0.5,201
"6847","Netherlands",5,"STRPNE_13",2022,0,0,320.999999037
"6848","Netherlands",5,"STRPNE_13",2023,2.0065199058,0.162999180244499,1230.9999981535
"6849","Netherlands",5,"STRPNE_13",2024,0,0,1292.999997414
"6850","Netherlands",5,"STRPNE_14",2010,11.9999999988,4.04040404525253,296.9999996139
"6851","Netherlands",5,"STRPNE_14",2011,6.9999999853,2.12765957297872,328.9999995394
"6852","Netherlands",5,"STRPNE_14",2012,7.9999999695,2.24089635448179,356.999999286
"6853","Netherlands",5,"STRPNE_14",2013,3.0079787218,0.79787234143617,376.9999993214
"6854","Netherlands",5,"STRPNE_14",2014,0.9999999753,0.319488810734824,312.9999992801
"6855","Netherlands",5,"STRPNE_14",2015,5.9999999862,1.49253731313433,401.9999991558
"6856","Netherlands",5,"STRPNE_14",2016,7.999999978,2.04603580368286,390.9999992962
"6857","Netherlands",5,"STRPNE_14",2017,3.0081521691,0.815217390652174,368.9999997048
"6858","Netherlands",5,"STRPNE_14",2018,1.0023418884,0.234192030608899,427.9999988872
"6859","Netherlands",5,"STRPNE_14",2019,3.016528922,0.826446281239669,364.9999994525
"6860","Netherlands",5,"STRPNE_14",2020,5.022831044,2.28310502388128,219.999999626
"6861","Netherlands",5,"STRPNE_14",2021,0,0,201
"6862","Netherlands",5,"STRPNE_14",2022,1.9999999695,0.623052951869159,320.999999037
"6863","Netherlands",5,"STRPNE_14",2023,7.0228197934,0.570497140855746,1230.9999981535
"6864","Netherlands",5,"STRPNE_14",2024,34.3721656533,2.65832681531665,1292.999997414
"6865","Netherlands",5,"STRPNE_15",2010,0,0,296.9999996139
"6866","Netherlands",5,"STRPNE_15",2011,0,0,328.9999995394
"6867","Netherlands",5,"STRPNE_15",2012,0,0,356.999999286
"6868","Netherlands",5,"STRPNE_15",2013,0,0,376.9999993214
"6869","Netherlands",5,"STRPNE_15",2014,0,0,312.9999992801
"6870","Netherlands",5,"STRPNE_15",2015,0,0,401.9999991558
"6871","Netherlands",5,"STRPNE_15",2016,0,0,390.9999992962
"6872","Netherlands",5,"STRPNE_15",2017,0,0,368.9999997048
"6873","Netherlands",5,"STRPNE_15",2018,0,0,427.9999988872
"6874","Netherlands",5,"STRPNE_15",2019,0,0,364.9999994525
"6875","Netherlands",5,"STRPNE_15",2020,0,0,219.999999626
"6876","Netherlands",5,"STRPNE_15",2021,0,0,201
"6877","Netherlands",5,"STRPNE_15",2022,0,0,320.999999037
"6878","Netherlands",5,"STRPNE_15",2023,0,0,1230.9999981535
"6879","Netherlands",5,"STRPNE_15",2024,0,0,1292.999997414
"6880","Netherlands",5,"STRPNE_15A",2010,0,0,296.9999996139
"6881","Netherlands",5,"STRPNE_15A",2011,0.9999999744,0.303951360425532,328.9999995394
"6882","Netherlands",5,"STRPNE_15A",2012,5.9999999682,1.68067226336134,356.999999286
"6883","Netherlands",5,"STRPNE_15A",2013,11.0292553007,2.92553191526596,376.9999993214
"6884","Netherlands",5,"STRPNE_15A",2014,10.9999999787,3.51437699808307,312.9999992801
"6885","Netherlands",5,"STRPNE_15A",2015,14.9999999856,3.73134328783582,401.9999991558
"6886","Netherlands",5,"STRPNE_15A",2016,15.9999999951,4.09207161736573,390.9999992962
"6887","Netherlands",5,"STRPNE_15A",2017,10.027173897,2.71739130217391,368.9999997048
"6888","Netherlands",5,"STRPNE_15A",2018,9.0210772524,2.10772833548009,427.9999988872
"6889","Netherlands",5,"STRPNE_15A",2019,10.0550963945,2.75482093413223,364.9999994525
"6890","Netherlands",5,"STRPNE_15A",2020,5.022831044,2.28310502388128,219.999999626
"6891","Netherlands",5,"STRPNE_15A",2021,4.02,2,201
"6892","Netherlands",5,"STRPNE_15A",2022,8.9999999751,2.80373831841121,320.999999037
"6893","Netherlands",5,"STRPNE_15A",2023,25.0814995611,2.03748981305623,1230.9999981535
"6894","Netherlands",5,"STRPNE_15A",2024,35.383111797,2.73651290547303,1292.999997414
"6895","Netherlands",5,"STRPNE_15B",2010,2.9999999997,1.01010101131313,296.9999996139
"6896","Netherlands",5,"STRPNE_15B",2011,3.9999999963,1.21580547170213,328.9999995394
"6897","Netherlands",5,"STRPNE_15B",2012,0,0,356.999999286
"6898","Netherlands",5,"STRPNE_15B",2013,4.0106382706,1.06382978191489,376.9999993214
"6899","Netherlands",5,"STRPNE_15B",2014,3.9999999951,1.2779552729393,312.9999992801
"6900","Netherlands",5,"STRPNE_15B",2015,1.9999999686,0.497512431044776,401.9999991558
"6901","Netherlands",5,"STRPNE_15B",2016,3.999999989,1.02301790184143,390.9999992962
"6902","Netherlands",5,"STRPNE_15B",2017,6.0163043382,1.63043478130435,368.9999997048
"6903","Netherlands",5,"STRPNE_15B",2018,7.0163934328,1.6393442642623,427.9999988872
"6904","Netherlands",5,"STRPNE_15B",2019,7.0385674725,1.92837465289256,364.9999994525
"6905","Netherlands",5,"STRPNE_15B",2020,2.0091324,0.913242001552511,219.999999626
"6906","Netherlands",5,"STRPNE_15B",2021,5.025,2.5,201
"6907","Netherlands",5,"STRPNE_15B",2022,1.9999999695,0.623052951869159,320.999999037
"6908","Netherlands",5,"STRPNE_15B",2023,12.0391198041,0.977995111466993,1230.9999981535
"6909","Netherlands",5,"STRPNE_15B",2024,14.1532447188,1.09460516218921,1292.999997414
"6910","Netherlands",5,"STRPNE_15B/C",2012,0,0,356.999999286
"6911","Netherlands",5,"STRPNE_15B/C",2013,0,0,376.9999993214
"6912","Netherlands",5,"STRPNE_15B/C",2014,0,0,312.9999992801
"6913","Netherlands",5,"STRPNE_15B/C",2015,0,0,401.9999991558
"6914","Netherlands",5,"STRPNE_15B/C",2016,0,0,390.9999992962
"6915","Netherlands",5,"STRPNE_15B/C",2017,0,0,368.9999997048
"6916","Netherlands",5,"STRPNE_15B/C",2018,0,0,427.9999988872
"6917","Netherlands",5,"STRPNE_15B/C",2019,0,0,364.9999994525
"6918","Netherlands",5,"STRPNE_15B/C",2020,0,0,219.999999626
"6919","Netherlands",5,"STRPNE_15B/C",2021,0,0,201
"6920","Netherlands",5,"STRPNE_15B/C",2022,0,0,320.999999037
"6921","Netherlands",5,"STRPNE_15B/C",2023,0,0,1230.9999981535
"6922","Netherlands",5,"STRPNE_15B/C",2024,0,0,1292.999997414
"6923","Netherlands",5,"STRPNE_15C",2010,0.9999999801,0.33670033043771,296.9999996139
"6924","Netherlands",5,"STRPNE_15C",2011,0,0,328.9999995394
"6925","Netherlands",5,"STRPNE_15C",2012,0.9999999828,0.280112040560224,356.999999286
"6926","Netherlands",5,"STRPNE_15C",2013,2.0053191353,0.531914890957447,376.9999993214
"6927","Netherlands",5,"STRPNE_15C",2014,2.9999999885,0.958466452204473,312.9999992801
"6928","Netherlands",5,"STRPNE_15C",2015,1.9999999686,0.497512431044776,401.9999991558
"6929","Netherlands",5,"STRPNE_15C",2016,1.9999999945,0.511508950920716,390.9999992962
"6930","Netherlands",5,"STRPNE_15C",2017,0,0,368.9999997048
"6931","Netherlands",5,"STRPNE_15C",2018,1.0023418884,0.234192030608899,427.9999988872
"6932","Netherlands",5,"STRPNE_15C",2019,3.016528922,0.826446281239669,364.9999994525
"6933","Netherlands",5,"STRPNE_15C",2020,0,0,219.999999626
"6934","Netherlands",5,"STRPNE_15C",2021,0,0,201
"6935","Netherlands",5,"STRPNE_15C",2022,3.9999999711,1.24610591373832,320.999999037
"6936","Netherlands",5,"STRPNE_15C",2023,8.0260798694,0.651996740977995,1230.9999981535
"6937","Netherlands",5,"STRPNE_15C",2024,9.0985143882,0.703674741407349,1292.999997414
"6938","Netherlands",5,"STRPNE_15F",2010,0,0,296.9999996139
"6939","Netherlands",5,"STRPNE_15F",2011,0,0,328.9999995394
"6940","Netherlands",5,"STRPNE_15F",2012,0,0,356.999999286
"6941","Netherlands",5,"STRPNE_15F",2013,0,0,376.9999993214
"6942","Netherlands",5,"STRPNE_15F",2014,0,0,312.9999992801
"6943","Netherlands",5,"STRPNE_15F",2015,0,0,401.9999991558
"6944","Netherlands",5,"STRPNE_15F",2016,0.9999999777,0.255754470460358,390.9999992962
"6945","Netherlands",5,"STRPNE_15F",2017,0,0,368.9999997048
"6946","Netherlands",5,"STRPNE_15F",2018,0,0,427.9999988872
"6947","Netherlands",5,"STRPNE_15F",2021,0,0,201
"6948","Netherlands",5,"STRPNE_15F",2022,0,0,320.999999037
"6949","Netherlands",5,"STRPNE_15F",2023,0,0,1230.9999981535
"6950","Netherlands",5,"STRPNE_15F",2024,0,0,1292.999997414
"6951","Netherlands",5,"STRPNE_16",2010,0,0,296.9999996139
"6952","Netherlands",5,"STRPNE_16",2011,0,0,328.9999995394
"6953","Netherlands",5,"STRPNE_16",2012,0,0,356.999999286
"6954","Netherlands",5,"STRPNE_16",2013,0,0,376.9999993214
"6955","Netherlands",5,"STRPNE_16",2014,0,0,312.9999992801
"6956","Netherlands",5,"STRPNE_16",2016,0,0,390.9999992962
"6957","Netherlands",5,"STRPNE_16",2017,0,0,368.9999997048
"6958","Netherlands",5,"STRPNE_16",2018,0,0,427.9999988872
"6959","Netherlands",5,"STRPNE_16",2019,0,0,364.9999994525
"6960","Netherlands",5,"STRPNE_16",2022,0,0,320.999999037
"6961","Netherlands",5,"STRPNE_16",2023,0,0,1230.9999981535
"6962","Netherlands",5,"STRPNE_16",2024,0,0,1292.999997414
"6963","Netherlands",5,"STRPNE_16A",2013,0,0,376.9999993214
"6964","Netherlands",5,"STRPNE_16A",2014,0,0,312.9999992801
"6965","Netherlands",5,"STRPNE_16A",2015,0,0,401.9999991558
"6966","Netherlands",5,"STRPNE_16A",2017,0,0,368.9999997048
"6967","Netherlands",5,"STRPNE_16A",2018,0,0,427.9999988872
"6968","Netherlands",5,"STRPNE_16A",2019,0,0,364.9999994525
"6969","Netherlands",5,"STRPNE_16A",2021,0,0,201
"6970","Netherlands",5,"STRPNE_16A",2022,0,0,320.999999037
"6971","Netherlands",5,"STRPNE_16A",2023,0,0,1230.9999981535
"6972","Netherlands",5,"STRPNE_16A",2024,0,0,1292.999997414
"6973","Netherlands",5,"STRPNE_16F",2010,7.9999999893,2.69360269350168,296.9999996139
"6974","Netherlands",5,"STRPNE_16F",2011,5.999999978,1.82370820255319,328.9999995394
"6975","Netherlands",5,"STRPNE_16F",2012,1.9999999656,0.560224081120448,356.999999286
"6976","Netherlands",5,"STRPNE_16F",2013,5.0132978571,1.32978723239362,376.9999993214
"6977","Netherlands",5,"STRPNE_16F",2014,2.9999999885,0.958466452204473,312.9999992801
"6978","Netherlands",5,"STRPNE_16F",2015,0.9999999642,0.248756210522388,401.9999991558
"6979","Netherlands",5,"STRPNE_16F",2016,7.999999978,2.04603580368286,390.9999992962
"6980","Netherlands",5,"STRPNE_16F",2017,4.0108695588,1.08695652086957,368.9999997048
"6981","Netherlands",5,"STRPNE_16F",2018,4.0093676392,0.936768142435597,427.9999988872
"6982","Netherlands",5,"STRPNE_16F",2019,1.0055096285,0.275482090413223,364.9999994525
"6983","Netherlands",5,"STRPNE_16F",2020,2.0091324,0.913242001552511,219.999999626
"6984","Netherlands",5,"STRPNE_16F",2021,4.02,2,201
"6985","Netherlands",5,"STRPNE_16F",2022,6.9999999735,2.18068535654206,320.999999037
"6986","Netherlands",5,"STRPNE_16F",2023,18.0586796446,1.46699266220049,1230.9999981535
"6987","Netherlands",5,"STRPNE_16F",2024,21.2298670782,1.64190774328382,1292.999997414
"6988","Netherlands",5,"STRPNE_17",2010,0,0,296.9999996139
"6989","Netherlands",5,"STRPNE_17",2011,0,0,328.9999995394
"6990","Netherlands",5,"STRPNE_17",2012,0,0,356.999999286
"6991","Netherlands",5,"STRPNE_17",2013,0,0,376.9999993214
"6992","Netherlands",5,"STRPNE_17",2014,0,0,312.9999992801
"6993","Netherlands",5,"STRPNE_17",2017,0,0,368.9999997048
"6994","Netherlands",5,"STRPNE_17",2022,0,0,320.999999037
"6995","Netherlands",5,"STRPNE_17A",2010,0,0,296.9999996139
"6996","Netherlands",5,"STRPNE_17A",2011,0,0,328.9999995394
"6997","Netherlands",5,"STRPNE_17A",2012,0,0,356.999999286
"6998","Netherlands",5,"STRPNE_17A",2013,0,0,376.9999993214
"6999","Netherlands",5,"STRPNE_17A",2014,0,0,312.9999992801
"7000","Netherlands",5,"STRPNE_17A",2015,0,0,401.9999991558
"7001","Netherlands",5,"STRPNE_17A",2016,0,0,390.9999992962
"7002","Netherlands",5,"STRPNE_17A",2017,0,0,368.9999997048
"7003","Netherlands",5,"STRPNE_17A",2018,0,0,427.9999988872
"7004","Netherlands",5,"STRPNE_17A",2019,0,0,364.9999994525
"7005","Netherlands",5,"STRPNE_17A",2020,0,0,219.999999626
"7006","Netherlands",5,"STRPNE_17A",2021,0,0,201
"7007","Netherlands",5,"STRPNE_17A",2022,0,0,320.999999037
"7008","Netherlands",5,"STRPNE_17A",2023,0,0,1230.9999981535
"7009","Netherlands",5,"STRPNE_17A",2024,0,0,1292.999997414
"7010","Netherlands",5,"STRPNE_17A/35B/C",2023,0,0,1230.9999981535
"7011","Netherlands",5,"STRPNE_17F",2010,3.9999999798,1.34680134175084,296.9999996139
"7012","Netherlands",5,"STRPNE_17F",2011,3.9999999963,1.21580547170213,328.9999995394
"7013","Netherlands",5,"STRPNE_17F",2012,3.9999999669,1.1204481722409,356.999999286
"7014","Netherlands",5,"STRPNE_17F",2013,2.0053191353,0.531914890957447,376.9999993214
"7015","Netherlands",5,"STRPNE_17F",2014,4.9999999704,1.59744408367412,312.9999992801
"7016","Netherlands",5,"STRPNE_17F",2015,2.999999973,0.746268651567164,401.9999991558
"7017","Netherlands",5,"STRPNE_17F",2016,4.9999999667,1.27877237230179,390.9999992962
"7018","Netherlands",5,"STRPNE_17F",2017,2.0054347794,0.543478260434783,368.9999997048
"7019","Netherlands",5,"STRPNE_17F",2018,4.0093676392,0.936768142435597,427.9999988872
"7020","Netherlands",5,"STRPNE_17F",2019,1.0055096285,0.275482090413223,364.9999994525
"7021","Netherlands",5,"STRPNE_17F",2020,4.018264822,1.82648401310502,219.999999626
"7022","Netherlands",5,"STRPNE_17F",2021,3.015,1.5,201
"7023","Netherlands",5,"STRPNE_17F",2022,2.9999999703,0.934579432803738,320.999999037
"7024","Netherlands",5,"STRPNE_17F",2023,13.042379757,1.05949470158924,1230.9999981535
"7025","Netherlands",5,"STRPNE_17F",2024,15.1641907332,1.17279124234558,1292.999997414
"7026","Netherlands",5,"STRPNE_18",2010,0,0,296.9999996139
"7027","Netherlands",5,"STRPNE_18",2011,0,0,328.9999995394
"7028","Netherlands",5,"STRPNE_18",2012,0,0,356.999999286
"7029","Netherlands",5,"STRPNE_18",2013,0,0,376.9999993214
"7030","Netherlands",5,"STRPNE_18",2014,0,0,312.9999992801
"7031","Netherlands",5,"STRPNE_18",2019,0,0,364.9999994525
"7032","Netherlands",5,"STRPNE_18",2021,0,0,201
"7033","Netherlands",5,"STRPNE_18",2022,0,0,320.999999037
"7034","Netherlands",5,"STRPNE_18",2023,0,0,1230.9999981535
"7035","Netherlands",5,"STRPNE_18",2024,0,0,1292.999997414
"7036","Netherlands",5,"STRPNE_18A",2010,0,0,296.9999996139
"7037","Netherlands",5,"STRPNE_18A",2011,0,0,328.9999995394
"7038","Netherlands",5,"STRPNE_18A",2012,0,0,356.999999286
"7039","Netherlands",5,"STRPNE_18A",2013,0,0,376.9999993214
"7040","Netherlands",5,"STRPNE_18A",2014,0,0,312.9999992801
"7041","Netherlands",5,"STRPNE_18A",2015,0,0,401.9999991558
"7042","Netherlands",5,"STRPNE_18A",2016,0,0,390.9999992962
"7043","Netherlands",5,"STRPNE_18A",2017,0,0,368.9999997048
"7044","Netherlands",5,"STRPNE_18A",2018,0,0,427.9999988872
"7045","Netherlands",5,"STRPNE_18A",2019,0,0,364.9999994525
"7046","Netherlands",5,"STRPNE_18A",2020,0,0,219.999999626
"7047","Netherlands",5,"STRPNE_18A",2021,0,0,201
"7048","Netherlands",5,"STRPNE_18A",2022,0,0,320.999999037
"7049","Netherlands",5,"STRPNE_18A",2023,1.0032599529,0.0814995901222494,1230.9999981535
"7050","Netherlands",5,"STRPNE_18A",2024,0,0,1292.999997414
"7051","Netherlands",5,"STRPNE_18B",2010,0,0,296.9999996139
"7052","Netherlands",5,"STRPNE_18B",2011,0,0,328.9999995394
"7053","Netherlands",5,"STRPNE_18B",2012,0.9999999828,0.280112040560224,356.999999286
"7054","Netherlands",5,"STRPNE_18B",2013,1.0026595488,0.265957440478723,376.9999993214
"7055","Netherlands",5,"STRPNE_18B",2014,0,0,312.9999992801
"7056","Netherlands",5,"STRPNE_18B",2017,0,0,368.9999997048
"7057","Netherlands",5,"STRPNE_18B",2018,0,0,427.9999988872
"7058","Netherlands",5,"STRPNE_18B",2019,0,0,364.9999994525
"7059","Netherlands",5,"STRPNE_18B",2020,0,0,219.999999626
"7060","Netherlands",5,"STRPNE_18B",2022,0,0,320.999999037
"7061","Netherlands",5,"STRPNE_18B",2024,0,0,1292.999997414
"7062","Netherlands",5,"STRPNE_18C",2010,3.9999999798,1.34680134175084,296.9999996139
"7063","Netherlands",5,"STRPNE_18C",2011,1.9999999817,0.607902730851064,328.9999995394
"7064","Netherlands",5,"STRPNE_18C",2012,2.9999999841,0.840336131680672,356.999999286
"7065","Netherlands",5,"STRPNE_18C",2013,6.0159574436,1.59574468287234,376.9999993214
"7066","Netherlands",5,"STRPNE_18C",2014,1.9999999819,0.638977631469649,312.9999992801
"7067","Netherlands",5,"STRPNE_18C",2015,1.9999999686,0.497512431044776,401.9999991558
"7068","Netherlands",5,"STRPNE_18C",2016,1.9999999945,0.511508950920716,390.9999992962
"7069","Netherlands",5,"STRPNE_18C",2017,0,0,368.9999997048
"7070","Netherlands",5,"STRPNE_18C",2018,1.0023418884,0.234192030608899,427.9999988872
"7071","Netherlands",5,"STRPNE_18C",2019,0,0,364.9999994525
"7072","Netherlands",5,"STRPNE_18C",2020,0,0,219.999999626
"7073","Netherlands",5,"STRPNE_18C",2021,0,0,201
"7074","Netherlands",5,"STRPNE_18C",2022,0,0,320.999999037
"7075","Netherlands",5,"STRPNE_18C",2023,1.0032599529,0.0814995901222494,1230.9999981535
"7076","Netherlands",5,"STRPNE_18C",2024,0,0,1292.999997414
"7077","Netherlands",5,"STRPNE_18F",2010,0,0,296.9999996139
"7078","Netherlands",5,"STRPNE_18F",2011,0,0,328.9999995394
"7079","Netherlands",5,"STRPNE_18F",2013,0,0,376.9999993214
"7080","Netherlands",5,"STRPNE_18F",2015,0.9999999642,0.248756210522388,401.9999991558
"7081","Netherlands",5,"STRPNE_18F",2016,0,0,390.9999992962
"7082","Netherlands",5,"STRPNE_18F",2023,0,0,1230.9999981535
"7083","Netherlands",5,"STRPNE_18F",2024,0,0,1292.999997414
"7084","Netherlands",5,"STRPNE_19",2010,0,0,296.9999996139
"7085","Netherlands",5,"STRPNE_19",2011,0,0,328.9999995394
"7086","Netherlands",5,"STRPNE_19",2012,0,0,356.999999286
"7087","Netherlands",5,"STRPNE_19",2013,0,0,376.9999993214
"7088","Netherlands",5,"STRPNE_19",2014,0,0,312.9999992801
"7089","Netherlands",5,"STRPNE_19",2016,0,0,390.9999992962
"7090","Netherlands",5,"STRPNE_19",2017,0,0,368.9999997048
"7091","Netherlands",5,"STRPNE_19",2018,0,0,427.9999988872
"7092","Netherlands",5,"STRPNE_19",2019,0,0,364.9999994525
"7093","Netherlands",5,"STRPNE_19",2020,0,0,219.999999626
"7094","Netherlands",5,"STRPNE_19",2021,0,0,201
"7095","Netherlands",5,"STRPNE_19",2022,0,0,320.999999037
"7096","Netherlands",5,"STRPNE_19",2023,0,0,1230.9999981535
"7097","Netherlands",5,"STRPNE_19",2024,0,0,1292.999997414
"7098","Netherlands",5,"STRPNE_19A",2010,32.9999999967,11.1111111244444,296.9999996139
"7099","Netherlands",5,"STRPNE_19A",2011,34.9999999923,10.6382978848936,328.9999995394
"7100","Netherlands",5,"STRPNE_19A",2012,51.9999999981,14.5658263591317,356.999999286
"7101","Netherlands",5,"STRPNE_19A",2013,43.1143616917,11.4361702305851,376.9999993214
"7102","Netherlands",5,"STRPNE_19A",2014,27.999999997,8.94568692057508,312.9999992801
"7103","Netherlands",5,"STRPNE_19A",2015,51.9999999876,12.9353234071642,401.9999991558
"7104","Netherlands",5,"STRPNE_19A",2016,48.999999963,12.5319693225575,390.9999992962
"7105","Netherlands",5,"STRPNE_19A",2017,49.1331521691,13.3152174006522,368.9999997048
"7106","Netherlands",5,"STRPNE_19A",2018,57.1334894364,13.3489461647073,427.9999988872
"7107","Netherlands",5,"STRPNE_19A",2019,57.3140495545,15.7024793535537,364.9999994525
"7108","Netherlands",5,"STRPNE_19A",2020,32.146118708,14.6118721648402,219.999999626
"7109","Netherlands",5,"STRPNE_19A",2021,43.215,21.5,201
"7110","Netherlands",5,"STRPNE_19A",2022,76.9999999974,23.9875390119626,320.999999037
"7111","Netherlands",5,"STRPNE_19A",2023,214.6976364449,17.4409128161614,1230.9999981535
"7112","Netherlands",5,"STRPNE_19A",2024,220.3862391558,17.0445660940891,1292.999997414
"7113","Netherlands",5,"STRPNE_19B",2014,0,0,312.9999992801
"7114","Netherlands",5,"STRPNE_19B",2016,0,0,390.9999992962
"7115","Netherlands",5,"STRPNE_19B",2018,0,0,427.9999988872
"7116","Netherlands",5,"STRPNE_19B",2021,0,0,201
"7117","Netherlands",5,"STRPNE_19B",2022,0,0,320.999999037
"7118","Netherlands",5,"STRPNE_19B",2023,0,0,1230.9999981535
"7119","Netherlands",5,"STRPNE_19C",2011,0,0,328.9999995394
"7120","Netherlands",5,"STRPNE_19C",2012,0,0,356.999999286
"7121","Netherlands",5,"STRPNE_19C",2013,0,0,376.9999993214
"7122","Netherlands",5,"STRPNE_19C",2014,0,0,312.9999992801
"7123","Netherlands",5,"STRPNE_19C",2017,0,0,368.9999997048
"7124","Netherlands",5,"STRPNE_19C",2020,0,0,219.999999626
"7125","Netherlands",5,"STRPNE_19C",2024,0,0,1292.999997414
"7126","Netherlands",5,"STRPNE_19F",2010,4.9999999896,1.68350168218855,296.9999996139
"7127","Netherlands",5,"STRPNE_19F",2011,3.9999999963,1.21580547170213,328.9999995394
"7128","Netherlands",5,"STRPNE_19F",2012,1.9999999656,0.560224081120448,356.999999286
"7129","Netherlands",5,"STRPNE_19F",2013,3.0079787218,0.79787234143617,376.9999993214
"7130","Netherlands",5,"STRPNE_19F",2014,5.999999977,1.91693290440895,312.9999992801
"7131","Netherlands",5,"STRPNE_19F",2015,6.9999999906,1.74129353365672,401.9999991558
"7132","Netherlands",5,"STRPNE_19F",2016,4.9999999667,1.27877237230179,390.9999992962
"7133","Netherlands",5,"STRPNE_19F",2017,11.0298912867,2.9891304323913,368.9999997048
"7134","Netherlands",5,"STRPNE_19F",2018,5.0117095704,1.1709601830445,427.9999988872
"7135","Netherlands",5,"STRPNE_19F",2019,3.016528922,0.826446281239669,364.9999994525
"7136","Netherlands",5,"STRPNE_19F",2020,0,0,219.999999626
"7137","Netherlands",5,"STRPNE_19F",2021,1.005,0.5,201
"7138","Netherlands",5,"STRPNE_19F",2022,1.9999999695,0.623052951869159,320.999999037
"7139","Netherlands",5,"STRPNE_19F",2023,8.0260798694,0.651996740977995,1230.9999981535
"7140","Netherlands",5,"STRPNE_19F",2024,3.0328380432,0.234558240469116,1292.999997414
"7141","Netherlands",5,"STRPNE_2",2011,0,0,328.9999995394
"7142","Netherlands",5,"STRPNE_2",2012,0,0,356.999999286
"7143","Netherlands",5,"STRPNE_2",2013,0,0,376.9999993214
"7144","Netherlands",5,"STRPNE_2",2015,0,0,401.9999991558
"7145","Netherlands",5,"STRPNE_2",2016,0,0,390.9999992962
"7146","Netherlands",5,"STRPNE_2",2019,0,0,364.9999994525
"7147","Netherlands",5,"STRPNE_2",2022,0,0,320.999999037
"7148","Netherlands",5,"STRPNE_2",2024,0,0,1292.999997414
"7149","Netherlands",5,"STRPNE_20",2010,1.9999999899,0.673400670875421,296.9999996139
"7150","Netherlands",5,"STRPNE_20",2011,3.9999999963,1.21580547170213,328.9999995394
"7151","Netherlands",5,"STRPNE_20",2012,0,0,356.999999286
"7152","Netherlands",5,"STRPNE_20",2013,2.0053191353,0.531914890957447,376.9999993214
"7153","Netherlands",5,"STRPNE_20",2014,3.9999999951,1.2779552729393,312.9999992801
"7154","Netherlands",5,"STRPNE_20",2015,0.9999999642,0.248756210522388,401.9999991558
"7155","Netherlands",5,"STRPNE_20",2016,2.9999999722,0.767263421381074,390.9999992962
"7156","Netherlands",5,"STRPNE_20",2017,4.0108695588,1.08695652086957,368.9999997048
"7157","Netherlands",5,"STRPNE_20",2018,5.0117095704,1.1709601830445,427.9999988872
"7158","Netherlands",5,"STRPNE_20",2019,8.044077101,2.20385674330579,364.9999994525
"7159","Netherlands",5,"STRPNE_20",2020,1.0045662,0.456621000776256,219.999999626
"7160","Netherlands",5,"STRPNE_20",2021,4.02,2,201
"7161","Netherlands",5,"STRPNE_20",2022,5.9999999727,1.86915887560748,320.999999037
"7162","Netherlands",5,"STRPNE_20",2023,14.0456397099,1.14099429171149,1230.9999981535
"7163","Netherlands",5,"STRPNE_20",2024,14.1532447188,1.09460516218921,1292.999997414
"7164","Netherlands",5,"STRPNE_21",2010,0,0,296.9999996139
"7165","Netherlands",5,"STRPNE_21",2011,0,0,328.9999995394
"7166","Netherlands",5,"STRPNE_21",2012,0,0,356.999999286
"7167","Netherlands",5,"STRPNE_21",2013,0,0,376.9999993214
"7168","Netherlands",5,"STRPNE_21",2014,0.9999999753,0.319488810734824,312.9999992801
"7169","Netherlands",5,"STRPNE_21",2015,0,0,401.9999991558
"7170","Netherlands",5,"STRPNE_21",2016,0,0,390.9999992962
"7171","Netherlands",5,"STRPNE_21",2017,0,0,368.9999997048
"7172","Netherlands",5,"STRPNE_21",2018,1.0023418884,0.234192030608899,427.9999988872
"7173","Netherlands",5,"STRPNE_21",2019,0,0,364.9999994525
"7174","Netherlands",5,"STRPNE_21",2020,0,0,219.999999626
"7175","Netherlands",5,"STRPNE_21",2021,0,0,201
"7176","Netherlands",5,"STRPNE_21",2022,0.9999999687,0.311526470934579,320.999999037
"7177","Netherlands",5,"STRPNE_21",2023,0,0,1230.9999981535
"7178","Netherlands",5,"STRPNE_21",2024,2.0218920288,0.156372160312744,1292.999997414
"7179","Netherlands",5,"STRPNE_22",2010,0,0,296.9999996139
"7180","Netherlands",5,"STRPNE_22",2011,0,0,328.9999995394
"7181","Netherlands",5,"STRPNE_22",2012,0,0,356.999999286
"7182","Netherlands",5,"STRPNE_22",2013,0,0,376.9999993214
"7183","Netherlands",5,"STRPNE_22",2014,0,0,312.9999992801
"7184","Netherlands",5,"STRPNE_22",2015,0,0,401.9999991558
"7185","Netherlands",5,"STRPNE_22",2016,0,0,390.9999992962
"7186","Netherlands",5,"STRPNE_22",2017,0,0,368.9999997048
"7187","Netherlands",5,"STRPNE_22",2018,0,0,427.9999988872
"7188","Netherlands",5,"STRPNE_22",2019,0,0,364.9999994525
"7189","Netherlands",5,"STRPNE_22",2022,0,0,320.999999037
"7190","Netherlands",5,"STRPNE_22",2023,0,0,1230.9999981535
"7191","Netherlands",5,"STRPNE_22A",2011,0.9999999744,0.303951360425532,328.9999995394
"7192","Netherlands",5,"STRPNE_22A",2012,0,0,356.999999286
"7193","Netherlands",5,"STRPNE_22A",2013,1.0026595488,0.265957440478723,376.9999993214
"7194","Netherlands",5,"STRPNE_22A",2014,0,0,312.9999992801
"7195","Netherlands",5,"STRPNE_22A",2015,0,0,401.9999991558
"7196","Netherlands",5,"STRPNE_22A",2016,0,0,390.9999992962
"7197","Netherlands",5,"STRPNE_22A",2017,0,0,368.9999997048
"7198","Netherlands",5,"STRPNE_22A",2018,1.0023418884,0.234192030608899,427.9999988872
"7199","Netherlands",5,"STRPNE_22A",2019,0,0,364.9999994525
"7200","Netherlands",5,"STRPNE_22A",2020,0,0,219.999999626
"7201","Netherlands",5,"STRPNE_22A",2022,0,0,320.999999037
"7202","Netherlands",5,"STRPNE_22A",2023,0,0,1230.9999981535
"7203","Netherlands",5,"STRPNE_22A",2024,0,0,1292.999997414
"7204","Netherlands",5,"STRPNE_22F",2010,22.9999999878,7.74410775006734,296.9999996139
"7205","Netherlands",5,"STRPNE_22F",2011,21.9999999961,6.6869300993617,328.9999995394
"7206","Netherlands",5,"STRPNE_22F",2012,25.9999999812,7.28291317456583,356.999999286
"7207","Netherlands",5,"STRPNE_22F",2013,32.0851063533,8.51063830531915,376.9999993214
"7208","Netherlands",5,"STRPNE_22F",2014,18.9999999689,6.07028754396166,312.9999992801
"7209","Netherlands",5,"STRPNE_22F",2015,25.9999999938,6.46766170358209,401.9999991558
"7210","Netherlands",5,"STRPNE_22F",2016,16.9999999728,4.34782608782609,390.9999992962
"7211","Netherlands",5,"STRPNE_22F",2017,31.0842391176,8.42391304673913,368.9999997048
"7212","Netherlands",5,"STRPNE_22F",2018,31.0725995248,7.25995317887588,427.9999988872
"7213","Netherlands",5,"STRPNE_22F",2019,37.203856729,10.1928374752893,364.9999994525
"7214","Netherlands",5,"STRPNE_22F",2020,18.082191776,8.2191780939726,219.999999626
"7215","Netherlands",5,"STRPNE_22F",2021,9.045,4.5,201
"7216","Netherlands",5,"STRPNE_22F",2022,17.9999999823,5.60747664682243,320.999999037
"7217","Netherlands",5,"STRPNE_22F",2023,113.3683781245,9.20945396381418,1230.9999981535
"7218","Netherlands",5,"STRPNE_22F",2024,86.9413603416,6.72400313344801,1292.999997414
"7219","Netherlands",5,"STRPNE_23",2010,0,0,296.9999996139
"7220","Netherlands",5,"STRPNE_23",2011,0,0,328.9999995394
"7221","Netherlands",5,"STRPNE_23",2012,0,0,356.999999286
"7222","Netherlands",5,"STRPNE_23",2013,0,0,376.9999993214
"7223","Netherlands",5,"STRPNE_23",2014,0,0,312.9999992801
"7224","Netherlands",5,"STRPNE_23",2015,0,0,401.9999991558
"7225","Netherlands",5,"STRPNE_23",2016,0,0,390.9999992962
"7226","Netherlands",5,"STRPNE_23",2017,0,0,368.9999997048
"7227","Netherlands",5,"STRPNE_23",2018,0,0,427.9999988872
"7228","Netherlands",5,"STRPNE_23",2019,0,0,364.9999994525
"7229","Netherlands",5,"STRPNE_23",2020,0,0,219.999999626
"7230","Netherlands",5,"STRPNE_23",2021,0,0,201
"7231","Netherlands",5,"STRPNE_23",2022,0,0,320.999999037
"7232","Netherlands",5,"STRPNE_23",2024,0,0,1292.999997414
"7233","Netherlands",5,"STRPNE_23A",2010,4.9999999896,1.68350168218855,296.9999996139
"7234","Netherlands",5,"STRPNE_23A",2011,1.9999999817,0.607902730851064,328.9999995394
"7235","Netherlands",5,"STRPNE_23A",2012,4.9999999854,1.40056022280112,356.999999286
"7236","Netherlands",5,"STRPNE_23A",2013,6.0159574436,1.59574468287234,376.9999993214
"7237","Netherlands",5,"STRPNE_23A",2014,2.9999999885,0.958466452204473,312.9999992801
"7238","Netherlands",5,"STRPNE_23A",2015,4.9999999818,1.24378109261194,401.9999991558
"7239","Netherlands",5,"STRPNE_23A",2016,8.9999999948,2.30179028414322,390.9999992962
"7240","Netherlands",5,"STRPNE_23A",2017,9.0244565073,2.44565217195652,368.9999997048
"7241","Netherlands",5,"STRPNE_23A",2018,11.0257611148,2.57611241669789,427.9999988872
"7242","Netherlands",5,"STRPNE_23A",2019,8.044077101,2.20385674330579,364.9999994525
"7243","Netherlands",5,"STRPNE_23A",2020,5.022831044,2.28310502388128,219.999999626
"7244","Netherlands",5,"STRPNE_23A",2021,7.035,3.5,201
"7245","Netherlands",5,"STRPNE_23A",2022,11.9999999775,3.73831776121495,320.999999037
"7246","Netherlands",5,"STRPNE_23A",2023,42.1369192528,3.42298288513447,1230.9999981535
"7247","Netherlands",5,"STRPNE_23A",2024,36.3940578114,2.8146989856294,1292.999997414
"7248","Netherlands",5,"STRPNE_23B",2010,1.9999999899,0.673400670875421,296.9999996139
"7249","Netherlands",5,"STRPNE_23B",2011,3.9999999963,1.21580547170213,328.9999995394
"7250","Netherlands",5,"STRPNE_23B",2012,3.9999999669,1.1204481722409,356.999999286
"7251","Netherlands",5,"STRPNE_23B",2013,6.0159574436,1.59574468287234,376.9999993214
"7252","Netherlands",5,"STRPNE_23B",2014,7.9999999902,2.55591054587859,312.9999992801
"7253","Netherlands",5,"STRPNE_23B",2015,3.9999999774,0.995024872089552,401.9999991558
"7254","Netherlands",5,"STRPNE_23B",2016,7.999999978,2.04603580368286,390.9999992962
"7255","Netherlands",5,"STRPNE_23B",2017,12.0326086764,3.2608695626087,368.9999997048
"7256","Netherlands",5,"STRPNE_23B",2018,9.0210772524,2.10772833548009,427.9999988872
"7257","Netherlands",5,"STRPNE_23B",2019,12.066115688,3.30578512495868,364.9999994525
"7258","Netherlands",5,"STRPNE_23B",2020,4.018264822,1.82648401310502,219.999999626
"7259","Netherlands",5,"STRPNE_23B",2021,9.045,4.5,201
"7260","Netherlands",5,"STRPNE_23B",2022,5.9999999727,1.86915887560748,320.999999037
"7261","Netherlands",5,"STRPNE_23B",2023,34.1108393834,2.77098614415648,1230.9999981535
"7262","Netherlands",5,"STRPNE_23B",2024,38.4159498402,2.97107114594214,1292.999997414
"7263","Netherlands",5,"STRPNE_23F",2010,9.9999999792,3.3670033643771,296.9999996139
"7264","Netherlands",5,"STRPNE_23F",2011,2.999999989,0.911854101276596,328.9999995394
"7265","Netherlands",5,"STRPNE_23F",2012,0,0,356.999999286
"7266","Netherlands",5,"STRPNE_23F",2013,1.0026595488,0.265957440478723,376.9999993214
"7267","Netherlands",5,"STRPNE_23F",2014,0.9999999753,0.319488810734824,312.9999992801
"7268","Netherlands",5,"STRPNE_23F",2015,0.9999999642,0.248756210522388,401.9999991558
"7269","Netherlands",5,"STRPNE_23F",2016,0,0,390.9999992962
"7270","Netherlands",5,"STRPNE_23F",2017,0,0,368.9999997048
"7271","Netherlands",5,"STRPNE_23F",2018,0,0,427.9999988872
"7272","Netherlands",5,"STRPNE_23F",2019,0,0,364.9999994525
"7273","Netherlands",5,"STRPNE_23F",2020,0,0,219.999999626
"7274","Netherlands",5,"STRPNE_23F",2021,0,0,201
"7275","Netherlands",5,"STRPNE_23F",2022,0.9999999687,0.311526470934579,320.999999037
"7276","Netherlands",5,"STRPNE_23F",2023,4.0130399347,0.325998370488998,1230.9999981535
"7277","Netherlands",5,"STRPNE_23F",2024,1.0109460144,0.0781860801563722,1292.999997414
"7278","Netherlands",5,"STRPNE_24",2010,0,0,296.9999996139
"7279","Netherlands",5,"STRPNE_24",2011,0,0,328.9999995394
"7280","Netherlands",5,"STRPNE_24",2012,0,0,356.999999286
"7281","Netherlands",5,"STRPNE_24",2013,0,0,376.9999993214
"7282","Netherlands",5,"STRPNE_24",2014,0,0,312.9999992801
"7283","Netherlands",5,"STRPNE_24",2019,0,0,364.9999994525
"7284","Netherlands",5,"STRPNE_24",2023,0,0,1230.9999981535
"7285","Netherlands",5,"STRPNE_24",2024,1.0109460144,0.0781860801563722,1292.999997414
"7286","Netherlands",5,"STRPNE_24A",2010,0,0,296.9999996139
"7287","Netherlands",5,"STRPNE_24A",2011,0,0,328.9999995394
"7288","Netherlands",5,"STRPNE_24A",2012,0,0,356.999999286
"7289","Netherlands",5,"STRPNE_24A",2013,0,0,376.9999993214
"7290","Netherlands",5,"STRPNE_24A",2014,0,0,312.9999992801
"7291","Netherlands",5,"STRPNE_24A",2015,0,0,401.9999991558
"7292","Netherlands",5,"STRPNE_24A",2016,0,0,390.9999992962
"7293","Netherlands",5,"STRPNE_24A",2017,0,0,368.9999997048
"7294","Netherlands",5,"STRPNE_24A",2018,0,0,427.9999988872
"7295","Netherlands",5,"STRPNE_24A",2019,0,0,364.9999994525
"7296","Netherlands",5,"STRPNE_24A",2020,0,0,219.999999626
"7297","Netherlands",5,"STRPNE_24A",2021,0,0,201
"7298","Netherlands",5,"STRPNE_24A",2022,0,0,320.999999037
"7299","Netherlands",5,"STRPNE_24A",2023,0,0,1230.9999981535
"7300","Netherlands",5,"STRPNE_24A",2024,1.0109460144,0.0781860801563722,1292.999997414
"7301","Netherlands",5,"STRPNE_24B",2011,0,0,328.9999995394
"7302","Netherlands",5,"STRPNE_24B",2012,0,0,356.999999286
"7303","Netherlands",5,"STRPNE_24B",2016,0,0,390.9999992962
"7304","Netherlands",5,"STRPNE_24B",2017,0,0,368.9999997048
"7305","Netherlands",5,"STRPNE_24B",2018,0,0,427.9999988872
"7306","Netherlands",5,"STRPNE_24B",2019,0,0,364.9999994525
"7307","Netherlands",5,"STRPNE_24B",2021,0,0,201
"7308","Netherlands",5,"STRPNE_24B",2022,0.9999999687,0.311526470934579,320.999999037
"7309","Netherlands",5,"STRPNE_24B",2023,0,0,1230.9999981535
"7310","Netherlands",5,"STRPNE_24B",2024,0,0,1292.999997414
"7311","Netherlands",5,"STRPNE_24F",2010,1.9999999899,0.673400670875421,296.9999996139
"7312","Netherlands",5,"STRPNE_24F",2011,0.9999999744,0.303951360425532,328.9999995394
"7313","Netherlands",5,"STRPNE_24F",2012,0.9999999828,0.280112040560224,356.999999286
"7314","Netherlands",5,"STRPNE_24F",2013,5.0132978571,1.32978723239362,376.9999993214
"7315","Netherlands",5,"STRPNE_24F",2014,1.9999999819,0.638977631469649,312.9999992801
"7316","Netherlands",5,"STRPNE_24F",2015,4.9999999818,1.24378109261194,401.9999991558
"7317","Netherlands",5,"STRPNE_24F",2016,0.9999999777,0.255754470460358,390.9999992962
"7318","Netherlands",5,"STRPNE_24F",2017,2.0054347794,0.543478260434783,368.9999997048
"7319","Netherlands",5,"STRPNE_24F",2018,2.0046838196,0.468384071217799,427.9999988872
"7320","Netherlands",5,"STRPNE_24F",2019,6.033057844,1.65289256247934,364.9999994525
"7321","Netherlands",5,"STRPNE_24F",2020,0,0,219.999999626
"7322","Netherlands",5,"STRPNE_24F",2021,0,0,201
"7323","Netherlands",5,"STRPNE_24F",2022,1.9999999695,0.623052951869159,320.999999037
"7324","Netherlands",5,"STRPNE_24F",2023,10.0325997752,0.814995921222494,1230.9999981535
"7325","Netherlands",5,"STRPNE_24F",2024,17.186082762,1.32916340265833,1292.999997414
"7326","Netherlands",5,"STRPNE_25",2010,0,0,296.9999996139
"7327","Netherlands",5,"STRPNE_25",2024,0,0,1292.999997414
"7328","Netherlands",5,"STRPNE_25A",2010,0,0,296.9999996139
"7329","Netherlands",5,"STRPNE_25A",2011,0,0,328.9999995394
"7330","Netherlands",5,"STRPNE_25A",2012,0,0,356.999999286
"7331","Netherlands",5,"STRPNE_25A",2013,0,0,376.9999993214
"7332","Netherlands",5,"STRPNE_25A",2014,0,0,312.9999992801
"7333","Netherlands",5,"STRPNE_25A",2015,0,0,401.9999991558
"7334","Netherlands",5,"STRPNE_25A",2016,0,0,390.9999992962
"7335","Netherlands",5,"STRPNE_25A",2017,0,0,368.9999997048
"7336","Netherlands",5,"STRPNE_25A",2018,0,0,427.9999988872
"7337","Netherlands",5,"STRPNE_25A",2019,0,0,364.9999994525
"7338","Netherlands",5,"STRPNE_25A",2022,0,0,320.999999037
"7339","Netherlands",5,"STRPNE_25A",2023,0,0,1230.9999981535
"7340","Netherlands",5,"STRPNE_25A",2024,0,0,1292.999997414
"7341","Netherlands",5,"STRPNE_25F",2010,0,0,296.9999996139
"7342","Netherlands",5,"STRPNE_25F",2011,0,0,328.9999995394
"7343","Netherlands",5,"STRPNE_25F",2012,0,0,356.999999286
"7344","Netherlands",5,"STRPNE_25F",2014,0,0,312.9999992801
"7345","Netherlands",5,"STRPNE_25F",2015,0.9999999642,0.248756210522388,401.9999991558
"7346","Netherlands",5,"STRPNE_25F",2016,0,0,390.9999992962
"7347","Netherlands",5,"STRPNE_25F",2017,1.0027173897,0.271739130217391,368.9999997048
"7348","Netherlands",5,"STRPNE_25F",2018,0,0,427.9999988872
"7349","Netherlands",5,"STRPNE_25F",2019,0,0,364.9999994525
"7350","Netherlands",5,"STRPNE_25F",2020,0,0,219.999999626
"7351","Netherlands",5,"STRPNE_25F",2023,0,0,1230.9999981535
"7352","Netherlands",5,"STRPNE_25F",2024,0,0,1292.999997414
"7353","Netherlands",5,"STRPNE_27",2011,0,0,328.9999995394
"7354","Netherlands",5,"STRPNE_27",2012,0,0,356.999999286
"7355","Netherlands",5,"STRPNE_27",2013,1.0026595488,0.265957440478723,376.9999993214
"7356","Netherlands",5,"STRPNE_27",2014,0,0,312.9999992801
"7357","Netherlands",5,"STRPNE_27",2015,0,0,401.9999991558
"7358","Netherlands",5,"STRPNE_27",2016,0.9999999777,0.255754470460358,390.9999992962
"7359","Netherlands",5,"STRPNE_27",2017,0,0,368.9999997048
"7360","Netherlands",5,"STRPNE_27",2018,0,0,427.9999988872
"7361","Netherlands",5,"STRPNE_27",2019,0,0,364.9999994525
"7362","Netherlands",5,"STRPNE_27",2020,0,0,219.999999626
"7363","Netherlands",5,"STRPNE_27",2021,1.005,0.5,201
"7364","Netherlands",5,"STRPNE_27",2022,0.9999999687,0.311526470934579,320.999999037
"7365","Netherlands",5,"STRPNE_27",2023,1.0032599529,0.0814995901222494,1230.9999981535
"7366","Netherlands",5,"STRPNE_28",2014,0,0,312.9999992801
"7367","Netherlands",5,"STRPNE_28",2015,0,0,401.9999991558
"7368","Netherlands",5,"STRPNE_28",2022,0,0,320.999999037
"7369","Netherlands",5,"STRPNE_28A",2010,0,0,296.9999996139
"7370","Netherlands",5,"STRPNE_28A",2011,0,0,328.9999995394
"7371","Netherlands",5,"STRPNE_28A",2012,0,0,356.999999286
"7372","Netherlands",5,"STRPNE_28A",2013,0,0,376.9999993214
"7373","Netherlands",5,"STRPNE_28A",2014,0,0,312.9999992801
"7374","Netherlands",5,"STRPNE_28A",2015,0,0,401.9999991558
"7375","Netherlands",5,"STRPNE_28A",2016,0,0,390.9999992962
"7376","Netherlands",5,"STRPNE_28A",2017,0,0,368.9999997048
"7377","Netherlands",5,"STRPNE_28A",2018,0,0,427.9999988872
"7378","Netherlands",5,"STRPNE_28A",2019,1.0055096285,0.275482090413223,364.9999994525
"7379","Netherlands",5,"STRPNE_28A",2020,0,0,219.999999626
"7380","Netherlands",5,"STRPNE_28A",2021,0,0,201
"7381","Netherlands",5,"STRPNE_28A",2022,0,0,320.999999037
"7382","Netherlands",5,"STRPNE_28A",2023,0,0,1230.9999981535
"7383","Netherlands",5,"STRPNE_28F",2010,0,0,296.9999996139
"7384","Netherlands",5,"STRPNE_28F",2012,0,0,356.999999286
"7385","Netherlands",5,"STRPNE_28F",2013,0,0,376.9999993214
"7386","Netherlands",5,"STRPNE_28F",2014,0,0,312.9999992801
"7387","Netherlands",5,"STRPNE_28F",2017,0,0,368.9999997048
"7388","Netherlands",5,"STRPNE_28F",2019,0,0,364.9999994525
"7389","Netherlands",5,"STRPNE_28F",2021,0,0,201
"7390","Netherlands",5,"STRPNE_28F",2024,0,0,1292.999997414
"7391","Netherlands",5,"STRPNE_29",2010,0,0,296.9999996139
"7392","Netherlands",5,"STRPNE_29",2011,0,0,328.9999995394
"7393","Netherlands",5,"STRPNE_29",2012,0,0,356.999999286
"7394","Netherlands",5,"STRPNE_29",2013,0,0,376.9999993214
"7395","Netherlands",5,"STRPNE_29",2014,0,0,312.9999992801
"7396","Netherlands",5,"STRPNE_29",2015,0,0,401.9999991558
"7397","Netherlands",5,"STRPNE_29",2016,0,0,390.9999992962
"7398","Netherlands",5,"STRPNE_29",2017,0,0,368.9999997048
"7399","Netherlands",5,"STRPNE_29",2018,0,0,427.9999988872
"7400","Netherlands",5,"STRPNE_29",2019,0,0,364.9999994525
"7401","Netherlands",5,"STRPNE_29",2020,0,0,219.999999626
"7402","Netherlands",5,"STRPNE_29",2021,0,0,201
"7403","Netherlands",5,"STRPNE_29",2022,0.9999999687,0.311526470934579,320.999999037
"7404","Netherlands",5,"STRPNE_29",2023,0,0,1230.9999981535
"7405","Netherlands",5,"STRPNE_29",2024,0,0,1292.999997414
"7406","Netherlands",5,"STRPNE_3",2010,19.9999999881,6.73400673875421,296.9999996139
"7407","Netherlands",5,"STRPNE_3",2011,26.9999999997,8.20668694148936,328.9999995394
"7408","Netherlands",5,"STRPNE_3",2012,30.9999999666,8.68347339736695,356.999999286
"7409","Netherlands",5,"STRPNE_3",2013,29.0771276315,7.71276596388298,376.9999993214
"7410","Netherlands",5,"STRPNE_3",2014,19.9999999755,6.38977636469649,312.9999992801
"7411","Netherlands",5,"STRPNE_3",2015,24.9999999894,6.2189054830597,401.9999991558
"7412","Netherlands",5,"STRPNE_3",2016,33.9999999847,8.69565218565218,390.9999992962
"7413","Netherlands",5,"STRPNE_3",2017,33.089673897,8.96739130717391,368.9999997048
"7414","Netherlands",5,"STRPNE_3",2018,52.1217798232,12.1779859716628,427.9999988872
"7415","Netherlands",5,"STRPNE_3",2019,33.1818181785,9.09090910363637,364.9999994525
"7416","Netherlands",5,"STRPNE_3",2020,17.077625554,7.76255708319635,219.999999626
"7417","Netherlands",5,"STRPNE_3",2021,24.12,12,201
"7418","Netherlands",5,"STRPNE_3",2022,43.999999971,13.7071651411215,320.999999037
"7419","Netherlands",5,"STRPNE_3",2023,177.5770170797,14.4254278916381,1230.9999981535
"7420","Netherlands",5,"STRPNE_3",2024,157.7075839356,12.1970289443941,1292.999997414
"7421","Netherlands",5,"STRPNE_31",2010,2.9999999997,1.01010101131313,296.9999996139
"7422","Netherlands",5,"STRPNE_31",2011,0,0,328.9999995394
"7423","Netherlands",5,"STRPNE_31",2012,4.9999999854,1.40056022280112,356.999999286
"7424","Netherlands",5,"STRPNE_31",2013,3.0079787218,0.79787234143617,376.9999993214
"7425","Netherlands",5,"STRPNE_31",2014,1.9999999819,0.638977631469649,312.9999992801
"7426","Netherlands",5,"STRPNE_31",2015,1.9999999686,0.497512431044776,401.9999991558
"7427","Netherlands",5,"STRPNE_31",2016,2.9999999722,0.767263421381074,390.9999992962
"7428","Netherlands",5,"STRPNE_31",2017,2.0054347794,0.543478260434783,368.9999997048
"7429","Netherlands",5,"STRPNE_31",2018,4.0093676392,0.936768142435597,427.9999988872
"7430","Netherlands",5,"STRPNE_31",2019,1.0055096285,0.275482090413223,364.9999994525
"7431","Netherlands",5,"STRPNE_31",2020,0,0,219.999999626
"7432","Netherlands",5,"STRPNE_31",2021,0,0,201
"7433","Netherlands",5,"STRPNE_31",2022,0.9999999687,0.311526470934579,320.999999037
"7434","Netherlands",5,"STRPNE_31",2023,2.0065199058,0.162999180244499,1230.9999981535
"7435","Netherlands",5,"STRPNE_31",2024,11.1204065463,0.860046911720094,1292.999997414
"7436","Netherlands",5,"STRPNE_32",2010,0,0,296.9999996139
"7437","Netherlands",5,"STRPNE_32A",2013,0,0,376.9999993214
"7438","Netherlands",5,"STRPNE_32A",2015,0,0,401.9999991558
"7439","Netherlands",5,"STRPNE_33",2010,0,0,296.9999996139
"7440","Netherlands",5,"STRPNE_33",2011,0,0,328.9999995394
"7441","Netherlands",5,"STRPNE_33",2012,0,0,356.999999286
"7442","Netherlands",5,"STRPNE_33",2013,0,0,376.9999993214
"7443","Netherlands",5,"STRPNE_33",2014,0,0,312.9999992801
"7444","Netherlands",5,"STRPNE_33",2015,0,0,401.9999991558
"7445","Netherlands",5,"STRPNE_33",2017,0,0,368.9999997048
"7446","Netherlands",5,"STRPNE_33",2018,0,0,427.9999988872
"7447","Netherlands",5,"STRPNE_33",2019,0,0,364.9999994525
"7448","Netherlands",5,"STRPNE_33",2022,0,0,320.999999037
"7449","Netherlands",5,"STRPNE_33",2023,0,0,1230.9999981535
"7450","Netherlands",5,"STRPNE_33",2024,0,0,1292.999997414
"7451","Netherlands",5,"STRPNE_33A",2011,0,0,328.9999995394
"7452","Netherlands",5,"STRPNE_33A",2012,0.9999999828,0.280112040560224,356.999999286
"7453","Netherlands",5,"STRPNE_33A",2013,0,0,376.9999993214
"7454","Netherlands",5,"STRPNE_33A",2014,0,0,312.9999992801
"7455","Netherlands",5,"STRPNE_33A",2015,0,0,401.9999991558
"7456","Netherlands",5,"STRPNE_33A",2016,0.9999999777,0.255754470460358,390.9999992962
"7457","Netherlands",5,"STRPNE_33A",2017,0,0,368.9999997048
"7458","Netherlands",5,"STRPNE_33A",2018,0,0,427.9999988872
"7459","Netherlands",5,"STRPNE_33A",2019,0,0,364.9999994525
"7460","Netherlands",5,"STRPNE_33A",2020,0,0,219.999999626
"7461","Netherlands",5,"STRPNE_33A",2021,0,0,201
"7462","Netherlands",5,"STRPNE_33A",2022,0,0,320.999999037
"7463","Netherlands",5,"STRPNE_33A",2024,0,0,1292.999997414
"7464","Netherlands",5,"STRPNE_33B",2013,0,0,376.9999993214
"7465","Netherlands",5,"STRPNE_33B",2014,0,0,312.9999992801
"7466","Netherlands",5,"STRPNE_33B",2015,0,0,401.9999991558
"7467","Netherlands",5,"STRPNE_33B",2017,0,0,368.9999997048
"7468","Netherlands",5,"STRPNE_33B",2018,0,0,427.9999988872
"7469","Netherlands",5,"STRPNE_33B",2019,0,0,364.9999994525
"7470","Netherlands",5,"STRPNE_33B",2021,0,0,201
"7471","Netherlands",5,"STRPNE_33B",2024,0,0,1292.999997414
"7472","Netherlands",5,"STRPNE_33C",2024,0,0,1292.999997414
"7473","Netherlands",5,"STRPNE_33D",2016,0,0,390.9999992962
"7474","Netherlands",5,"STRPNE_33D",2017,0,0,368.9999997048
"7475","Netherlands",5,"STRPNE_33D",2018,0,0,427.9999988872
"7476","Netherlands",5,"STRPNE_33D",2020,0,0,219.999999626
"7477","Netherlands",5,"STRPNE_33D",2021,0,0,201
"7478","Netherlands",5,"STRPNE_33D",2024,0,0,1292.999997414
"7479","Netherlands",5,"STRPNE_33F",2010,3.9999999798,1.34680134175084,296.9999996139
"7480","Netherlands",5,"STRPNE_33F",2011,10.9999999816,3.34346504468085,328.9999995394
"7481","Netherlands",5,"STRPNE_33F",2012,12.9999999906,3.64145658728291,356.999999286
"7482","Netherlands",5,"STRPNE_33F",2013,12.0319148872,3.19148936574468,376.9999993214
"7483","Netherlands",5,"STRPNE_33F",2014,9.9999999721,3.19488817734824,312.9999992801
"7484","Netherlands",5,"STRPNE_33F",2015,12.9999999768,3.23383084679104,401.9999991558
"7485","Netherlands",5,"STRPNE_33F",2016,9.9999999725,2.55754475460358,390.9999992962
"7486","Netherlands",5,"STRPNE_33F",2017,8.0217391176,2.17391304173913,368.9999997048
"7487","Netherlands",5,"STRPNE_33F",2018,19.0444964788,4.44964872156909,427.9999988872
"7488","Netherlands",5,"STRPNE_33F",2019,7.0385674725,1.92837465289256,364.9999994525
"7489","Netherlands",5,"STRPNE_33F",2020,5.022831044,2.28310502388128,219.999999626
"7490","Netherlands",5,"STRPNE_33F",2021,6.03,3,201
"7491","Netherlands",5,"STRPNE_33F",2022,8.9999999751,2.80373831841121,320.999999037
"7492","Netherlands",5,"STRPNE_33F",2023,42.1369192528,3.42298288513447,1230.9999981535
"7493","Netherlands",5,"STRPNE_33F",2024,45.4925721996,3.51837372703675,1292.999997414
"7494","Netherlands",5,"STRPNE_34",2010,0,0,296.9999996139
"7495","Netherlands",5,"STRPNE_34",2011,0,0,328.9999995394
"7496","Netherlands",5,"STRPNE_34",2012,0.9999999828,0.280112040560224,356.999999286
"7497","Netherlands",5,"STRPNE_34",2013,1.0026595488,0.265957440478723,376.9999993214
"7498","Netherlands",5,"STRPNE_34",2014,0,0,312.9999992801
"7499","Netherlands",5,"STRPNE_34",2015,0,0,401.9999991558
"7500","Netherlands",5,"STRPNE_34",2016,0,0,390.9999992962
"7501","Netherlands",5,"STRPNE_34",2017,0,0,368.9999997048
"7502","Netherlands",5,"STRPNE_34",2018,2.0046838196,0.468384071217799,427.9999988872
"7503","Netherlands",5,"STRPNE_34",2019,3.016528922,0.826446281239669,364.9999994525
"7504","Netherlands",5,"STRPNE_34",2020,1.0045662,0.456621000776256,219.999999626
"7505","Netherlands",5,"STRPNE_34",2021,1.005,0.5,201
"7506","Netherlands",5,"STRPNE_34",2022,1.9999999695,0.623052951869159,320.999999037
"7507","Netherlands",5,"STRPNE_34",2023,5.0162998876,0.407497960611247,1230.9999981535
"7508","Netherlands",5,"STRPNE_34",2024,2.0218920288,0.156372160312744,1292.999997414
"7509","Netherlands",5,"STRPNE_35",2010,0,0,296.9999996139
"7510","Netherlands",5,"STRPNE_35",2011,0,0,328.9999995394
"7511","Netherlands",5,"STRPNE_35",2012,0,0,356.999999286
"7512","Netherlands",5,"STRPNE_35",2013,0,0,376.9999993214
"7513","Netherlands",5,"STRPNE_35",2014,0,0,312.9999992801
"7514","Netherlands",5,"STRPNE_35",2017,0,0,368.9999997048
"7515","Netherlands",5,"STRPNE_35",2019,0,0,364.9999994525
"7516","Netherlands",5,"STRPNE_35",2020,0,0,219.999999626
"7517","Netherlands",5,"STRPNE_35",2023,0,0,1230.9999981535
"7518","Netherlands",5,"STRPNE_35",2024,0,0,1292.999997414
"7519","Netherlands",5,"STRPNE_35A",2012,0,0,356.999999286
"7520","Netherlands",5,"STRPNE_35A",2013,0,0,376.9999993214
"7521","Netherlands",5,"STRPNE_35A",2014,0,0,312.9999992801
"7522","Netherlands",5,"STRPNE_35A",2015,0,0,401.9999991558
"7523","Netherlands",5,"STRPNE_35A",2016,0,0,390.9999992962
"7524","Netherlands",5,"STRPNE_35A",2017,0,0,368.9999997048
"7525","Netherlands",5,"STRPNE_35A",2019,0,0,364.9999994525
"7526","Netherlands",5,"STRPNE_35A",2020,0,0,219.999999626
"7527","Netherlands",5,"STRPNE_35A",2021,0,0,201
"7528","Netherlands",5,"STRPNE_35A",2022,0,0,320.999999037
"7529","Netherlands",5,"STRPNE_35A",2023,0,0,1230.9999981535
"7530","Netherlands",5,"STRPNE_35A",2024,1.0109460144,0.0781860801563722,1292.999997414
"7531","Netherlands",5,"STRPNE_35B",2010,0,0,296.9999996139
"7532","Netherlands",5,"STRPNE_35B",2011,1.9999999817,0.607902730851064,328.9999995394
"7533","Netherlands",5,"STRPNE_35B",2012,1.9999999656,0.560224081120448,356.999999286
"7534","Netherlands",5,"STRPNE_35B",2013,5.0132978571,1.32978723239362,376.9999993214
"7535","Netherlands",5,"STRPNE_35B",2014,2.9999999885,0.958466452204473,312.9999992801
"7536","Netherlands",5,"STRPNE_35B",2015,6.9999999906,1.74129353365672,401.9999991558
"7537","Netherlands",5,"STRPNE_35B",2016,5.9999999835,1.53452685276215,390.9999992962
"7538","Netherlands",5,"STRPNE_35B",2017,2.0054347794,0.543478260434783,368.9999997048
"7539","Netherlands",5,"STRPNE_35B",2018,5.0117095704,1.1709601830445,427.9999988872
"7540","Netherlands",5,"STRPNE_35B",2019,3.016528922,0.826446281239669,364.9999994525
"7541","Netherlands",5,"STRPNE_35B",2020,1.0045662,0.456621000776256,219.999999626
"7542","Netherlands",5,"STRPNE_35B",2021,2.01,1,201
"7543","Netherlands",5,"STRPNE_35B",2022,0.9999999687,0.311526470934579,320.999999037
"7544","Netherlands",5,"STRPNE_35B",2023,9.0293398223,0.733496331100245,1230.9999981535
"7545","Netherlands",5,"STRPNE_35B",2024,7.0766223594,0.547302581094605,1292.999997414
"7546","Netherlands",5,"STRPNE_35C",2010,0,0,296.9999996139
"7547","Netherlands",5,"STRPNE_35C",2011,0,0,328.9999995394
"7548","Netherlands",5,"STRPNE_35C",2013,0,0,376.9999993214
"7549","Netherlands",5,"STRPNE_35C",2017,0,0,368.9999997048
"7550","Netherlands",5,"STRPNE_35C",2022,0,0,320.999999037
"7551","Netherlands",5,"STRPNE_35C",2023,0,0,1230.9999981535
"7552","Netherlands",5,"STRPNE_35C",2024,0,0,1292.999997414
"7553","Netherlands",5,"STRPNE_35F",2010,3.9999999798,1.34680134175084,296.9999996139
"7554","Netherlands",5,"STRPNE_35F",2011,3.9999999963,1.21580547170213,328.9999995394
"7555","Netherlands",5,"STRPNE_35F",2012,4.9999999854,1.40056022280112,356.999999286
"7556","Netherlands",5,"STRPNE_35F",2013,2.0053191353,0.531914890957447,376.9999993214
"7557","Netherlands",5,"STRPNE_35F",2014,4.9999999704,1.59744408367412,312.9999992801
"7558","Netherlands",5,"STRPNE_35F",2015,5.9999999862,1.49253731313433,401.9999991558
"7559","Netherlands",5,"STRPNE_35F",2016,3.999999989,1.02301790184143,390.9999992962
"7560","Netherlands",5,"STRPNE_35F",2017,3.0081521691,0.815217390652174,368.9999997048
"7561","Netherlands",5,"STRPNE_35F",2018,4.0093676392,0.936768142435597,427.9999988872
"7562","Netherlands",5,"STRPNE_35F",2019,2.011019257,0.550964180826446,364.9999994525
"7563","Netherlands",5,"STRPNE_35F",2020,4.018264822,1.82648401310502,219.999999626
"7564","Netherlands",5,"STRPNE_35F",2021,1.005,0.5,201
"7565","Netherlands",5,"STRPNE_35F",2022,1.9999999695,0.623052951869159,320.999999037
"7566","Netherlands",5,"STRPNE_35F",2023,10.0325997752,0.814995921222494,1230.9999981535
"7567","Netherlands",5,"STRPNE_35F",2024,12.1313525607,0.938232991876466,1292.999997414
"7568","Netherlands",5,"STRPNE_36",2013,0,0,376.9999993214
"7569","Netherlands",5,"STRPNE_36",2020,0,0,219.999999626
"7570","Netherlands",5,"STRPNE_36",2023,0,0,1230.9999981535
"7571","Netherlands",5,"STRPNE_37",2010,0.9999999801,0.33670033043771,296.9999996139
"7572","Netherlands",5,"STRPNE_37",2011,0.9999999744,0.303951360425532,328.9999995394
"7573","Netherlands",5,"STRPNE_37",2012,0.9999999828,0.280112040560224,356.999999286
"7574","Netherlands",5,"STRPNE_37",2013,0,0,376.9999993214
"7575","Netherlands",5,"STRPNE_37",2014,0.9999999753,0.319488810734824,312.9999992801
"7576","Netherlands",5,"STRPNE_37",2015,0.9999999642,0.248756210522388,401.9999991558
"7577","Netherlands",5,"STRPNE_37",2016,0,0,390.9999992962
"7578","Netherlands",5,"STRPNE_37",2017,0,0,368.9999997048
"7579","Netherlands",5,"STRPNE_37",2018,0,0,427.9999988872
"7580","Netherlands",5,"STRPNE_37",2019,0,0,364.9999994525
"7581","Netherlands",5,"STRPNE_37",2020,0,0,219.999999626
"7582","Netherlands",5,"STRPNE_37",2021,0,0,201
"7583","Netherlands",5,"STRPNE_37",2022,0,0,320.999999037
"7584","Netherlands",5,"STRPNE_37",2023,1.0032599529,0.0814995901222494,1230.9999981535
"7585","Netherlands",5,"STRPNE_37",2024,2.0218920288,0.156372160312744,1292.999997414
"7586","Netherlands",5,"STRPNE_38",2010,0,0,296.9999996139
"7587","Netherlands",5,"STRPNE_38",2011,0.9999999744,0.303951360425532,328.9999995394
"7588","Netherlands",5,"STRPNE_38",2012,0,0,356.999999286
"7589","Netherlands",5,"STRPNE_38",2013,1.0026595488,0.265957440478723,376.9999993214
"7590","Netherlands",5,"STRPNE_38",2014,0.9999999753,0.319488810734824,312.9999992801
"7591","Netherlands",5,"STRPNE_38",2015,1.9999999686,0.497512431044776,401.9999991558
"7592","Netherlands",5,"STRPNE_38",2016,0,0,390.9999992962
"7593","Netherlands",5,"STRPNE_38",2017,2.0054347794,0.543478260434783,368.9999997048
"7594","Netherlands",5,"STRPNE_38",2018,3.0070257508,0.702576111826698,427.9999988872
"7595","Netherlands",5,"STRPNE_38",2019,0,0,364.9999994525
"7596","Netherlands",5,"STRPNE_38",2020,1.0045662,0.456621000776256,219.999999626
"7597","Netherlands",5,"STRPNE_38",2021,1.005,0.5,201
"7598","Netherlands",5,"STRPNE_38",2022,2.9999999703,0.934579432803738,320.999999037
"7599","Netherlands",5,"STRPNE_38",2023,22.0717195793,1.79299103268949,1230.9999981535
"7600","Netherlands",5,"STRPNE_38",2024,17.186082762,1.32916340265833,1292.999997414
"7601","Netherlands",5,"STRPNE_39",2014,0,0,312.9999992801
"7602","Netherlands",5,"STRPNE_39",2016,0,0,390.9999992962
"7603","Netherlands",5,"STRPNE_39",2020,0,0,219.999999626
"7604","Netherlands",5,"STRPNE_39",2021,0,0,201
"7605","Netherlands",5,"STRPNE_39",2022,0,0,320.999999037
"7606","Netherlands",5,"STRPNE_4",2010,9.9999999792,3.3670033643771,296.9999996139
"7607","Netherlands",5,"STRPNE_4",2011,15.9999999852,4.86322188680851,328.9999995394
"7608","Netherlands",5,"STRPNE_4",2012,7.9999999695,2.24089635448179,356.999999286
"7609","Netherlands",5,"STRPNE_4",2013,4.0106382706,1.06382978191489,376.9999993214
"7610","Netherlands",5,"STRPNE_4",2014,4.9999999704,1.59744408367412,312.9999992801
"7611","Netherlands",5,"STRPNE_4",2015,4.9999999818,1.24378109261194,401.9999991558
"7612","Netherlands",5,"STRPNE_4",2016,3.999999989,1.02301790184143,390.9999992962
"7613","Netherlands",5,"STRPNE_4",2017,3.0081521691,0.815217390652174,368.9999997048
"7614","Netherlands",5,"STRPNE_4",2018,3.0070257508,0.702576111826698,427.9999988872
"7615","Netherlands",5,"STRPNE_4",2019,0,0,364.9999994525
"7616","Netherlands",5,"STRPNE_4",2020,2.0091324,0.913242001552511,219.999999626
"7617","Netherlands",5,"STRPNE_4",2021,0,0,201
"7618","Netherlands",5,"STRPNE_4",2022,0.9999999687,0.311526470934579,320.999999037
"7619","Netherlands",5,"STRPNE_4",2023,15.0488996628,1.22249388183374,1230.9999981535
"7620","Netherlands",5,"STRPNE_4",2024,21.2298670782,1.64190774328382,1292.999997414
"7621","Netherlands",5,"STRPNE_40",2010,0,0,296.9999996139
"7622","Netherlands",5,"STRPNE_40",2013,1.0026595488,0.265957440478723,376.9999993214
"7623","Netherlands",5,"STRPNE_40",2015,0,0,401.9999991558
"7624","Netherlands",5,"STRPNE_40",2017,0,0,368.9999997048
"7625","Netherlands",5,"STRPNE_40",2022,0,0,320.999999037
"7626","Netherlands",5,"STRPNE_40",2023,0,0,1230.9999981535
"7627","Netherlands",5,"STRPNE_40",2024,0,0,1292.999997414
"7628","Netherlands",5,"STRPNE_41A",2019,0,0,364.9999994525
"7629","Netherlands",5,"STRPNE_42",2016,0,0,390.9999992962
"7630","Netherlands",5,"STRPNE_42",2018,0,0,427.9999988872
"7631","Netherlands",5,"STRPNE_42",2022,0,0,320.999999037
"7632","Netherlands",5,"STRPNE_43",2020,0,0,219.999999626
"7633","Netherlands",5,"STRPNE_43",2023,0,0,1230.9999981535
"7634","Netherlands",5,"STRPNE_43",2024,0,0,1292.999997414
"7635","Netherlands",5,"STRPNE_45",2016,0,0,390.9999992962
"7636","Netherlands",5,"STRPNE_46",2015,0,0,401.9999991558
"7637","Netherlands",5,"STRPNE_46",2022,0,0,320.999999037
"7638","Netherlands",5,"STRPNE_47F",2016,0,0,390.9999992962
"7639","Netherlands",5,"STRPNE_5",2010,0.9999999801,0.33670033043771,296.9999996139
"7640","Netherlands",5,"STRPNE_5",2011,2.999999989,0.911854101276596,328.9999995394
"7641","Netherlands",5,"STRPNE_5",2012,2.9999999841,0.840336131680672,356.999999286
"7642","Netherlands",5,"STRPNE_5",2013,2.0053191353,0.531914890957447,376.9999993214
"7643","Netherlands",5,"STRPNE_5",2014,0.9999999753,0.319488810734824,312.9999992801
"7644","Netherlands",5,"STRPNE_5",2015,0.9999999642,0.248756210522388,401.9999991558
"7645","Netherlands",5,"STRPNE_5",2016,0,0,390.9999992962
"7646","Netherlands",5,"STRPNE_5",2017,0,0,368.9999997048
"7647","Netherlands",5,"STRPNE_5",2019,0,0,364.9999994525
"7648","Netherlands",5,"STRPNE_5",2021,0,0,201
"7649","Netherlands",5,"STRPNE_5",2022,0,0,320.999999037
"7650","Netherlands",5,"STRPNE_5",2023,0,0,1230.9999981535
"7651","Netherlands",5,"STRPNE_5",2024,0,0,1292.999997414
"7652","Netherlands",5,"STRPNE_6",2010,0,0,296.9999996139
"7653","Netherlands",5,"STRPNE_6",2011,0,0,328.9999995394
"7654","Netherlands",5,"STRPNE_6",2012,0,0,356.999999286
"7655","Netherlands",5,"STRPNE_6",2013,0,0,376.9999993214
"7656","Netherlands",5,"STRPNE_6",2014,0,0,312.9999992801
"7657","Netherlands",5,"STRPNE_6",2015,0,0,401.9999991558
"7658","Netherlands",5,"STRPNE_6",2017,0,0,368.9999997048
"7659","Netherlands",5,"STRPNE_6",2018,0,0,427.9999988872
"7660","Netherlands",5,"STRPNE_6",2019,0,0,364.9999994525
"7661","Netherlands",5,"STRPNE_6",2020,0,0,219.999999626
"7662","Netherlands",5,"STRPNE_6",2022,0,0,320.999999037
"7663","Netherlands",5,"STRPNE_6",2023,0,0,1230.9999981535
"7664","Netherlands",5,"STRPNE_6",2024,0,0,1292.999997414
"7665","Netherlands",5,"STRPNE_6A",2010,6.9999999795,2.35690235306397,296.9999996139
"7666","Netherlands",5,"STRPNE_6A",2011,2.999999989,0.911854101276596,328.9999995394
"7667","Netherlands",5,"STRPNE_6A",2012,5.9999999682,1.68067226336134,356.999999286
"7668","Netherlands",5,"STRPNE_6A",2013,2.0053191353,0.531914890957447,376.9999993214
"7669","Netherlands",5,"STRPNE_6A",2014,0,0,312.9999992801
"7670","Netherlands",5,"STRPNE_6A",2015,1.9999999686,0.497512431044776,401.9999991558
"7671","Netherlands",5,"STRPNE_6A",2016,0,0,390.9999992962
"7672","Netherlands",5,"STRPNE_6A",2017,2.0054347794,0.543478260434783,368.9999997048
"7673","Netherlands",5,"STRPNE_6A",2018,3.0070257508,0.702576111826698,427.9999988872
"7674","Netherlands",5,"STRPNE_6A",2019,1.0055096285,0.275482090413223,364.9999994525
"7675","Netherlands",5,"STRPNE_6A",2020,1.0045662,0.456621000776256,219.999999626
"7676","Netherlands",5,"STRPNE_6A",2021,0,0,201
"7677","Netherlands",5,"STRPNE_6A",2022,0,0,320.999999037
"7678","Netherlands",5,"STRPNE_6A",2023,2.0065199058,0.162999180244499,1230.9999981535
"7679","Netherlands",5,"STRPNE_6A",2024,6.0656762157,0.469116490938233,1292.999997414
"7680","Netherlands",5,"STRPNE_6B",2010,4.9999999896,1.68350168218855,296.9999996139
"7681","Netherlands",5,"STRPNE_6B",2011,2.999999989,0.911854101276596,328.9999995394
"7682","Netherlands",5,"STRPNE_6B",2012,1.9999999656,0.560224081120448,356.999999286
"7683","Netherlands",5,"STRPNE_6B",2013,2.0053191353,0.531914890957447,376.9999993214
"7684","Netherlands",5,"STRPNE_6B",2014,0.9999999753,0.319488810734824,312.9999992801
"7685","Netherlands",5,"STRPNE_6B",2015,0.9999999642,0.248756210522388,401.9999991558
"7686","Netherlands",5,"STRPNE_6B",2016,0.9999999777,0.255754470460358,390.9999992962
"7687","Netherlands",5,"STRPNE_6B",2017,0,0,368.9999997048
"7688","Netherlands",5,"STRPNE_6B",2018,1.0023418884,0.234192030608899,427.9999988872
"7689","Netherlands",5,"STRPNE_6B",2019,2.011019257,0.550964180826446,364.9999994525
"7690","Netherlands",5,"STRPNE_6B",2020,1.0045662,0.456621000776256,219.999999626
"7691","Netherlands",5,"STRPNE_6B",2021,1.005,0.5,201
"7692","Netherlands",5,"STRPNE_6B",2022,0,0,320.999999037
"7693","Netherlands",5,"STRPNE_6B",2023,4.0130399347,0.325998370488998,1230.9999981535
"7694","Netherlands",5,"STRPNE_6B",2024,2.0218920288,0.156372160312744,1292.999997414
"7695","Netherlands",5,"STRPNE_6C",2010,2.9999999997,1.01010101131313,296.9999996139
"7696","Netherlands",5,"STRPNE_6C",2011,4.9999999707,1.51975683212766,328.9999995394
"7697","Netherlands",5,"STRPNE_6C",2012,8.999999988,2.52100840504202,356.999999286
"7698","Netherlands",5,"STRPNE_6C",2013,10.0265957142,2.65957446478723,376.9999993214
"7699","Netherlands",5,"STRPNE_6C",2014,4.9999999704,1.59744408367412,312.9999992801
"7700","Netherlands",5,"STRPNE_6C",2015,14.9999999856,3.73134328783582,401.9999991558
"7701","Netherlands",5,"STRPNE_6C",2016,13.9999999615,3.58056265644501,390.9999992962
"7702","Netherlands",5,"STRPNE_6C",2017,7.0190217279,1.90217391152174,368.9999997048
"7703","Netherlands",5,"STRPNE_6C",2018,16.0374706852,3.74707259974239,427.9999988872
"7704","Netherlands",5,"STRPNE_6C",2019,15.08264461,4.13223140619835,364.9999994525
"7705","Netherlands",5,"STRPNE_6C",2020,13.05936071,5.93607306009132,219.999999626
"7706","Netherlands",5,"STRPNE_6C",2021,13.065,6.5,201
"7707","Netherlands",5,"STRPNE_6C",2022,12.9999999783,4.04984424214953,320.999999037
"7708","Netherlands",5,"STRPNE_6C",2023,72.2347188246,5.86797066880196,1230.9999981535
"7709","Netherlands",5,"STRPNE_6C",2024,69.7552774503,5.39483972078968,1292.999997414
"7710","Netherlands",5,"STRPNE_6D",2010,0,0,296.9999996139
"7711","Netherlands",5,"STRPNE_6D",2012,0,0,356.999999286
"7712","Netherlands",5,"STRPNE_6D",2013,0,0,376.9999993214
"7713","Netherlands",5,"STRPNE_6D",2014,0,0,312.9999992801
"7714","Netherlands",5,"STRPNE_6D",2015,0,0,401.9999991558
"7715","Netherlands",5,"STRPNE_6D",2016,0,0,390.9999992962
"7716","Netherlands",5,"STRPNE_6D",2017,0,0,368.9999997048
"7717","Netherlands",5,"STRPNE_6D",2018,0,0,427.9999988872
"7718","Netherlands",5,"STRPNE_6D",2019,0,0,364.9999994525
"7719","Netherlands",5,"STRPNE_6D",2020,0,0,219.999999626
"7720","Netherlands",5,"STRPNE_6D",2021,0,0,201
"7721","Netherlands",5,"STRPNE_6D",2022,0,0,320.999999037
"7722","Netherlands",5,"STRPNE_6D",2023,1.0032599529,0.0814995901222494,1230.9999981535
"7723","Netherlands",5,"STRPNE_6D",2024,2.0218920288,0.156372160312744,1292.999997414
"7724","Netherlands",5,"STRPNE_7",2010,0,0,296.9999996139
"7725","Netherlands",5,"STRPNE_7",2011,0,0,328.9999995394
"7726","Netherlands",5,"STRPNE_7",2012,0,0,356.999999286
"7727","Netherlands",5,"STRPNE_7",2013,0,0,376.9999993214
"7728","Netherlands",5,"STRPNE_7",2014,0,0,312.9999992801
"7729","Netherlands",5,"STRPNE_7",2016,0,0,390.9999992962
"7730","Netherlands",5,"STRPNE_7",2019,0,0,364.9999994525
"7731","Netherlands",5,"STRPNE_7",2022,0,0,320.999999037
"7732","Netherlands",5,"STRPNE_7",2024,0,0,1292.999997414
"7733","Netherlands",5,"STRPNE_7A",2012,0,0,356.999999286
"7734","Netherlands",5,"STRPNE_7A",2014,0,0,312.9999992801
"7735","Netherlands",5,"STRPNE_7A",2015,0,0,401.9999991558
"7736","Netherlands",5,"STRPNE_7A",2017,0,0,368.9999997048
"7737","Netherlands",5,"STRPNE_7A",2018,0,0,427.9999988872
"7738","Netherlands",5,"STRPNE_7A",2019,0,0,364.9999994525
"7739","Netherlands",5,"STRPNE_7A",2020,0,0,219.999999626
"7740","Netherlands",5,"STRPNE_7A",2022,0,0,320.999999037
"7741","Netherlands",5,"STRPNE_7A",2023,0,0,1230.9999981535
"7742","Netherlands",5,"STRPNE_7A",2024,0,0,1292.999997414
"7743","Netherlands",5,"STRPNE_7B",2010,0,0,296.9999996139
"7744","Netherlands",5,"STRPNE_7B",2011,0,0,328.9999995394
"7745","Netherlands",5,"STRPNE_7B",2012,0,0,356.999999286
"7746","Netherlands",5,"STRPNE_7B",2013,0,0,376.9999993214
"7747","Netherlands",5,"STRPNE_7B",2014,0,0,312.9999992801
"7748","Netherlands",5,"STRPNE_7B",2015,0,0,401.9999991558
"7749","Netherlands",5,"STRPNE_7B",2016,0,0,390.9999992962
"7750","Netherlands",5,"STRPNE_7B",2017,0,0,368.9999997048
"7751","Netherlands",5,"STRPNE_7B",2018,1.0023418884,0.234192030608899,427.9999988872
"7752","Netherlands",5,"STRPNE_7B",2019,1.0055096285,0.275482090413223,364.9999994525
"7753","Netherlands",5,"STRPNE_7B",2020,2.0091324,0.913242001552511,219.999999626
"7754","Netherlands",5,"STRPNE_7B",2021,0,0,201
"7755","Netherlands",5,"STRPNE_7B",2022,0,0,320.999999037
"7756","Netherlands",5,"STRPNE_7B",2023,1.0032599529,0.0814995901222494,1230.9999981535
"7757","Netherlands",5,"STRPNE_7B",2024,2.0218920288,0.156372160312744,1292.999997414
"7758","Netherlands",5,"STRPNE_7C",2010,0,0,296.9999996139
"7759","Netherlands",5,"STRPNE_7C",2011,0,0,328.9999995394
"7760","Netherlands",5,"STRPNE_7C",2012,0,0,356.999999286
"7761","Netherlands",5,"STRPNE_7C",2013,0,0,376.9999993214
"7762","Netherlands",5,"STRPNE_7C",2014,0,0,312.9999992801
"7763","Netherlands",5,"STRPNE_7C",2015,0,0,401.9999991558
"7764","Netherlands",5,"STRPNE_7C",2016,0,0,390.9999992962
"7765","Netherlands",5,"STRPNE_7C",2017,0,0,368.9999997048
"7766","Netherlands",5,"STRPNE_7C",2018,1.0023418884,0.234192030608899,427.9999988872
"7767","Netherlands",5,"STRPNE_7C",2019,4.0220385505,1.10192837165289,364.9999994525
"7768","Netherlands",5,"STRPNE_7C",2020,4.018264822,1.82648401310502,219.999999626
"7769","Netherlands",5,"STRPNE_7C",2021,1.005,0.5,201
"7770","Netherlands",5,"STRPNE_7C",2022,5.9999999727,1.86915887560748,320.999999037
"7771","Netherlands",5,"STRPNE_7C",2023,19.0619395975,1.54849225232274,1230.9999981535
"7772","Netherlands",5,"STRPNE_7C",2024,19.2079749201,1.48553557297107,1292.999997414
"7773","Netherlands",5,"STRPNE_7F",2010,32.9999999967,11.1111111244444,296.9999996139
"7774","Netherlands",5,"STRPNE_7F",2011,45.9999999739,13.9817629295745,328.9999995394
"7775","Netherlands",5,"STRPNE_7F",2012,40.9999999731,11.4845938529692,356.999999286
"7776","Netherlands",5,"STRPNE_7F",2013,39.1037233834,10.3723404386702,376.9999993214
"7777","Netherlands",5,"STRPNE_7F",2014,28.9999999723,9.2651757313099,312.9999992801
"7778","Netherlands",5,"STRPNE_7F",2015,31.99999998,7.96019901671642,401.9999991558
"7779","Netherlands",5,"STRPNE_7F",2016,21.9999999786,5.62659847012788,390.9999992962
"7780","Netherlands",5,"STRPNE_7F",2017,17.0461956249,4.61956521369565,368.9999997048
"7781","Netherlands",5,"STRPNE_7F",2018,10.0234191836,2.34192037608899,427.9999988872
"7782","Netherlands",5,"STRPNE_7F",2019,1.0055096285,0.275482090413223,364.9999994525
"7783","Netherlands",5,"STRPNE_7F",2020,1.0045662,0.456621000776256,219.999999626
"7784","Netherlands",5,"STRPNE_7F",2021,0,0,201
"7785","Netherlands",5,"STRPNE_7F",2022,0,0,320.999999037
"7786","Netherlands",5,"STRPNE_7F",2023,2.0065199058,0.162999180244499,1230.9999981535
"7787","Netherlands",5,"STRPNE_7F",2024,2.0218920288,0.156372160312744,1292.999997414
"7788","Netherlands",5,"STRPNE_8",2010,28.9999999872,9.7643097726936,296.9999996139
"7789","Netherlands",5,"STRPNE_8",2011,44.9999999995,13.6778115691489,328.9999995394
"7790","Netherlands",5,"STRPNE_8",2012,54.9999999822,15.4061624908123,356.999999286
"7791","Netherlands",5,"STRPNE_8",2013,68.1808510526,18.0851064125532,376.9999993214
"7792","Netherlands",5,"STRPNE_8",2014,65.9999999974,21.0862620284984,312.9999992801
"7793","Netherlands",5,"STRPNE_8",2015,91.9999999626,22.8855721780597,401.9999991558
"7794","Netherlands",5,"STRPNE_8",2016,91.9999999816,23.5294118023529,390.9999992962
"7795","Netherlands",5,"STRPNE_8",2017,88.2391304043,23.9130434891304,368.9999997048
"7796","Netherlands",5,"STRPNE_8",2018,92.2154566432,21.5456674960187,427.9999988872
"7797","Netherlands",5,"STRPNE_8",2019,84.462809889,23.1404958947107,364.9999994525
"7798","Netherlands",5,"STRPNE_8",2020,50.228310484,22.8310502588128,219.999999626
"7799","Netherlands",5,"STRPNE_8",2021,39.195,19.5,201
"7800","Netherlands",5,"STRPNE_8",2022,59.9999999838,18.6915888360748,320.999999037
"7801","Netherlands",5,"STRPNE_8",2023,162.5281172938,13.2029339998044,1230.9999981535
"7802","Netherlands",5,"STRPNE_8",2024,154.6747458924,11.9624707039249,1292.999997414
"7803","Netherlands",5,"STRPNE_9",2010,0,0,296.9999996139
"7804","Netherlands",5,"STRPNE_9",2011,0,0,328.9999995394
"7805","Netherlands",5,"STRPNE_9",2012,0,0,356.999999286
"7806","Netherlands",5,"STRPNE_9",2013,0,0,376.9999993214
"7807","Netherlands",5,"STRPNE_9",2014,0.9999999753,0.319488810734824,312.9999992801
"7808","Netherlands",5,"STRPNE_9",2015,0,0,401.9999991558
"7809","Netherlands",5,"STRPNE_9",2016,0,0,390.9999992962
"7810","Netherlands",5,"STRPNE_9",2017,0,0,368.9999997048
"7811","Netherlands",5,"STRPNE_9",2018,0,0,427.9999988872
"7812","Netherlands",5,"STRPNE_9",2019,0,0,364.9999994525
"7813","Netherlands",5,"STRPNE_9",2021,0,0,201
"7814","Netherlands",5,"STRPNE_9",2022,0,0,320.999999037
"7815","Netherlands",5,"STRPNE_9",2024,0,0,1292.999997414
"7816","Netherlands",5,"STRPNE_9A",2010,0,0,296.9999996139
"7817","Netherlands",5,"STRPNE_9A",2011,0,0,328.9999995394
"7818","Netherlands",5,"STRPNE_9A",2012,0,0,356.999999286
"7819","Netherlands",5,"STRPNE_9A",2013,0,0,376.9999993214
"7820","Netherlands",5,"STRPNE_9A",2014,0,0,312.9999992801
"7821","Netherlands",5,"STRPNE_9A",2015,0,0,401.9999991558
"7822","Netherlands",5,"STRPNE_9A",2016,0.9999999777,0.255754470460358,390.9999992962
"7823","Netherlands",5,"STRPNE_9A",2017,0,0,368.9999997048
"7824","Netherlands",5,"STRPNE_9A",2018,1.0023418884,0.234192030608899,427.9999988872
"7825","Netherlands",5,"STRPNE_9A",2019,0,0,364.9999994525
"7826","Netherlands",5,"STRPNE_9A",2020,0,0,219.999999626
"7827","Netherlands",5,"STRPNE_9A",2021,0,0,201
"7828","Netherlands",5,"STRPNE_9A",2022,0,0,320.999999037
"7829","Netherlands",5,"STRPNE_9A",2023,0,0,1230.9999981535
"7830","Netherlands",5,"STRPNE_9A",2024,0,0,1292.999997414
"7831","Netherlands",5,"STRPNE_9L",2011,0,0,328.9999995394
"7832","Netherlands",5,"STRPNE_9L",2013,0,0,376.9999993214
"7833","Netherlands",5,"STRPNE_9L",2014,0,0,312.9999992801
"7834","Netherlands",5,"STRPNE_9L",2015,0,0,401.9999991558
"7835","Netherlands",5,"STRPNE_9L",2016,0,0,390.9999992962
"7836","Netherlands",5,"STRPNE_9L",2017,0,0,368.9999997048
"7837","Netherlands",5,"STRPNE_9L",2018,0,0,427.9999988872
"7838","Netherlands",5,"STRPNE_9L",2019,0,0,364.9999994525
"7839","Netherlands",5,"STRPNE_9L",2020,0,0,219.999999626
"7840","Netherlands",5,"STRPNE_9L",2021,0,0,201
"7841","Netherlands",5,"STRPNE_9L",2022,0,0,320.999999037
"7842","Netherlands",5,"STRPNE_9L",2023,0,0,1230.9999981535
"7843","Netherlands",5,"STRPNE_9L",2024,0,0,1292.999997414
"7844","Netherlands",5,"STRPNE_9N",2010,11.9999999988,4.04040404525253,296.9999996139
"7845","Netherlands",5,"STRPNE_9N",2011,10.9999999816,3.34346504468085,328.9999995394
"7846","Netherlands",5,"STRPNE_9N",2012,10.9999999893,3.08123249616246,356.999999286
"7847","Netherlands",5,"STRPNE_9N",2013,13.034574436,3.4574468062234,376.9999993214
"7848","Netherlands",5,"STRPNE_9N",2014,12.9999999919,4.15335463955272,312.9999992801
"7849","Netherlands",5,"STRPNE_9N",2015,16.9999999944,4.2288557288806,401.9999991558
"7850","Netherlands",5,"STRPNE_9N",2016,27.9999999621,7.16112532289003,390.9999992962
"7851","Netherlands",5,"STRPNE_9N",2017,23.0625,6.250000005,368.9999997048
"7852","Netherlands",5,"STRPNE_9N",2018,25.0585479804,5.85480094522248,427.9999988872
"7853","Netherlands",5,"STRPNE_9N",2019,23.1267217475,6.33608815950413,364.9999994525
"7854","Netherlands",5,"STRPNE_9N",2020,13.05936071,5.93607306009132,219.999999626
"7855","Netherlands",5,"STRPNE_9N",2021,10.05,5,201
"7856","Netherlands",5,"STRPNE_9N",2022,8.9999999751,2.80373831841121,320.999999037
"7857","Netherlands",5,"STRPNE_9N",2023,50.1629991222,4.07497962611247,1230.9999981535
"7858","Netherlands",5,"STRPNE_9N",2024,93.0070366866,7.19311963438624,1292.999997414
"7859","Netherlands",5,"STRPNE_9V",2010,11.9999999988,4.04040404525253,296.9999996139
"7860","Netherlands",5,"STRPNE_9V",2011,3.9999999963,1.21580547170213,328.9999995394
"7861","Netherlands",5,"STRPNE_9V",2012,0.9999999828,0.280112040560224,356.999999286
"7862","Netherlands",5,"STRPNE_9V",2013,3.0079787218,0.79787234143617,376.9999993214
"7863","Netherlands",5,"STRPNE_9V",2014,1.9999999819,0.638977631469649,312.9999992801
"7864","Netherlands",5,"STRPNE_9V",2015,3.9999999774,0.995024872089552,401.9999991558
"7865","Netherlands",5,"STRPNE_9V",2016,0,0,390.9999992962
"7866","Netherlands",5,"STRPNE_9V",2017,1.0027173897,0.271739130217391,368.9999997048
"7867","Netherlands",5,"STRPNE_9V",2018,2.0046838196,0.468384071217799,427.9999988872
"7868","Netherlands",5,"STRPNE_9V",2019,0,0,364.9999994525
"7869","Netherlands",5,"STRPNE_9V",2020,0,0,219.999999626
"7870","Netherlands",5,"STRPNE_9V",2021,0,0,201
"7871","Netherlands",5,"STRPNE_9V",2022,0,0,320.999999037
"7872","Netherlands",5,"STRPNE_9V",2023,1.0032599529,0.0814995901222494,1230.9999981535
"7873","Netherlands",5,"STRPNE_9V",2024,0,0,1292.999997414
"7874","Netherlands",5,"STRPNE_NTYP",2010,0,0,296.9999996139
"7875","Netherlands",5,"STRPNE_NTYP",2011,0,0,328.9999995394
"7876","Netherlands",5,"STRPNE_NTYP",2012,0,0,356.999999286
"7877","Netherlands",5,"STRPNE_NTYP",2013,0,0,376.9999993214
"7878","Netherlands",5,"STRPNE_NTYP",2014,0,0,312.9999992801
"7879","Netherlands",5,"STRPNE_NTYP",2015,0,0,401.9999991558
"7880","Netherlands",5,"STRPNE_NTYP",2016,0,0,390.9999992962
"7881","Netherlands",5,"STRPNE_NTYP",2017,0,0,368.9999997048
"7882","Netherlands",5,"STRPNE_NTYP",2018,1.0023418884,0.234192030608899,427.9999988872
"7883","Netherlands",5,"STRPNE_NTYP",2019,0,0,364.9999994525
"7884","Netherlands",5,"STRPNE_NTYP",2020,0,0,219.999999626
"7885","Netherlands",5,"STRPNE_NTYP",2021,0,0,201
"7886","Netherlands",5,"STRPNE_NTYP",2022,0.9999999687,0.311526470934579,320.999999037
"7887","Netherlands",5,"STRPNE_NTYP",2023,0,0,1230.9999981535
"7888","Netherlands",5,"STRPNE_NTYP",2024,0,0,1292.999997414
"7889","Norway",5,"STRPNE_1",2010,14.559999987,3.73333333672,389.999999298
"7890","Norway",5,"STRPNE_1",2011,15.28,4.0000000044,381.9999995798
"7891","Norway",5,"STRPNE_1",2012,7.1981132022,2.20125786418239,326.9999993787
"7892","Norway",5,"STRPNE_1",2013,3.1114864757,1.01351351202703,306.999999386
"7893","Norway",5,"STRPNE_1",2014,4.078688494,1.31147540262295,310.999999378
"7894","Norway",5,"STRPNE_1",2015,0,0,311.9999994072
"7895","Norway",5,"STRPNE_1",2016,0,0,376.999999246
"7896","Norway",5,"STRPNE_1",2017,0,0,330.9999992387
"7897","Norway",5,"STRPNE_1",2018,0,0,344.999999241
"7898","Norway",5,"STRPNE_1",2019,0,0,349.999999475
"7899","Norway",5,"STRPNE_1",2020,0,0,169.999999779
"7900","Norway",5,"STRPNE_1",2021,0,0,183.9999995584
"7901","Norway",5,"STRPNE_1",2022,0,0,275.9999999724
"7902","Norway",5,"STRPNE_1",2023,1.020114936,0.287356320402299,354.999999503
"7903","Norway",5,"STRPNE_1",2024,0,0,389.999998752
"7904","Norway",5,"STRPNE_10",2010,0,0,389.999999298
"7905","Norway",5,"STRPNE_10",2011,0,0,381.9999995798
"7906","Norway",5,"STRPNE_10",2012,0,0,326.9999993787
"7907","Norway",5,"STRPNE_10",2013,0,0,306.999999386
"7908","Norway",5,"STRPNE_10",2014,0,0,310.999999378
"7909","Norway",5,"STRPNE_10",2015,0,0,311.9999994072
"7910","Norway",5,"STRPNE_10",2016,0,0,376.999999246
"7911","Norway",5,"STRPNE_10",2018,0,0,344.999999241
"7912","Norway",5,"STRPNE_10",2019,0,0,349.999999475
"7913","Norway",5,"STRPNE_10",2020,0,0,169.999999779
"7914","Norway",5,"STRPNE_10",2022,0,0,275.9999999724
"7915","Norway",5,"STRPNE_10",2023,0,0,354.999999503
"7916","Norway",5,"STRPNE_10",2024,0,0,389.999998752
"7917","Norway",5,"STRPNE_10A",2010,8.319999987,2.13333333384,389.999999298
"7918","Norway",5,"STRPNE_10A",2011,4.0746666412,1.06666666117333,381.9999995798
"7919","Norway",5,"STRPNE_10A",2012,7.1981132022,2.20125786418239,326.9999993787
"7920","Norway",5,"STRPNE_10A",2013,9.3344594578,3.04054054608108,306.999999386
"7921","Norway",5,"STRPNE_10A",2014,8.1573770191,2.6229508152459,310.999999378
"7922","Norway",5,"STRPNE_10A",2015,10.1298701088,3.24675324616883,311.9999994072
"7923","Norway",5,"STRPNE_10A",2016,11.3306010896,3.00546448601093,376.999999246
"7924","Norway",5,"STRPNE_10A",2017,11.1687116272,3.37423312776074,330.9999992387
"7925","Norway",5,"STRPNE_10A",2018,18.7871286975,5.4455445619802,344.999999241
"7926","Norway",5,"STRPNE_10A",2019,12.62886597,3.60824742541237,349.999999475
"7927","Norway",5,"STRPNE_10A",2020,4.121212114,2.42424242315151,169.999999779
"7928","Norway",5,"STRPNE_10A",2021,7.0769230656,3.84615384923077,183.9999995584
"7929","Norway",5,"STRPNE_10A",2022,9.1660516596,3.3210332103321,275.9999999724
"7930","Norway",5,"STRPNE_10A",2023,16.321839047,4.59770114643678,354.999999503
"7931","Norway",5,"STRPNE_10A",2024,8.103896073,2.07792207664935,389.999998752
"7932","Norway",5,"STRPNE_10B",2010,0,0,389.999999298
"7933","Norway",5,"STRPNE_10B",2011,0,0,381.9999995798
"7934","Norway",5,"STRPNE_10B",2012,0,0,326.9999993787
"7935","Norway",5,"STRPNE_10B",2013,0,0,306.999999386
"7936","Norway",5,"STRPNE_10B",2014,2.039344247,0.655737701311475,310.999999378
"7937","Norway",5,"STRPNE_10B",2015,3.0389610264,0.974025971850649,311.9999994072
"7938","Norway",5,"STRPNE_10B",2016,3.0901639301,0.819672131639344,376.999999246
"7939","Norway",5,"STRPNE_10B",2017,0,0,330.9999992387
"7940","Norway",5,"STRPNE_10B",2018,0,0,344.999999241
"7941","Norway",5,"STRPNE_10B",2019,1.804123685,0.515463910773196,349.999999475
"7942","Norway",5,"STRPNE_10B",2020,0,0,169.999999779
"7943","Norway",5,"STRPNE_10B",2021,2.0219780056,1.09890109263736,183.9999995584
"7944","Norway",5,"STRPNE_10B",2022,1.0184501844,0.3690036900369,275.9999999724
"7945","Norway",5,"STRPNE_10B",2023,3.060344808,0.862068961206896,354.999999503
"7946","Norway",5,"STRPNE_10B",2024,3.038961003,0.779220772493506,389.999998752
"7947","Norway",5,"STRPNE_10C",2013,0,0,306.999999386
"7948","Norway",5,"STRPNE_10C",2017,1.0153374026,0.306748460705521,330.9999992387
"7949","Norway",5,"STRPNE_10C",2018,0,0,344.999999241
"7950","Norway",5,"STRPNE_10C",2020,0,0,169.999999779
"7951","Norway",5,"STRPNE_10C",2022,0,0,275.9999999724
"7952","Norway",5,"STRPNE_10C",2023,0,0,354.999999503
"7953","Norway",5,"STRPNE_10F",2010,0,0,389.999999298
"7954","Norway",5,"STRPNE_10F",2011,0,0,381.9999995798
"7955","Norway",5,"STRPNE_10F",2012,0,0,326.9999993787
"7956","Norway",5,"STRPNE_10F",2013,0,0,306.999999386
"7957","Norway",5,"STRPNE_10F",2014,1.0196721235,0.327868850655738,310.999999378
"7958","Norway",5,"STRPNE_10F",2015,0,0,311.9999994072
"7959","Norway",5,"STRPNE_10F",2016,1.0300546308,0.273224040546448,376.999999246
"7960","Norway",5,"STRPNE_10F",2017,1.0153374026,0.306748460705521,330.9999992387
"7961","Norway",5,"STRPNE_10F",2018,1.707920775,0.495049501089109,344.999999241
"7962","Norway",5,"STRPNE_10F",2019,0,0,349.999999475
"7963","Norway",5,"STRPNE_10F",2020,0,0,169.999999779
"7964","Norway",5,"STRPNE_10F",2021,0,0,183.9999995584
"7965","Norway",5,"STRPNE_10F",2024,0,0,389.999998752
"7966","Norway",5,"STRPNE_11",2010,0,0,389.999999298
"7967","Norway",5,"STRPNE_11",2011,0,0,381.9999995798
"7968","Norway",5,"STRPNE_11",2012,0,0,326.9999993787
"7969","Norway",5,"STRPNE_11",2013,0,0,306.999999386
"7970","Norway",5,"STRPNE_11",2014,0,0,310.999999378
"7971","Norway",5,"STRPNE_11",2015,0,0,311.9999994072
"7972","Norway",5,"STRPNE_11",2016,0,0,376.999999246
"7973","Norway",5,"STRPNE_11",2017,0,0,330.9999992387
"7974","Norway",5,"STRPNE_11",2019,0,0,349.999999475
"7975","Norway",5,"STRPNE_11",2021,0,0,183.9999995584
"7976","Norway",5,"STRPNE_11",2022,0,0,275.9999999724
"7977","Norway",5,"STRPNE_11",2023,0,0,354.999999503
"7978","Norway",5,"STRPNE_11",2024,0,0,389.999998752
"7979","Norway",5,"STRPNE_11A",2010,13.519999974,3.46666666624,389.999999298
"7980","Norway",5,"STRPNE_11A",2011,11.2053333206,2.93333333322667,381.9999995798
"7981","Norway",5,"STRPNE_11A",2012,12.339622623,3.77358490716981,326.9999993787
"7982","Norway",5,"STRPNE_11A",2013,14.5202702404,4.72972972945946,306.999999386
"7983","Norway",5,"STRPNE_11A",2014,14.2754098223,4.59016393918033,310.999999378
"7984","Norway",5,"STRPNE_11A",2015,13.1688311664,4.22077922801948,311.9999994072
"7985","Norway",5,"STRPNE_11A",2016,10.3005464211,2.73224043546448,376.999999246
"7986","Norway",5,"STRPNE_11A",2017,9.1380367889,2.76073619634969,330.9999992387
"7987","Norway",5,"STRPNE_11A",2018,5.1237623595,1.48514851326733,344.999999241
"7988","Norway",5,"STRPNE_11A",2019,9.02061853,2.57731958386598,349.999999475
"7989","Norway",5,"STRPNE_11A",2020,3.090909077,1.81818181236364,169.999999779
"7990","Norway",5,"STRPNE_11A",2021,2.0219780056,1.09890109263736,183.9999995584
"7991","Norway",5,"STRPNE_11A",2022,10.184501844,3.690036900369,275.9999999724
"7992","Norway",5,"STRPNE_11A",2023,11.221264367,3.16091954442529,354.999999503
"7993","Norway",5,"STRPNE_11A",2024,8.103896073,2.07792207664935,389.999998752
"7994","Norway",5,"STRPNE_11A/D",2023,0,0,354.999999503
"7995","Norway",5,"STRPNE_11B",2010,0,0,389.999999298
"7996","Norway",5,"STRPNE_11B",2011,0,0,381.9999995798
"7997","Norway",5,"STRPNE_11B",2013,0,0,306.999999386
"7998","Norway",5,"STRPNE_11B",2014,0,0,310.999999378
"7999","Norway",5,"STRPNE_11B",2015,0,0,311.9999994072
"8000","Norway",5,"STRPNE_11B",2016,0,0,376.999999246
"8001","Norway",5,"STRPNE_11B",2017,0,0,330.9999992387
"8002","Norway",5,"STRPNE_11B",2018,0,0,344.999999241
"8003","Norway",5,"STRPNE_11B",2019,1.804123685,0.515463910773196,349.999999475
"8004","Norway",5,"STRPNE_11B",2020,0,0,169.999999779
"8005","Norway",5,"STRPNE_11B",2022,2.0369003688,0.738007380073801,275.9999999724
"8006","Norway",5,"STRPNE_11B",2023,0,0,354.999999503
"8007","Norway",5,"STRPNE_11B",2024,3.038961003,0.779220772493506,389.999998752
"8008","Norway",5,"STRPNE_11C",2011,0,0,381.9999995798
"8009","Norway",5,"STRPNE_11C",2012,0,0,326.9999993787
"8010","Norway",5,"STRPNE_11C",2013,0,0,306.999999386
"8011","Norway",5,"STRPNE_11C",2014,0,0,310.999999378
"8012","Norway",5,"STRPNE_11C",2015,0,0,311.9999994072
"8013","Norway",5,"STRPNE_11C",2016,0,0,376.999999246
"8014","Norway",5,"STRPNE_11C",2017,0,0,330.9999992387
"8015","Norway",5,"STRPNE_11C",2018,0,0,344.999999241
"8016","Norway",5,"STRPNE_11C",2021,0,0,183.9999995584
"8017","Norway",5,"STRPNE_11C",2023,0,0,354.999999503
"8018","Norway",5,"STRPNE_11D",2010,0,0,389.999999298
"8019","Norway",5,"STRPNE_11D",2011,0,0,381.9999995798
"8020","Norway",5,"STRPNE_11D",2015,0,0,311.9999994072
"8021","Norway",5,"STRPNE_11D",2017,0,0,330.9999992387
"8022","Norway",5,"STRPNE_11D",2018,0,0,344.999999241
"8023","Norway",5,"STRPNE_11D",2019,0,0,349.999999475
"8024","Norway",5,"STRPNE_11D",2020,0,0,169.999999779
"8025","Norway",5,"STRPNE_11D",2021,0,0,183.9999995584
"8026","Norway",5,"STRPNE_11D",2022,0,0,275.9999999724
"8027","Norway",5,"STRPNE_11D",2023,0,0,354.999999503
"8028","Norway",5,"STRPNE_11D",2024,0,0,389.999998752
"8029","Norway",5,"STRPNE_11E",2019,5.412371125,1.54639175231959,349.999999475
"8030","Norway",5,"STRPNE_11E",2022,3.0553505532,1.1070110701107,275.9999999724
"8031","Norway",5,"STRPNE_11E",2024,1.012986975,0.259740250831169,389.999998752
"8032","Norway",5,"STRPNE_11F",2010,0,0,389.999999298
"8033","Norway",5,"STRPNE_11F",2011,0,0,381.9999995798
"8034","Norway",5,"STRPNE_11F",2012,0,0,326.9999993787
"8035","Norway",5,"STRPNE_11F",2018,0,0,344.999999241
"8036","Norway",5,"STRPNE_11F",2024,0,0,389.999998752
"8037","Norway",5,"STRPNE_12",2010,0,0,389.999999298
"8038","Norway",5,"STRPNE_12",2011,0,0,381.9999995798
"8039","Norway",5,"STRPNE_12",2012,0,0,326.9999993787
"8040","Norway",5,"STRPNE_12",2013,0,0,306.999999386
"8041","Norway",5,"STRPNE_12",2014,0,0,310.999999378
"8042","Norway",5,"STRPNE_12",2015,0,0,311.9999994072
"8043","Norway",5,"STRPNE_12",2016,0,0,376.999999246
"8044","Norway",5,"STRPNE_12",2017,0,0,330.9999992387
"8045","Norway",5,"STRPNE_12",2018,0,0,344.999999241
"8046","Norway",5,"STRPNE_12",2019,0,0,349.999999475
"8047","Norway",5,"STRPNE_12",2022,0,0,275.9999999724
"8048","Norway",5,"STRPNE_12",2024,0,0,389.999998752
"8049","Norway",5,"STRPNE_12A",2010,0,0,389.999999298
"8050","Norway",5,"STRPNE_12A",2012,1.028301858,0.314465400597484,326.9999993787
"8051","Norway",5,"STRPNE_12A",2013,0,0,306.999999386
"8052","Norway",5,"STRPNE_12A",2015,0,0,311.9999994072
"8053","Norway",5,"STRPNE_12A",2017,0,0,330.9999992387
"8054","Norway",5,"STRPNE_12A",2018,0,0,344.999999241
"8055","Norway",5,"STRPNE_12A",2022,0,0,275.9999999724
"8056","Norway",5,"STRPNE_12A",2023,0,0,354.999999503
"8057","Norway",5,"STRPNE_12A",2024,0,0,389.999998752
"8058","Norway",5,"STRPNE_12B",2010,0,0,389.999999298
"8059","Norway",5,"STRPNE_12B",2011,0,0,381.9999995798
"8060","Norway",5,"STRPNE_12B",2012,0,0,326.9999993787
"8061","Norway",5,"STRPNE_12B",2013,0,0,306.999999386
"8062","Norway",5,"STRPNE_12B",2014,0,0,310.999999378
"8063","Norway",5,"STRPNE_12B",2015,0,0,311.9999994072
"8064","Norway",5,"STRPNE_12B",2016,0,0,376.999999246
"8065","Norway",5,"STRPNE_12B",2017,0,0,330.9999992387
"8066","Norway",5,"STRPNE_12B",2018,0,0,344.999999241
"8067","Norway",5,"STRPNE_12B",2019,0,0,349.999999475
"8068","Norway",5,"STRPNE_12B",2020,0,0,169.999999779
"8069","Norway",5,"STRPNE_12B",2021,0,0,183.9999995584
"8070","Norway",5,"STRPNE_12B",2022,0,0,275.9999999724
"8071","Norway",5,"STRPNE_12B",2023,0,0,354.999999503
"8072","Norway",5,"STRPNE_12B",2024,0,0,389.999998752
"8073","Norway",5,"STRPNE_12F",2010,1.039999974,0.26666666048,389.999999298
"8074","Norway",5,"STRPNE_12F",2011,4.0746666412,1.06666666117333,381.9999995798
"8075","Norway",5,"STRPNE_12F",2012,2.0566037487,0.628930811194969,326.9999993787
"8076","Norway",5,"STRPNE_12F",2013,4.1486486445,1.3513513527027,306.999999386
"8077","Norway",5,"STRPNE_12F",2014,4.078688494,1.31147540262295,310.999999378
"8078","Norway",5,"STRPNE_12F",2015,3.0389610264,0.974025971850649,311.9999994072
"8079","Norway",5,"STRPNE_12F",2016,10.3005464211,2.73224043546448,376.999999246
"8080","Norway",5,"STRPNE_12F",2017,4.0613496766,1.22699386282209,330.9999992387
"8081","Norway",5,"STRPNE_12F",2018,5.1237623595,1.48514851326733,344.999999241
"8082","Norway",5,"STRPNE_12F",2019,0,0,349.999999475
"8083","Norway",5,"STRPNE_12F",2020,0,0,169.999999779
"8084","Norway",5,"STRPNE_12F",2021,0,0,183.9999995584
"8085","Norway",5,"STRPNE_12F",2022,0,0,275.9999999724
"8086","Norway",5,"STRPNE_12F",2023,0,0,354.999999503
"8087","Norway",5,"STRPNE_12F",2024,2.025973989,0.519480511662338,389.999998752
"8088","Norway",5,"STRPNE_13",2010,0,0,389.999999298
"8089","Norway",5,"STRPNE_13",2011,0,0,381.9999995798
"8090","Norway",5,"STRPNE_13",2012,0,0,326.9999993787
"8091","Norway",5,"STRPNE_13",2013,0,0,306.999999386
"8092","Norway",5,"STRPNE_13",2014,1.0196721235,0.327868850655738,310.999999378
"8093","Norway",5,"STRPNE_13",2015,0,0,311.9999994072
"8094","Norway",5,"STRPNE_13",2016,2.0601092616,0.546448081092896,376.999999246
"8095","Norway",5,"STRPNE_13",2017,1.0153374026,0.306748460705521,330.9999992387
"8096","Norway",5,"STRPNE_13",2018,0,0,344.999999241
"8097","Norway",5,"STRPNE_13",2019,1.804123685,0.515463910773196,349.999999475
"8098","Norway",5,"STRPNE_13",2020,0,0,169.999999779
"8099","Norway",5,"STRPNE_13",2021,0,0,183.9999995584
"8100","Norway",5,"STRPNE_13",2022,0,0,275.9999999724
"8101","Norway",5,"STRPNE_13",2023,0,0,354.999999503
"8102","Norway",5,"STRPNE_13",2024,0,0,389.999998752
"8103","Norway",5,"STRPNE_14",2010,10.399999974,2.6666666648,389.999999298
"8104","Norway",5,"STRPNE_14",2011,5.0933333206,1.33333333146667,381.9999995798
"8105","Norway",5,"STRPNE_14",2012,4.1132075301,1.25786163238994,326.9999993787
"8106","Norway",5,"STRPNE_14",2013,3.1114864757,1.01351351202703,306.999999386
"8107","Norway",5,"STRPNE_14",2014,2.039344247,0.655737701311475,310.999999378
"8108","Norway",5,"STRPNE_14",2015,2.0259739968,0.649350641233766,311.9999994072
"8109","Norway",5,"STRPNE_14",2016,2.0601092616,0.546448081092896,376.999999246
"8110","Norway",5,"STRPNE_14",2017,1.0153374026,0.306748460705521,330.9999992387
"8111","Norway",5,"STRPNE_14",2018,0,0,344.999999241
"8112","Norway",5,"STRPNE_14",2019,3.608247405,1.03092783154639,349.999999475
"8113","Norway",5,"STRPNE_14",2020,0,0,169.999999779
"8114","Norway",5,"STRPNE_14",2021,0,0,183.9999995584
"8115","Norway",5,"STRPNE_14",2022,0,0,275.9999999724
"8116","Norway",5,"STRPNE_14",2023,1.020114936,0.287356320402299,354.999999503
"8117","Norway",5,"STRPNE_14",2024,0,0,389.999998752
"8118","Norway",5,"STRPNE_15",2010,0,0,389.999999298
"8119","Norway",5,"STRPNE_15",2011,0,0,381.9999995798
"8120","Norway",5,"STRPNE_15",2012,0,0,326.9999993787
"8121","Norway",5,"STRPNE_15",2013,0,0,306.999999386
"8122","Norway",5,"STRPNE_15",2014,0,0,310.999999378
"8123","Norway",5,"STRPNE_15",2015,0,0,311.9999994072
"8124","Norway",5,"STRPNE_15",2016,0,0,376.999999246
"8125","Norway",5,"STRPNE_15",2017,0,0,330.9999992387
"8126","Norway",5,"STRPNE_15",2018,3.41584155,0.990099002178218,344.999999241
"8127","Norway",5,"STRPNE_15",2019,0,0,349.999999475
"8128","Norway",5,"STRPNE_15",2020,0,0,169.999999779
"8129","Norway",5,"STRPNE_15",2021,0,0,183.9999995584
"8130","Norway",5,"STRPNE_15",2022,0,0,275.9999999724
"8131","Norway",5,"STRPNE_15",2023,0,0,354.999999503
"8132","Norway",5,"STRPNE_15",2024,0,0,389.999998752
"8133","Norway",5,"STRPNE_15A",2010,0,0,389.999999298
"8134","Norway",5,"STRPNE_15A",2011,1.0186666412,0.266666660293333,381.9999995798
"8135","Norway",5,"STRPNE_15A",2012,6.1698113115,1.88679245358491,326.9999993787
"8136","Norway",5,"STRPNE_15A",2013,4.1486486445,1.3513513527027,306.999999386
"8137","Norway",5,"STRPNE_15A",2014,10.1967212972,3.27868852655738,310.999999378
"8138","Norway",5,"STRPNE_15A",2015,9.1168831104,2.92207792555195,311.9999994072
"8139","Norway",5,"STRPNE_15A",2016,13.3907103512,3.55191256710382,376.999999246
"8140","Norway",5,"STRPNE_15A",2017,16.2453987726,4.90797547128834,330.9999992387
"8141","Norway",5,"STRPNE_15A",2018,17.079207888,4.95049505089109,344.999999241
"8142","Norway",5,"STRPNE_15A",2019,12.62886597,3.60824742541237,349.999999475
"8143","Norway",5,"STRPNE_15A",2020,4.121212114,2.42424242315151,169.999999779
"8144","Norway",5,"STRPNE_15A",2021,7.0769230656,3.84615384923077,183.9999995584
"8145","Norway",5,"STRPNE_15A",2022,11.2029520284,4.0590405904059,275.9999999724
"8146","Norway",5,"STRPNE_15A",2023,15.301724111,4.31034482603448,354.999999503
"8147","Norway",5,"STRPNE_15A",2024,13.168831143,3.37662338080519,389.999998752
"8148","Norway",5,"STRPNE_15B",2010,6.24,1.60000000288,389.999999298
"8149","Norway",5,"STRPNE_15B",2011,8.1493333206,2.13333333234667,381.9999995798
"8150","Norway",5,"STRPNE_15B",2012,7.1981132022,2.20125786418239,326.9999993787
"8151","Norway",5,"STRPNE_15B",2013,5.1858107826,1.68918918337838,306.999999386
"8152","Norway",5,"STRPNE_15B",2014,6.1180327721,1.96721311393443,310.999999378
"8153","Norway",5,"STRPNE_15B",2015,4.0519480248,1.29870129246753,311.9999994072
"8154","Norway",5,"STRPNE_15B",2016,9.2704917903,2.45901639491803,376.999999246
"8155","Norway",5,"STRPNE_15B",2017,5.0766871123,1.53374233352761,330.9999992387
"8156","Norway",5,"STRPNE_15B",2018,11.9554455285,3.46534653762376,344.999999241
"8157","Norway",5,"STRPNE_15B",2019,7.216494845,2.06185567309278,349.999999475
"8158","Norway",5,"STRPNE_15B",2020,1.03030302,0.606060600787879,169.999999779
"8159","Norway",5,"STRPNE_15B",2021,1.0109889936,0.549450541318681,183.9999995584
"8160","Norway",5,"STRPNE_15B",2022,0,0,275.9999999724
"8161","Norway",5,"STRPNE_15B",2023,0,0,354.999999503
"8162","Norway",5,"STRPNE_15B",2024,0,0,389.999998752
"8163","Norway",5,"STRPNE_15B/C",2012,0,0,326.9999993787
"8164","Norway",5,"STRPNE_15B/C",2013,0,0,306.999999386
"8165","Norway",5,"STRPNE_15B/C",2014,0,0,310.999999378
"8166","Norway",5,"STRPNE_15B/C",2015,0,0,311.9999994072
"8167","Norway",5,"STRPNE_15B/C",2016,0,0,376.999999246
"8168","Norway",5,"STRPNE_15B/C",2017,0,0,330.9999992387
"8169","Norway",5,"STRPNE_15B/C",2018,0,0,344.999999241
"8170","Norway",5,"STRPNE_15B/C",2019,0,0,349.999999475
"8171","Norway",5,"STRPNE_15B/C",2020,0,0,169.999999779
"8172","Norway",5,"STRPNE_15B/C",2021,7.0769230656,3.84615384923077,183.9999995584
"8173","Norway",5,"STRPNE_15B/C",2022,8.1476014752,2.9520295202952,275.9999999724
"8174","Norway",5,"STRPNE_15B/C",2023,10.2011493955,2.87356321402299,354.999999503
"8175","Norway",5,"STRPNE_15B/C",2024,13.168831143,3.37662338080519,389.999998752
"8176","Norway",5,"STRPNE_15C",2010,4.159999974,1.06666666192,389.999999298
"8177","Norway",5,"STRPNE_15C",2011,4.0746666412,1.06666666117333,381.9999995798
"8178","Norway",5,"STRPNE_15C",2012,3.0849056394,0.943396221792453,326.9999993787
"8179","Norway",5,"STRPNE_15C",2013,1.0371621381,0.337837830675676,306.999999386
"8180","Norway",5,"STRPNE_15C",2014,9.1770491737,2.95081967590164,310.999999378
"8181","Norway",5,"STRPNE_15C",2015,8.1038960808,2.59740259493506,311.9999994072
"8182","Norway",5,"STRPNE_15C",2016,5.1502731917,1.36612021273224,376.999999246
"8183","Norway",5,"STRPNE_15C",2017,6.0920245149,1.84049079423313,330.9999992387
"8184","Norway",5,"STRPNE_15C",2018,1.707920775,0.495049501089109,344.999999241
"8185","Norway",5,"STRPNE_15C",2019,7.216494845,2.06185567309278,349.999999475
"8186","Norway",5,"STRPNE_15C",2020,3.090909077,1.81818181236364,169.999999779
"8187","Norway",5,"STRPNE_15C",2021,4.0439560296,2.19780219527473,183.9999995584
"8188","Norway",5,"STRPNE_15C",2022,0,0,275.9999999724
"8189","Norway",5,"STRPNE_15C",2023,0,0,354.999999503
"8190","Norway",5,"STRPNE_15C",2024,0,0,389.999998752
"8191","Norway",5,"STRPNE_15F",2010,0,0,389.999999298
"8192","Norway",5,"STRPNE_15F",2011,0,0,381.9999995798
"8193","Norway",5,"STRPNE_15F",2012,0,0,326.9999993787
"8194","Norway",5,"STRPNE_15F",2013,0,0,306.999999386
"8195","Norway",5,"STRPNE_15F",2014,0,0,310.999999378
"8196","Norway",5,"STRPNE_15F",2015,0,0,311.9999994072
"8197","Norway",5,"STRPNE_15F",2016,0,0,376.999999246
"8198","Norway",5,"STRPNE_15F",2017,0,0,330.9999992387
"8199","Norway",5,"STRPNE_15F",2018,0,0,344.999999241
"8200","Norway",5,"STRPNE_15F",2021,0,0,183.9999995584
"8201","Norway",5,"STRPNE_15F",2022,0,0,275.9999999724
"8202","Norway",5,"STRPNE_15F",2023,0,0,354.999999503
"8203","Norway",5,"STRPNE_15F",2024,0,0,389.999998752
"8204","Norway",5,"STRPNE_16",2010,0,0,389.999999298
"8205","Norway",5,"STRPNE_16",2011,0,0,381.9999995798
"8206","Norway",5,"STRPNE_16",2012,0,0,326.9999993787
"8207","Norway",5,"STRPNE_16",2013,0,0,306.999999386
"8208","Norway",5,"STRPNE_16",2014,0,0,310.999999378
"8209","Norway",5,"STRPNE_16",2016,0,0,376.999999246
"8210","Norway",5,"STRPNE_16",2017,0,0,330.9999992387
"8211","Norway",5,"STRPNE_16",2018,0,0,344.999999241
"8212","Norway",5,"STRPNE_16",2019,0,0,349.999999475
"8213","Norway",5,"STRPNE_16",2022,0,0,275.9999999724
"8214","Norway",5,"STRPNE_16",2023,0,0,354.999999503
"8215","Norway",5,"STRPNE_16",2024,0,0,389.999998752
"8216","Norway",5,"STRPNE_16A",2013,0,0,306.999999386
"8217","Norway",5,"STRPNE_16A",2014,1.0196721235,0.327868850655738,310.999999378
"8218","Norway",5,"STRPNE_16A",2015,0,0,311.9999994072
"8219","Norway",5,"STRPNE_16A",2017,0,0,330.9999992387
"8220","Norway",5,"STRPNE_16A",2018,0,0,344.999999241
"8221","Norway",5,"STRPNE_16A",2019,0,0,349.999999475
"8222","Norway",5,"STRPNE_16A",2021,0,0,183.9999995584
"8223","Norway",5,"STRPNE_16A",2022,0,0,275.9999999724
"8224","Norway",5,"STRPNE_16A",2023,0,0,354.999999503
"8225","Norway",5,"STRPNE_16A",2024,0,0,389.999998752
"8226","Norway",5,"STRPNE_16F",2010,10.399999974,2.6666666648,389.999999298
"8227","Norway",5,"STRPNE_16F",2011,4.0746666412,1.06666666117333,381.9999995798
"8228","Norway",5,"STRPNE_16F",2012,4.1132075301,1.25786163238994,326.9999993787
"8229","Norway",5,"STRPNE_16F",2013,7.2601351202,2.36486486472973,306.999999386
"8230","Norway",5,"STRPNE_16F",2014,7.1377048956,2.29508196459016,310.999999378
"8231","Norway",5,"STRPNE_16F",2015,6.0779220528,1.9480519437013,311.9999994072
"8232","Norway",5,"STRPNE_16F",2016,14.4207650197,3.82513661765027,376.999999246
"8233","Norway",5,"STRPNE_16F",2017,6.0920245149,1.84049079423313,330.9999992387
"8234","Norway",5,"STRPNE_16F",2018,8.539603944,2.47524752544554,344.999999241
"8235","Norway",5,"STRPNE_16F",2019,10.82474225,3.09278350463918,349.999999475
"8236","Norway",5,"STRPNE_16F",2020,4.121212114,2.42424242315151,169.999999779
"8237","Norway",5,"STRPNE_16F",2021,2.0219780056,1.09890109263736,183.9999995584
"8238","Norway",5,"STRPNE_16F",2022,5.092250922,1.8450184501845,275.9999999724
"8239","Norway",5,"STRPNE_16F",2023,6.1206896515,1.72413793241379,354.999999503
"8240","Norway",5,"STRPNE_16F",2024,2.025973989,0.519480511662338,389.999998752
"8241","Norway",5,"STRPNE_17",2010,0,0,389.999999298
"8242","Norway",5,"STRPNE_17",2011,0,0,381.9999995798
"8243","Norway",5,"STRPNE_17",2012,0,0,326.9999993787
"8244","Norway",5,"STRPNE_17",2013,0,0,306.999999386
"8245","Norway",5,"STRPNE_17",2014,0,0,310.999999378
"8246","Norway",5,"STRPNE_17",2017,0,0,330.9999992387
"8247","Norway",5,"STRPNE_17",2022,0,0,275.9999999724
"8248","Norway",5,"STRPNE_17A",2010,0,0,389.999999298
"8249","Norway",5,"STRPNE_17A",2011,0,0,381.9999995798
"8250","Norway",5,"STRPNE_17A",2012,0,0,326.9999993787
"8251","Norway",5,"STRPNE_17A",2013,0,0,306.999999386
"8252","Norway",5,"STRPNE_17A",2014,0,0,310.999999378
"8253","Norway",5,"STRPNE_17A",2015,0,0,311.9999994072
"8254","Norway",5,"STRPNE_17A",2016,0,0,376.999999246
"8255","Norway",5,"STRPNE_17A",2017,0,0,330.9999992387
"8256","Norway",5,"STRPNE_17A",2018,0,0,344.999999241
"8257","Norway",5,"STRPNE_17A",2019,0,0,349.999999475
"8258","Norway",5,"STRPNE_17A",2020,0,0,169.999999779
"8259","Norway",5,"STRPNE_17A",2021,0,0,183.9999995584
"8260","Norway",5,"STRPNE_17A",2022,0,0,275.9999999724
"8261","Norway",5,"STRPNE_17A",2023,0,0,354.999999503
"8262","Norway",5,"STRPNE_17A",2024,0,0,389.999998752
"8263","Norway",5,"STRPNE_17A/35B/C",2023,0,0,354.999999503
"8264","Norway",5,"STRPNE_17F",2010,1.039999974,0.26666666048,389.999999298
"8265","Norway",5,"STRPNE_17F",2011,1.0186666412,0.266666660293333,381.9999995798
"8266","Norway",5,"STRPNE_17F",2012,2.0566037487,0.628930811194969,326.9999993787
"8267","Norway",5,"STRPNE_17F",2013,1.0371621381,0.337837830675676,306.999999386
"8268","Norway",5,"STRPNE_17F",2014,1.0196721235,0.327868850655738,310.999999378
"8269","Norway",5,"STRPNE_17F",2015,1.0129869984,0.324675320616883,311.9999994072
"8270","Norway",5,"STRPNE_17F",2016,1.0300546308,0.273224040546448,376.999999246
"8271","Norway",5,"STRPNE_17F",2017,3.0460122409,0.920245392116564,330.9999992387
"8272","Norway",5,"STRPNE_17F",2018,5.1237623595,1.48514851326733,344.999999241
"8273","Norway",5,"STRPNE_17F",2019,3.608247405,1.03092783154639,349.999999475
"8274","Norway",5,"STRPNE_17F",2020,4.121212114,2.42424242315151,169.999999779
"8275","Norway",5,"STRPNE_17F",2021,1.0109889936,0.549450541318681,183.9999995584
"8276","Norway",5,"STRPNE_17F",2022,4.0738007376,1.4760147601476,275.9999999724
"8277","Norway",5,"STRPNE_17F",2023,3.060344808,0.862068961206896,354.999999503
"8278","Norway",5,"STRPNE_17F",2024,2.025973989,0.519480511662338,389.999998752
"8279","Norway",5,"STRPNE_18",2010,0,0,389.999999298
"8280","Norway",5,"STRPNE_18",2011,0,0,381.9999995798
"8281","Norway",5,"STRPNE_18",2012,0,0,326.9999993787
"8282","Norway",5,"STRPNE_18",2013,0,0,306.999999386
"8283","Norway",5,"STRPNE_18",2014,0,0,310.999999378
"8284","Norway",5,"STRPNE_18",2019,0,0,349.999999475
"8285","Norway",5,"STRPNE_18",2021,0,0,183.9999995584
"8286","Norway",5,"STRPNE_18",2022,0,0,275.9999999724
"8287","Norway",5,"STRPNE_18",2023,0,0,354.999999503
"8288","Norway",5,"STRPNE_18",2024,0,0,389.999998752
"8289","Norway",5,"STRPNE_18A",2010,2.079999987,0.53333333096,389.999999298
"8290","Norway",5,"STRPNE_18A",2011,0,0,381.9999995798
"8291","Norway",5,"STRPNE_18A",2012,0,0,326.9999993787
"8292","Norway",5,"STRPNE_18A",2013,0,0,306.999999386
"8293","Norway",5,"STRPNE_18A",2014,1.0196721235,0.327868850655738,310.999999378
"8294","Norway",5,"STRPNE_18A",2015,2.0259739968,0.649350641233766,311.9999994072
"8295","Norway",5,"STRPNE_18A",2016,0,0,376.999999246
"8296","Norway",5,"STRPNE_18A",2017,0,0,330.9999992387
"8297","Norway",5,"STRPNE_18A",2018,0,0,344.999999241
"8298","Norway",5,"STRPNE_18A",2019,0,0,349.999999475
"8299","Norway",5,"STRPNE_18A",2020,0,0,169.999999779
"8300","Norway",5,"STRPNE_18A",2021,0,0,183.9999995584
"8301","Norway",5,"STRPNE_18A",2022,0,0,275.9999999724
"8302","Norway",5,"STRPNE_18A",2023,0,0,354.999999503
"8303","Norway",5,"STRPNE_18A",2024,0,0,389.999998752
"8304","Norway",5,"STRPNE_18B",2010,0,0,389.999999298
"8305","Norway",5,"STRPNE_18B",2011,0,0,381.9999995798
"8306","Norway",5,"STRPNE_18B",2012,0,0,326.9999993787
"8307","Norway",5,"STRPNE_18B",2013,0,0,306.999999386
"8308","Norway",5,"STRPNE_18B",2014,0,0,310.999999378
"8309","Norway",5,"STRPNE_18B",2017,0,0,330.9999992387
"8310","Norway",5,"STRPNE_18B",2018,0,0,344.999999241
"8311","Norway",5,"STRPNE_18B",2019,0,0,349.999999475
"8312","Norway",5,"STRPNE_18B",2020,0,0,169.999999779
"8313","Norway",5,"STRPNE_18B",2022,0,0,275.9999999724
"8314","Norway",5,"STRPNE_18B",2024,0,0,389.999998752
"8315","Norway",5,"STRPNE_18C",2010,7.279999974,1.86666666336,389.999999298
"8316","Norway",5,"STRPNE_18C",2011,1.0186666412,0.266666660293333,381.9999995798
"8317","Norway",5,"STRPNE_18C",2012,2.0566037487,0.628930811194969,326.9999993787
"8318","Norway",5,"STRPNE_18C",2013,2.0743243069,0.675675671351351,306.999999386
"8319","Norway",5,"STRPNE_18C",2014,3.0590163705,0.983606551967213,310.999999378
"8320","Norway",5,"STRPNE_18C",2015,1.0129869984,0.324675320616883,311.9999994072
"8321","Norway",5,"STRPNE_18C",2016,0,0,376.999999246
"8322","Norway",5,"STRPNE_18C",2017,1.0153374026,0.306748460705521,330.9999992387
"8323","Norway",5,"STRPNE_18C",2018,0,0,344.999999241
"8324","Norway",5,"STRPNE_18C",2019,1.804123685,0.515463910773196,349.999999475
"8325","Norway",5,"STRPNE_18C",2020,0,0,169.999999779
"8326","Norway",5,"STRPNE_18C",2021,1.0109889936,0.549450541318681,183.9999995584
"8327","Norway",5,"STRPNE_18C",2022,0,0,275.9999999724
"8328","Norway",5,"STRPNE_18C",2023,2.040229872,0.574712640804598,354.999999503
"8329","Norway",5,"STRPNE_18C",2024,0,0,389.999998752
"8330","Norway",5,"STRPNE_18F",2010,0,0,389.999999298
"8331","Norway",5,"STRPNE_18F",2011,0,0,381.9999995798
"8332","Norway",5,"STRPNE_18F",2013,0,0,306.999999386
"8333","Norway",5,"STRPNE_18F",2015,0,0,311.9999994072
"8334","Norway",5,"STRPNE_18F",2016,0,0,376.999999246
"8335","Norway",5,"STRPNE_18F",2023,0,0,354.999999503
"8336","Norway",5,"STRPNE_18F",2024,0,0,389.999998752
"8337","Norway",5,"STRPNE_19",2010,0,0,389.999999298
"8338","Norway",5,"STRPNE_19",2011,0,0,381.9999995798
"8339","Norway",5,"STRPNE_19",2012,0,0,326.9999993787
"8340","Norway",5,"STRPNE_19",2013,0,0,306.999999386
"8341","Norway",5,"STRPNE_19",2014,0,0,310.999999378
"8342","Norway",5,"STRPNE_19",2016,0,0,376.999999246
"8343","Norway",5,"STRPNE_19",2017,0,0,330.9999992387
"8344","Norway",5,"STRPNE_19",2018,0,0,344.999999241
"8345","Norway",5,"STRPNE_19",2019,0,0,349.999999475
"8346","Norway",5,"STRPNE_19",2020,0,0,169.999999779
"8347","Norway",5,"STRPNE_19",2021,0,0,183.9999995584
"8348","Norway",5,"STRPNE_19",2022,0,0,275.9999999724
"8349","Norway",5,"STRPNE_19",2023,0,0,354.999999503
"8350","Norway",5,"STRPNE_19",2024,0,0,389.999998752
"8351","Norway",5,"STRPNE_19A",2010,48.879999987,12.53333335256,389.999999298
"8352","Norway",5,"STRPNE_19A",2011,51.952,13.60000001496,381.9999995798
"8353","Norway",5,"STRPNE_19A",2012,28.7924528088,8.80503145672956,326.9999993787
"8354","Norway",5,"STRPNE_19A",2013,15.5574324092,5.06756757013513,306.999999386
"8355","Norway",5,"STRPNE_19A",2014,17.3344262239,5.57377050114754,310.999999378
"8356","Norway",5,"STRPNE_19A",2015,12.1558441368,3.8961038974026,311.9999994072
"8357","Norway",5,"STRPNE_19A",2016,15.4508196505,4.09836065819672,376.999999246
"8358","Norway",5,"STRPNE_19A",2017,7.1073619506,2.14723926493865,330.9999992387
"8359","Norway",5,"STRPNE_19A",2018,10.247524719,2.97029702653465,344.999999241
"8360","Norway",5,"STRPNE_19A",2019,3.608247405,1.03092783154639,349.999999475
"8361","Norway",5,"STRPNE_19A",2020,5.151515151,3.03030303393939,169.999999779
"8362","Norway",5,"STRPNE_19A",2021,2.0219780056,1.09890109263736,183.9999995584
"8363","Norway",5,"STRPNE_19A",2022,8.1476014752,2.9520295202952,275.9999999724
"8364","Norway",5,"STRPNE_19A",2023,4.080459744,1.1494252816092,354.999999503
"8365","Norway",5,"STRPNE_19A",2024,11.142857115,2.85714285914286,389.999998752
"8366","Norway",5,"STRPNE_19B",2014,0,0,310.999999378
"8367","Norway",5,"STRPNE_19B",2016,0,0,376.999999246
"8368","Norway",5,"STRPNE_19B",2018,0,0,344.999999241
"8369","Norway",5,"STRPNE_19B",2021,0,0,183.9999995584
"8370","Norway",5,"STRPNE_19B",2022,0,0,275.9999999724
"8371","Norway",5,"STRPNE_19B",2023,0,0,354.999999503
"8372","Norway",5,"STRPNE_19C",2011,0,0,381.9999995798
"8373","Norway",5,"STRPNE_19C",2012,0,0,326.9999993787
"8374","Norway",5,"STRPNE_19C",2013,0,0,306.999999386
"8375","Norway",5,"STRPNE_19C",2014,0,0,310.999999378
"8376","Norway",5,"STRPNE_19C",2017,0,0,330.9999992387
"8377","Norway",5,"STRPNE_19C",2020,0,0,169.999999779
"8378","Norway",5,"STRPNE_19C",2024,0,0,389.999998752
"8379","Norway",5,"STRPNE_19F",2010,8.319999987,2.13333333384,389.999999298
"8380","Norway",5,"STRPNE_19F",2011,8.1493333206,2.13333333234667,381.9999995798
"8381","Norway",5,"STRPNE_19F",2012,6.1698113115,1.88679245358491,326.9999993787
"8382","Norway",5,"STRPNE_19F",2013,3.1114864757,1.01351351202703,306.999999386
"8383","Norway",5,"STRPNE_19F",2014,2.039344247,0.655737701311475,310.999999378
"8384","Norway",5,"STRPNE_19F",2015,4.0519480248,1.29870129246753,311.9999994072
"8385","Norway",5,"STRPNE_19F",2016,5.1502731917,1.36612021273224,376.999999246
"8386","Norway",5,"STRPNE_19F",2017,3.0460122409,0.920245392116564,330.9999992387
"8387","Norway",5,"STRPNE_19F",2018,3.41584155,0.990099002178218,344.999999241
"8388","Norway",5,"STRPNE_19F",2019,7.216494845,2.06185567309278,349.999999475
"8389","Norway",5,"STRPNE_19F",2020,2.060606057,1.21212121157576,169.999999779
"8390","Norway",5,"STRPNE_19F",2021,2.0219780056,1.09890109263736,183.9999995584
"8391","Norway",5,"STRPNE_19F",2022,6.1107011064,2.2140221402214,275.9999999724
"8392","Norway",5,"STRPNE_19F",2023,8.1609195235,2.29885057321839,354.999999503
"8393","Norway",5,"STRPNE_19F",2024,10.129870101,2.59740259831169,389.999998752
"8394","Norway",5,"STRPNE_2",2011,0,0,381.9999995798
"8395","Norway",5,"STRPNE_2",2012,0,0,326.9999993787
"8396","Norway",5,"STRPNE_2",2013,0,0,306.999999386
"8397","Norway",5,"STRPNE_2",2015,0,0,311.9999994072
"8398","Norway",5,"STRPNE_2",2016,0,0,376.999999246
"8399","Norway",5,"STRPNE_2",2019,0,0,349.999999475
"8400","Norway",5,"STRPNE_2",2022,0,0,275.9999999724
"8401","Norway",5,"STRPNE_2",2024,0,0,389.999998752
"8402","Norway",5,"STRPNE_20",2010,1.039999974,0.26666666048,389.999999298
"8403","Norway",5,"STRPNE_20",2011,0,0,381.9999995798
"8404","Norway",5,"STRPNE_20",2012,0,0,326.9999993787
"8405","Norway",5,"STRPNE_20",2013,1.0371621381,0.337837830675676,306.999999386
"8406","Norway",5,"STRPNE_20",2014,1.0196721235,0.327868850655738,310.999999378
"8407","Norway",5,"STRPNE_20",2015,0,0,311.9999994072
"8408","Norway",5,"STRPNE_20",2016,2.0601092616,0.546448081092896,376.999999246
"8409","Norway",5,"STRPNE_20",2017,6.0920245149,1.84049079423313,330.9999992387
"8410","Norway",5,"STRPNE_20",2018,0,0,344.999999241
"8411","Norway",5,"STRPNE_20",2019,7.216494845,2.06185567309278,349.999999475
"8412","Norway",5,"STRPNE_20",2020,6.181818171,3.63636363472727,169.999999779
"8413","Norway",5,"STRPNE_20",2021,5.0549450416,2.74725274659341,183.9999995584
"8414","Norway",5,"STRPNE_20",2022,7.1291512908,2.5830258302583,275.9999999724
"8415","Norway",5,"STRPNE_20",2023,6.1206896515,1.72413793241379,354.999999503
"8416","Norway",5,"STRPNE_20",2024,4.051948017,1.03896103332468,389.999998752
"8417","Norway",5,"STRPNE_21",2010,1.039999974,0.26666666048,389.999999298
"8418","Norway",5,"STRPNE_21",2011,0,0,381.9999995798
"8419","Norway",5,"STRPNE_21",2012,1.028301858,0.314465400597484,326.9999993787
"8420","Norway",5,"STRPNE_21",2013,0,0,306.999999386
"8421","Norway",5,"STRPNE_21",2014,2.039344247,0.655737701311475,310.999999378
"8422","Norway",5,"STRPNE_21",2015,1.0129869984,0.324675320616883,311.9999994072
"8423","Norway",5,"STRPNE_21",2016,0,0,376.999999246
"8424","Norway",5,"STRPNE_21",2017,0,0,330.9999992387
"8425","Norway",5,"STRPNE_21",2018,1.707920775,0.495049501089109,344.999999241
"8426","Norway",5,"STRPNE_21",2019,0,0,349.999999475
"8427","Norway",5,"STRPNE_21",2020,1.03030302,0.606060600787879,169.999999779
"8428","Norway",5,"STRPNE_21",2021,1.0109889936,0.549450541318681,183.9999995584
"8429","Norway",5,"STRPNE_21",2022,0,0,275.9999999724
"8430","Norway",5,"STRPNE_21",2023,0,0,354.999999503
"8431","Norway",5,"STRPNE_21",2024,0,0,389.999998752
"8432","Norway",5,"STRPNE_22",2010,0,0,389.999999298
"8433","Norway",5,"STRPNE_22",2011,0,0,381.9999995798
"8434","Norway",5,"STRPNE_22",2012,0,0,326.9999993787
"8435","Norway",5,"STRPNE_22",2013,0,0,306.999999386
"8436","Norway",5,"STRPNE_22",2014,0,0,310.999999378
"8437","Norway",5,"STRPNE_22",2015,0,0,311.9999994072
"8438","Norway",5,"STRPNE_22",2016,0,0,376.999999246
"8439","Norway",5,"STRPNE_22",2017,0,0,330.9999992387
"8440","Norway",5,"STRPNE_22",2018,0,0,344.999999241
"8441","Norway",5,"STRPNE_22",2019,0,0,349.999999475
"8442","Norway",5,"STRPNE_22",2022,0,0,275.9999999724
"8443","Norway",5,"STRPNE_22",2023,0,0,354.999999503
"8444","Norway",5,"STRPNE_22A",2011,0,0,381.9999995798
"8445","Norway",5,"STRPNE_22A",2012,0,0,326.9999993787
"8446","Norway",5,"STRPNE_22A",2013,0,0,306.999999386
"8447","Norway",5,"STRPNE_22A",2014,0,0,310.999999378
"8448","Norway",5,"STRPNE_22A",2015,0,0,311.9999994072
"8449","Norway",5,"STRPNE_22A",2016,1.0300546308,0.273224040546448,376.999999246
"8450","Norway",5,"STRPNE_22A",2017,0,0,330.9999992387
"8451","Norway",5,"STRPNE_22A",2018,0,0,344.999999241
"8452","Norway",5,"STRPNE_22A",2019,0,0,349.999999475
"8453","Norway",5,"STRPNE_22A",2020,0,0,169.999999779
"8454","Norway",5,"STRPNE_22A",2022,0,0,275.9999999724
"8455","Norway",5,"STRPNE_22A",2023,0,0,354.999999503
"8456","Norway",5,"STRPNE_22A",2024,0,0,389.999998752
"8457","Norway",5,"STRPNE_22F",2010,44.719999974,11.46666668064,389.999999298
"8458","Norway",5,"STRPNE_22F",2011,47.8773333206,12.5333333437867,381.9999995798
"8459","Norway",5,"STRPNE_22F",2012,47.301886776,14.4654088274843,326.9999993787
"8460","Norway",5,"STRPNE_22F",2013,61.1925675601,19.9324324698649,306.999999386
"8461","Norway",5,"STRPNE_22F",2014,49.9639344247,16.0655738021311,310.999999378
"8462","Norway",5,"STRPNE_22F",2015,64.8311688024,20.7792208094805,311.9999994072
"8463","Norway",5,"STRPNE_22F",2016,79.3142076272,21.0382514020765,376.999999246
"8464","Norway",5,"STRPNE_22F",2017,57.8742331067,17.4846626102147,330.9999992387
"8465","Norway",5,"STRPNE_22F",2018,63.193069296,18.316831720297,344.999999241
"8466","Norway",5,"STRPNE_22F",2019,50.515463915,14.4329897116495,349.999999475
"8467","Norway",5,"STRPNE_22F",2020,22.666666661,13.3333333473333,169.999999779
"8468","Norway",5,"STRPNE_22F",2021,19.2087911912,10.4395604550549,183.9999995584
"8469","Norway",5,"STRPNE_22F",2022,42.7749077448,15.4981549815498,275.9999999724
"8470","Norway",5,"STRPNE_22F",2023,65.2873562945,18.3908046157471,354.999999503
"8471","Norway",5,"STRPNE_22F",2024,62.80519479,16.1038961515325,389.999998752
"8472","Norway",5,"STRPNE_23",2010,0,0,389.999999298
"8473","Norway",5,"STRPNE_23",2011,0,0,381.9999995798
"8474","Norway",5,"STRPNE_23",2012,0,0,326.9999993787
"8475","Norway",5,"STRPNE_23",2013,0,0,306.999999386
"8476","Norway",5,"STRPNE_23",2014,0,0,310.999999378
"8477","Norway",5,"STRPNE_23",2015,0,0,311.9999994072
"8478","Norway",5,"STRPNE_23",2016,0,0,376.999999246
"8479","Norway",5,"STRPNE_23",2017,0,0,330.9999992387
"8480","Norway",5,"STRPNE_23",2018,0,0,344.999999241
"8481","Norway",5,"STRPNE_23",2019,0,0,349.999999475
"8482","Norway",5,"STRPNE_23",2020,0,0,169.999999779
"8483","Norway",5,"STRPNE_23",2021,0,0,183.9999995584
"8484","Norway",5,"STRPNE_23",2022,0,0,275.9999999724
"8485","Norway",5,"STRPNE_23",2024,0,0,389.999998752
"8486","Norway",5,"STRPNE_23A",2010,16.639999974,4.26666666768,389.999999298
"8487","Norway",5,"STRPNE_23A",2011,16.2986666412,4.26666666469333,381.9999995798
"8488","Norway",5,"STRPNE_23A",2012,9.2547169509,2.83018867537736,326.9999993787
"8489","Norway",5,"STRPNE_23A",2013,12.4459459335,4.05405405810811,306.999999386
"8490","Norway",5,"STRPNE_23A",2014,18.3540983474,5.90163935180328,310.999999378
"8491","Norway",5,"STRPNE_23A",2015,14.1818181648,4.54545454863636,311.9999994072
"8492","Norway",5,"STRPNE_23A",2016,6.1803278602,1.63934426327869,376.999999246
"8493","Norway",5,"STRPNE_23A",2017,18.2760736109,5.52147240269939,330.9999992387
"8494","Norway",5,"STRPNE_23A",2018,10.247524719,2.97029702653465,344.999999241
"8495","Norway",5,"STRPNE_23A",2019,14.43298969,4.12371134618557,349.999999475
"8496","Norway",5,"STRPNE_23A",2020,7.212121208,4.24242424551515,169.999999779
"8497","Norway",5,"STRPNE_23A",2021,11.1208791136,6.04395605450549,183.9999995584
"8498","Norway",5,"STRPNE_23A",2022,13.2398523972,4.79704797047971,275.9999999724
"8499","Norway",5,"STRPNE_23A",2023,13.261494239,3.73563218522989,354.999999503
"8500","Norway",5,"STRPNE_23A",2024,19.246753227,4.93506494579221,389.999998752
"8501","Norway",5,"STRPNE_23B",2010,2.079999987,0.53333333096,389.999999298
"8502","Norway",5,"STRPNE_23B",2011,9.168,2.40000000264,381.9999995798
"8503","Norway",5,"STRPNE_23B",2012,15.4245282951,4.71698113896226,326.9999993787
"8504","Norway",5,"STRPNE_23B",2013,19.7060810537,6.41891892283784,306.999999386
"8505","Norway",5,"STRPNE_23B",2014,12.2360655442,3.93442622786885,310.999999378
"8506","Norway",5,"STRPNE_23B",2015,15.1948051944,4.87012987925325,311.9999994072
"8507","Norway",5,"STRPNE_23B",2016,8.2404371218,2.18579234437158,376.999999246
"8508","Norway",5,"STRPNE_23B",2017,12.1840490629,3.68098159846626,330.9999992387
"8509","Norway",5,"STRPNE_23B",2018,13.6633663035,3.96039603871287,344.999999241
"8510","Norway",5,"STRPNE_23B",2019,19.845360815,5.67010309850515,349.999999475
"8511","Norway",5,"STRPNE_23B",2020,8.242424228,4.84848484630303,169.999999779
"8512","Norway",5,"STRPNE_23B",2021,11.1208791136,6.04395605450549,183.9999995584
"8513","Norway",5,"STRPNE_23B",2022,15.276752766,5.53505535055351,275.9999999724
"8514","Norway",5,"STRPNE_23B",2023,13.261494239,3.73563218522989,354.999999503
"8515","Norway",5,"STRPNE_23B",2024,11.142857115,2.85714285914286,389.999998752
"8516","Norway",5,"STRPNE_23F",2010,5.199999987,1.3333333324,389.999999298
"8517","Norway",5,"STRPNE_23F",2011,6.112,1.60000000176,381.9999995798
"8518","Norway",5,"STRPNE_23F",2012,2.0566037487,0.628930811194969,326.9999993787
"8519","Norway",5,"STRPNE_23F",2013,3.1114864757,1.01351351202703,306.999999386
"8520","Norway",5,"STRPNE_23F",2014,1.0196721235,0.327868850655738,310.999999378
"8521","Norway",5,"STRPNE_23F",2015,0,0,311.9999994072
"8522","Norway",5,"STRPNE_23F",2016,0,0,376.999999246
"8523","Norway",5,"STRPNE_23F",2017,2.0306748383,0.613496931411043,330.9999992387
"8524","Norway",5,"STRPNE_23F",2018,0,0,344.999999241
"8525","Norway",5,"STRPNE_23F",2019,0,0,349.999999475
"8526","Norway",5,"STRPNE_23F",2020,2.060606057,1.21212121157576,169.999999779
"8527","Norway",5,"STRPNE_23F",2021,1.0109889936,0.549450541318681,183.9999995584
"8528","Norway",5,"STRPNE_23F",2022,1.0184501844,0.3690036900369,275.9999999724
"8529","Norway",5,"STRPNE_23F",2023,1.020114936,0.287356320402299,354.999999503
"8530","Norway",5,"STRPNE_23F",2024,0,0,389.999998752
"8531","Norway",5,"STRPNE_24",2010,0,0,389.999999298
"8532","Norway",5,"STRPNE_24",2011,0,0,381.9999995798
"8533","Norway",5,"STRPNE_24",2012,0,0,326.9999993787
"8534","Norway",5,"STRPNE_24",2013,0,0,306.999999386
"8535","Norway",5,"STRPNE_24",2014,0,0,310.999999378
"8536","Norway",5,"STRPNE_24",2019,0,0,349.999999475
"8537","Norway",5,"STRPNE_24",2023,1.020114936,0.287356320402299,354.999999503
"8538","Norway",5,"STRPNE_24",2024,1.012986975,0.259740250831169,389.999998752
"8539","Norway",5,"STRPNE_24A",2010,0,0,389.999999298
"8540","Norway",5,"STRPNE_24A",2011,0,0,381.9999995798
"8541","Norway",5,"STRPNE_24A",2012,0,0,326.9999993787
"8542","Norway",5,"STRPNE_24A",2013,1.0371621381,0.337837830675676,306.999999386
"8543","Norway",5,"STRPNE_24A",2014,0,0,310.999999378
"8544","Norway",5,"STRPNE_24A",2015,0,0,311.9999994072
"8545","Norway",5,"STRPNE_24A",2016,0,0,376.999999246
"8546","Norway",5,"STRPNE_24A",2017,0,0,330.9999992387
"8547","Norway",5,"STRPNE_24A",2018,0,0,344.999999241
"8548","Norway",5,"STRPNE_24A",2019,0,0,349.999999475
"8549","Norway",5,"STRPNE_24A",2020,1.03030302,0.606060600787879,169.999999779
"8550","Norway",5,"STRPNE_24A",2021,2.0219780056,1.09890109263736,183.9999995584
"8551","Norway",5,"STRPNE_24A",2022,1.0184501844,0.3690036900369,275.9999999724
"8552","Norway",5,"STRPNE_24A",2023,0,0,354.999999503
"8553","Norway",5,"STRPNE_24A",2024,1.012986975,0.259740250831169,389.999998752
"8554","Norway",5,"STRPNE_24B",2011,0,0,381.9999995798
"8555","Norway",5,"STRPNE_24B",2012,0,0,326.9999993787
"8556","Norway",5,"STRPNE_24B",2016,0,0,376.999999246
"8557","Norway",5,"STRPNE_24B",2017,0,0,330.9999992387
"8558","Norway",5,"STRPNE_24B",2018,0,0,344.999999241
"8559","Norway",5,"STRPNE_24B",2019,0,0,349.999999475
"8560","Norway",5,"STRPNE_24B",2021,0,0,183.9999995584
"8561","Norway",5,"STRPNE_24B",2022,0,0,275.9999999724
"8562","Norway",5,"STRPNE_24B",2023,0,0,354.999999503
"8563","Norway",5,"STRPNE_24B",2024,1.012986975,0.259740250831169,389.999998752
"8564","Norway",5,"STRPNE_24F",2010,1.039999974,0.26666666048,389.999999298
"8565","Norway",5,"STRPNE_24F",2011,1.0186666412,0.266666660293333,381.9999995798
"8566","Norway",5,"STRPNE_24F",2012,2.0566037487,0.628930811194969,326.9999993787
"8567","Norway",5,"STRPNE_24F",2013,2.0743243069,0.675675671351351,306.999999386
"8568","Norway",5,"STRPNE_24F",2014,6.1180327721,1.96721311393443,310.999999378
"8569","Norway",5,"STRPNE_24F",2015,14.1818181648,4.54545454863636,311.9999994072
"8570","Norway",5,"STRPNE_24F",2016,18.5409835806,4.91803278983607,376.999999246
"8571","Norway",5,"STRPNE_24F",2017,12.1840490629,3.68098159846626,330.9999992387
"8572","Norway",5,"STRPNE_24F",2018,1.707920775,0.495049501089109,344.999999241
"8573","Norway",5,"STRPNE_24F",2019,9.02061853,2.57731958386598,349.999999475
"8574","Norway",5,"STRPNE_24F",2020,1.03030302,0.606060600787879,169.999999779
"8575","Norway",5,"STRPNE_24F",2021,1.0109889936,0.549450541318681,183.9999995584
"8576","Norway",5,"STRPNE_24F",2022,4.0738007376,1.4760147601476,275.9999999724
"8577","Norway",5,"STRPNE_24F",2023,11.221264367,3.16091954442529,354.999999503
"8578","Norway",5,"STRPNE_24F",2024,13.168831143,3.37662338080519,389.999998752
"8579","Norway",5,"STRPNE_25",2010,0,0,389.999999298
"8580","Norway",5,"STRPNE_25",2024,0,0,389.999998752
"8581","Norway",5,"STRPNE_25A",2010,0,0,389.999999298
"8582","Norway",5,"STRPNE_25A",2011,0,0,381.9999995798
"8583","Norway",5,"STRPNE_25A",2012,0,0,326.9999993787
"8584","Norway",5,"STRPNE_25A",2013,0,0,306.999999386
"8585","Norway",5,"STRPNE_25A",2014,0,0,310.999999378
"8586","Norway",5,"STRPNE_25A",2015,0,0,311.9999994072
"8587","Norway",5,"STRPNE_25A",2016,0,0,376.999999246
"8588","Norway",5,"STRPNE_25A",2017,0,0,330.9999992387
"8589","Norway",5,"STRPNE_25A",2018,0,0,344.999999241
"8590","Norway",5,"STRPNE_25A",2019,0,0,349.999999475
"8591","Norway",5,"STRPNE_25A",2022,0,0,275.9999999724
"8592","Norway",5,"STRPNE_25A",2023,0,0,354.999999503
"8593","Norway",5,"STRPNE_25A",2024,0,0,389.999998752
"8594","Norway",5,"STRPNE_25F",2010,0,0,389.999999298
"8595","Norway",5,"STRPNE_25F",2011,0,0,381.9999995798
"8596","Norway",5,"STRPNE_25F",2012,0,0,326.9999993787
"8597","Norway",5,"STRPNE_25F",2014,0,0,310.999999378
"8598","Norway",5,"STRPNE_25F",2015,0,0,311.9999994072
"8599","Norway",5,"STRPNE_25F",2016,1.0300546308,0.273224040546448,376.999999246
"8600","Norway",5,"STRPNE_25F",2017,0,0,330.9999992387
"8601","Norway",5,"STRPNE_25F",2018,0,0,344.999999241
"8602","Norway",5,"STRPNE_25F",2019,0,0,349.999999475
"8603","Norway",5,"STRPNE_25F",2020,0,0,169.999999779
"8604","Norway",5,"STRPNE_25F",2023,0,0,354.999999503
"8605","Norway",5,"STRPNE_25F",2024,0,0,389.999998752
"8606","Norway",5,"STRPNE_27",2011,0,0,381.9999995798
"8607","Norway",5,"STRPNE_27",2012,0,0,326.9999993787
"8608","Norway",5,"STRPNE_27",2013,0,0,306.999999386
"8609","Norway",5,"STRPNE_27",2014,0,0,310.999999378
"8610","Norway",5,"STRPNE_27",2015,0,0,311.9999994072
"8611","Norway",5,"STRPNE_27",2016,0,0,376.999999246
"8612","Norway",5,"STRPNE_27",2017,0,0,330.9999992387
"8613","Norway",5,"STRPNE_27",2018,0,0,344.999999241
"8614","Norway",5,"STRPNE_27",2019,0,0,349.999999475
"8615","Norway",5,"STRPNE_27",2020,0,0,169.999999779
"8616","Norway",5,"STRPNE_27",2021,0,0,183.9999995584
"8617","Norway",5,"STRPNE_27",2022,0,0,275.9999999724
"8618","Norway",5,"STRPNE_27",2023,0,0,354.999999503
"8619","Norway",5,"STRPNE_28",2014,0,0,310.999999378
"8620","Norway",5,"STRPNE_28",2015,0,0,311.9999994072
"8621","Norway",5,"STRPNE_28",2022,0,0,275.9999999724
"8622","Norway",5,"STRPNE_28A",2010,0,0,389.999999298
"8623","Norway",5,"STRPNE_28A",2011,0,0,381.9999995798
"8624","Norway",5,"STRPNE_28A",2012,0,0,326.9999993787
"8625","Norway",5,"STRPNE_28A",2013,0,0,306.999999386
"8626","Norway",5,"STRPNE_28A",2014,0,0,310.999999378
"8627","Norway",5,"STRPNE_28A",2015,0,0,311.9999994072
"8628","Norway",5,"STRPNE_28A",2016,0,0,376.999999246
"8629","Norway",5,"STRPNE_28A",2017,0,0,330.9999992387
"8630","Norway",5,"STRPNE_28A",2018,0,0,344.999999241
"8631","Norway",5,"STRPNE_28A",2019,0,0,349.999999475
"8632","Norway",5,"STRPNE_28A",2020,0,0,169.999999779
"8633","Norway",5,"STRPNE_28A",2021,0,0,183.9999995584
"8634","Norway",5,"STRPNE_28A",2022,0,0,275.9999999724
"8635","Norway",5,"STRPNE_28A",2023,0,0,354.999999503
"8636","Norway",5,"STRPNE_28F",2010,1.039999974,0.26666666048,389.999999298
"8637","Norway",5,"STRPNE_28F",2012,0,0,326.9999993787
"8638","Norway",5,"STRPNE_28F",2013,0,0,306.999999386
"8639","Norway",5,"STRPNE_28F",2014,0,0,310.999999378
"8640","Norway",5,"STRPNE_28F",2017,0,0,330.9999992387
"8641","Norway",5,"STRPNE_28F",2019,0,0,349.999999475
"8642","Norway",5,"STRPNE_28F",2021,0,0,183.9999995584
"8643","Norway",5,"STRPNE_28F",2024,0,0,389.999998752
"8644","Norway",5,"STRPNE_29",2010,0,0,389.999999298
"8645","Norway",5,"STRPNE_29",2011,0,0,381.9999995798
"8646","Norway",5,"STRPNE_29",2012,0,0,326.9999993787
"8647","Norway",5,"STRPNE_29",2013,0,0,306.999999386
"8648","Norway",5,"STRPNE_29",2014,1.0196721235,0.327868850655738,310.999999378
"8649","Norway",5,"STRPNE_29",2015,0,0,311.9999994072
"8650","Norway",5,"STRPNE_29",2016,1.0300546308,0.273224040546448,376.999999246
"8651","Norway",5,"STRPNE_29",2017,1.0153374026,0.306748460705521,330.9999992387
"8652","Norway",5,"STRPNE_29",2018,0,0,344.999999241
"8653","Norway",5,"STRPNE_29",2019,0,0,349.999999475
"8654","Norway",5,"STRPNE_29",2020,0,0,169.999999779
"8655","Norway",5,"STRPNE_29",2021,0,0,183.9999995584
"8656","Norway",5,"STRPNE_29",2022,0,0,275.9999999724
"8657","Norway",5,"STRPNE_29",2023,0,0,354.999999503
"8658","Norway",5,"STRPNE_29",2024,0,0,389.999998752
"8659","Norway",5,"STRPNE_3",2010,30.159999987,7.73333334392,389.999999298
"8660","Norway",5,"STRPNE_3",2011,25.4666666412,6.66666666733333,381.9999995798
"8661","Norway",5,"STRPNE_3",2012,30.8490565902,9.43396227792453,326.9999993787
"8662","Norway",5,"STRPNE_3",2013,20.7432432225,6.75675676351351,306.999999386
"8663","Norway",5,"STRPNE_3",2014,21.413114749,6.88524591377049,310.999999378
"8664","Norway",5,"STRPNE_3",2015,22.2857142768,7.14285715357143,311.9999994072
"8665","Norway",5,"STRPNE_3",2016,32.9617486003,8.74316940748634,376.999999246
"8666","Norway",5,"STRPNE_3",2017,51.7822085587,15.6441718059816,330.9999992387
"8667","Norway",5,"STRPNE_3",2018,42.698019789,12.3762376472277,344.999999241
"8668","Norway",5,"STRPNE_3",2019,46.907216475,13.4020618701031,349.999999475
"8669","Norway",5,"STRPNE_3",2020,22.666666661,13.3333333473333,169.999999779
"8670","Norway",5,"STRPNE_3",2021,23.2527472392,12.6373626603297,183.9999995584
"8671","Norway",5,"STRPNE_3",2022,37.6826568228,13.6531365313653,275.9999999724
"8672","Norway",5,"STRPNE_3",2023,57.126436771,16.0919540425287,354.999999503
"8673","Norway",5,"STRPNE_3",2024,53.688311664,13.7662338040519,389.999998752
"8674","Norway",5,"STRPNE_31",2010,2.079999987,0.53333333096,389.999999298
"8675","Norway",5,"STRPNE_31",2011,0,0,381.9999995798
"8676","Norway",5,"STRPNE_31",2012,0,0,326.9999993787
"8677","Norway",5,"STRPNE_31",2013,2.0743243069,0.675675671351351,306.999999386
"8678","Norway",5,"STRPNE_31",2014,0,0,310.999999378
"8679","Norway",5,"STRPNE_31",2015,6.0779220528,1.9480519437013,311.9999994072
"8680","Norway",5,"STRPNE_31",2016,10.3005464211,2.73224043546448,376.999999246
"8681","Norway",5,"STRPNE_31",2017,5.0766871123,1.53374233352761,330.9999992387
"8682","Norway",5,"STRPNE_31",2018,3.41584155,0.990099002178218,344.999999241
"8683","Norway",5,"STRPNE_31",2019,1.804123685,0.515463910773196,349.999999475
"8684","Norway",5,"STRPNE_31",2020,0,0,169.999999779
"8685","Norway",5,"STRPNE_31",2021,1.0109889936,0.549450541318681,183.9999995584
"8686","Norway",5,"STRPNE_31",2022,1.0184501844,0.3690036900369,275.9999999724
"8687","Norway",5,"STRPNE_31",2023,1.020114936,0.287356320402299,354.999999503
"8688","Norway",5,"STRPNE_31",2024,2.025973989,0.519480511662338,389.999998752
"8689","Norway",5,"STRPNE_32",2010,0,0,389.999999298
"8690","Norway",5,"STRPNE_32A",2013,0,0,306.999999386
"8691","Norway",5,"STRPNE_32A",2015,0,0,311.9999994072
"8692","Norway",5,"STRPNE_33",2010,0,0,389.999999298
"8693","Norway",5,"STRPNE_33",2011,0,0,381.9999995798
"8694","Norway",5,"STRPNE_33",2012,0,0,326.9999993787
"8695","Norway",5,"STRPNE_33",2013,0,0,306.999999386
"8696","Norway",5,"STRPNE_33",2014,0,0,310.999999378
"8697","Norway",5,"STRPNE_33",2015,0,0,311.9999994072
"8698","Norway",5,"STRPNE_33",2017,0,0,330.9999992387
"8699","Norway",5,"STRPNE_33",2018,1.707920775,0.495049501089109,344.999999241
"8700","Norway",5,"STRPNE_33",2019,0,0,349.999999475
"8701","Norway",5,"STRPNE_33",2022,0,0,275.9999999724
"8702","Norway",5,"STRPNE_33",2023,0,0,354.999999503
"8703","Norway",5,"STRPNE_33",2024,1.012986975,0.259740250831169,389.999998752
"8704","Norway",5,"STRPNE_33A",2011,0,0,381.9999995798
"8705","Norway",5,"STRPNE_33A",2012,0,0,326.9999993787
"8706","Norway",5,"STRPNE_33A",2013,0,0,306.999999386
"8707","Norway",5,"STRPNE_33A",2014,0,0,310.999999378
"8708","Norway",5,"STRPNE_33A",2015,0,0,311.9999994072
"8709","Norway",5,"STRPNE_33A",2016,0,0,376.999999246
"8710","Norway",5,"STRPNE_33A",2017,1.0153374026,0.306748460705521,330.9999992387
"8711","Norway",5,"STRPNE_33A",2018,0,0,344.999999241
"8712","Norway",5,"STRPNE_33A",2019,0,0,349.999999475
"8713","Norway",5,"STRPNE_33A",2020,0,0,169.999999779
"8714","Norway",5,"STRPNE_33A",2021,0,0,183.9999995584
"8715","Norway",5,"STRPNE_33A",2022,0,0,275.9999999724
"8716","Norway",5,"STRPNE_33A",2024,0,0,389.999998752
"8717","Norway",5,"STRPNE_33B",2013,0,0,306.999999386
"8718","Norway",5,"STRPNE_33B",2014,0,0,310.999999378
"8719","Norway",5,"STRPNE_33B",2015,0,0,311.9999994072
"8720","Norway",5,"STRPNE_33B",2017,0,0,330.9999992387
"8721","Norway",5,"STRPNE_33B",2018,1.707920775,0.495049501089109,344.999999241
"8722","Norway",5,"STRPNE_33B",2019,1.804123685,0.515463910773196,349.999999475
"8723","Norway",5,"STRPNE_33B",2021,0,0,183.9999995584
"8724","Norway",5,"STRPNE_33B",2024,0,0,389.999998752
"8725","Norway",5,"STRPNE_33C",2024,0,0,389.999998752
"8726","Norway",5,"STRPNE_33D",2016,0,0,376.999999246
"8727","Norway",5,"STRPNE_33D",2017,0,0,330.9999992387
"8728","Norway",5,"STRPNE_33D",2018,0,0,344.999999241
"8729","Norway",5,"STRPNE_33D",2020,0,0,169.999999779
"8730","Norway",5,"STRPNE_33D",2021,0,0,183.9999995584
"8731","Norway",5,"STRPNE_33D",2024,0,0,389.999998752
"8732","Norway",5,"STRPNE_33F",2010,16.639999974,4.26666666768,389.999999298
"8733","Norway",5,"STRPNE_33F",2011,20.3733333206,5.33333333586667,381.9999995798
"8734","Norway",5,"STRPNE_33F",2012,9.2547169509,2.83018867537736,326.9999993787
"8735","Norway",5,"STRPNE_33F",2013,14.5202702404,4.72972972945946,306.999999386
"8736","Norway",5,"STRPNE_33F",2014,6.1180327721,1.96721311393443,310.999999378
"8737","Norway",5,"STRPNE_33F",2015,16.2077921928,5.19480519987013,311.9999994072
"8738","Norway",5,"STRPNE_33F",2016,19.5710382491,5.19125684038251,376.999999246
"8739","Norway",5,"STRPNE_33F",2017,11.1687116272,3.37423312776074,330.9999992387
"8740","Norway",5,"STRPNE_33F",2018,11.9554455285,3.46534653762376,344.999999241
"8741","Norway",5,"STRPNE_33F",2019,9.02061853,2.57731958386598,349.999999475
"8742","Norway",5,"STRPNE_33F",2020,2.060606057,1.21212121157576,169.999999779
"8743","Norway",5,"STRPNE_33F",2021,5.0549450416,2.74725274659341,183.9999995584
"8744","Norway",5,"STRPNE_33F",2022,8.1476014752,2.9520295202952,275.9999999724
"8745","Norway",5,"STRPNE_33F",2023,6.1206896515,1.72413793241379,354.999999503
"8746","Norway",5,"STRPNE_33F",2024,9.116883087,2.33766233748052,389.999998752
"8747","Norway",5,"STRPNE_34",2010,0,0,389.999999298
"8748","Norway",5,"STRPNE_34",2011,0,0,381.9999995798
"8749","Norway",5,"STRPNE_34",2012,1.028301858,0.314465400597484,326.9999993787
"8750","Norway",5,"STRPNE_34",2013,1.0371621381,0.337837830675676,306.999999386
"8751","Norway",5,"STRPNE_34",2014,0,0,310.999999378
"8752","Norway",5,"STRPNE_34",2015,1.0129869984,0.324675320616883,311.9999994072
"8753","Norway",5,"STRPNE_34",2016,1.0300546308,0.273224040546448,376.999999246
"8754","Norway",5,"STRPNE_34",2017,1.0153374026,0.306748460705521,330.9999992387
"8755","Norway",5,"STRPNE_34",2018,1.707920775,0.495049501089109,344.999999241
"8756","Norway",5,"STRPNE_34",2019,0,0,349.999999475
"8757","Norway",5,"STRPNE_34",2020,1.03030302,0.606060600787879,169.999999779
"8758","Norway",5,"STRPNE_34",2021,1.0109889936,0.549450541318681,183.9999995584
"8759","Norway",5,"STRPNE_34",2022,0,0,275.9999999724
"8760","Norway",5,"STRPNE_34",2023,0,0,354.999999503
"8761","Norway",5,"STRPNE_34",2024,0,0,389.999998752
"8762","Norway",5,"STRPNE_35",2010,0,0,389.999999298
"8763","Norway",5,"STRPNE_35",2011,0,0,381.9999995798
"8764","Norway",5,"STRPNE_35",2012,0,0,326.9999993787
"8765","Norway",5,"STRPNE_35",2013,0,0,306.999999386
"8766","Norway",5,"STRPNE_35",2014,0,0,310.999999378
"8767","Norway",5,"STRPNE_35",2017,0,0,330.9999992387
"8768","Norway",5,"STRPNE_35",2019,0,0,349.999999475
"8769","Norway",5,"STRPNE_35",2020,0,0,169.999999779
"8770","Norway",5,"STRPNE_35",2023,1.020114936,0.287356320402299,354.999999503
"8771","Norway",5,"STRPNE_35",2024,2.025973989,0.519480511662338,389.999998752
"8772","Norway",5,"STRPNE_35A",2012,0,0,326.9999993787
"8773","Norway",5,"STRPNE_35A",2013,0,0,306.999999386
"8774","Norway",5,"STRPNE_35A",2014,1.0196721235,0.327868850655738,310.999999378
"8775","Norway",5,"STRPNE_35A",2015,0,0,311.9999994072
"8776","Norway",5,"STRPNE_35A",2016,0,0,376.999999246
"8777","Norway",5,"STRPNE_35A",2017,0,0,330.9999992387
"8778","Norway",5,"STRPNE_35A",2019,0,0,349.999999475
"8779","Norway",5,"STRPNE_35A",2020,0,0,169.999999779
"8780","Norway",5,"STRPNE_35A",2021,0,0,183.9999995584
"8781","Norway",5,"STRPNE_35A",2022,0,0,275.9999999724
"8782","Norway",5,"STRPNE_35A",2023,0,0,354.999999503
"8783","Norway",5,"STRPNE_35A",2024,0,0,389.999998752
"8784","Norway",5,"STRPNE_35B",2010,7.279999974,1.86666666336,389.999999298
"8785","Norway",5,"STRPNE_35B",2011,7.1306666412,1.86666666205333,381.9999995798
"8786","Norway",5,"STRPNE_35B",2012,7.1981132022,2.20125786418239,326.9999993787
"8787","Norway",5,"STRPNE_35B",2013,3.1114864757,1.01351351202703,306.999999386
"8788","Norway",5,"STRPNE_35B",2014,8.1573770191,2.6229508152459,310.999999378
"8789","Norway",5,"STRPNE_35B",2015,5.0649350544,1.62337662308442,311.9999994072
"8790","Norway",5,"STRPNE_35B",2016,8.2404371218,2.18579234437158,376.999999246
"8791","Norway",5,"STRPNE_35B",2017,4.0613496766,1.22699386282209,330.9999992387
"8792","Norway",5,"STRPNE_35B",2018,11.9554455285,3.46534653762376,344.999999241
"8793","Norway",5,"STRPNE_35B",2019,7.216494845,2.06185567309278,349.999999475
"8794","Norway",5,"STRPNE_35B",2020,8.242424228,4.84848484630303,169.999999779
"8795","Norway",5,"STRPNE_35B",2021,7.0769230656,3.84615384923077,183.9999995584
"8796","Norway",5,"STRPNE_35B",2022,9.1660516596,3.3210332103321,275.9999999724
"8797","Norway",5,"STRPNE_35B",2023,10.2011493955,2.87356321402299,354.999999503
"8798","Norway",5,"STRPNE_35B",2024,9.116883087,2.33766233748052,389.999998752
"8799","Norway",5,"STRPNE_35C",2010,0,0,389.999999298
"8800","Norway",5,"STRPNE_35C",2011,0,0,381.9999995798
"8801","Norway",5,"STRPNE_35C",2013,1.0371621381,0.337837830675676,306.999999386
"8802","Norway",5,"STRPNE_35C",2017,0,0,330.9999992387
"8803","Norway",5,"STRPNE_35C",2022,0,0,275.9999999724
"8804","Norway",5,"STRPNE_35C",2023,0,0,354.999999503
"8805","Norway",5,"STRPNE_35C",2024,0,0,389.999998752
"8806","Norway",5,"STRPNE_35F",2010,8.319999987,2.13333333384,389.999999298
"8807","Norway",5,"STRPNE_35F",2011,8.1493333206,2.13333333234667,381.9999995798
"8808","Norway",5,"STRPNE_35F",2012,9.2547169509,2.83018867537736,326.9999993787
"8809","Norway",5,"STRPNE_35F",2013,12.4459459335,4.05405405810811,306.999999386
"8810","Norway",5,"STRPNE_35F",2014,10.1967212972,3.27868852655738,310.999999378
"8811","Norway",5,"STRPNE_35F",2015,11.1428571384,3.57142857678571,311.9999994072
"8812","Norway",5,"STRPNE_35F",2016,18.5409835806,4.91803278983607,376.999999246
"8813","Norway",5,"STRPNE_35F",2017,8.1226993863,2.45398773564417,330.9999992387
"8814","Norway",5,"STRPNE_35F",2018,13.6633663035,3.96039603871287,344.999999241
"8815","Norway",5,"STRPNE_35F",2019,7.216494845,2.06185567309278,349.999999475
"8816","Norway",5,"STRPNE_35F",2020,6.181818171,3.63636363472727,169.999999779
"8817","Norway",5,"STRPNE_35F",2021,11.1208791136,6.04395605450549,183.9999995584
"8818","Norway",5,"STRPNE_35F",2022,7.1291512908,2.5830258302583,275.9999999724
"8819","Norway",5,"STRPNE_35F",2023,14.281609175,4.02298850563218,354.999999503
"8820","Norway",5,"STRPNE_35F",2024,10.129870101,2.59740259831169,389.999998752
"8821","Norway",5,"STRPNE_36",2013,0,0,306.999999386
"8822","Norway",5,"STRPNE_36",2020,0,0,169.999999779
"8823","Norway",5,"STRPNE_36",2023,0,0,354.999999503
"8824","Norway",5,"STRPNE_37",2010,1.039999974,0.26666666048,389.999999298
"8825","Norway",5,"STRPNE_37",2011,0,0,381.9999995798
"8826","Norway",5,"STRPNE_37",2012,0,0,326.9999993787
"8827","Norway",5,"STRPNE_37",2013,0,0,306.999999386
"8828","Norway",5,"STRPNE_37",2014,1.0196721235,0.327868850655738,310.999999378
"8829","Norway",5,"STRPNE_37",2015,0,0,311.9999994072
"8830","Norway",5,"STRPNE_37",2016,0,0,376.999999246
"8831","Norway",5,"STRPNE_37",2017,0,0,330.9999992387
"8832","Norway",5,"STRPNE_37",2018,1.707920775,0.495049501089109,344.999999241
"8833","Norway",5,"STRPNE_37",2019,0,0,349.999999475
"8834","Norway",5,"STRPNE_37",2020,0,0,169.999999779
"8835","Norway",5,"STRPNE_37",2021,0,0,183.9999995584
"8836","Norway",5,"STRPNE_37",2022,1.0184501844,0.3690036900369,275.9999999724
"8837","Norway",5,"STRPNE_37",2023,0,0,354.999999503
"8838","Norway",5,"STRPNE_37",2024,1.012986975,0.259740250831169,389.999998752
"8839","Norway",5,"STRPNE_38",2010,5.199999987,1.3333333324,389.999999298
"8840","Norway",5,"STRPNE_38",2011,3.056,0.80000000088,381.9999995798
"8841","Norway",5,"STRPNE_38",2012,2.0566037487,0.628930811194969,326.9999993787
"8842","Norway",5,"STRPNE_38",2013,7.2601351202,2.36486486472973,306.999999386
"8843","Norway",5,"STRPNE_38",2014,2.039344247,0.655737701311475,310.999999378
"8844","Norway",5,"STRPNE_38",2015,7.0909090824,2.27272727431818,311.9999994072
"8845","Norway",5,"STRPNE_38",2016,4.1202185609,1.09289617218579,376.999999246
"8846","Norway",5,"STRPNE_38",2017,2.0306748383,0.613496931411043,330.9999992387
"8847","Norway",5,"STRPNE_38",2018,3.41584155,0.990099002178218,344.999999241
"8848","Norway",5,"STRPNE_38",2019,3.608247405,1.03092783154639,349.999999475
"8849","Norway",5,"STRPNE_38",2020,2.060606057,1.21212121157576,169.999999779
"8850","Norway",5,"STRPNE_38",2021,0,0,183.9999995584
"8851","Norway",5,"STRPNE_38",2022,1.0184501844,0.3690036900369,275.9999999724
"8852","Norway",5,"STRPNE_38",2023,6.1206896515,1.72413793241379,354.999999503
"8853","Norway",5,"STRPNE_38",2024,5.064935031,1.29870129415584,389.999998752
"8854","Norway",5,"STRPNE_39",2014,0,0,310.999999378
"8855","Norway",5,"STRPNE_39",2016,0,0,376.999999246
"8856","Norway",5,"STRPNE_39",2020,0,0,169.999999779
"8857","Norway",5,"STRPNE_39",2021,0,0,183.9999995584
"8858","Norway",5,"STRPNE_39",2022,0,0,275.9999999724
"8859","Norway",5,"STRPNE_4",2010,15.6,4.0000000072,389.999999298
"8860","Norway",5,"STRPNE_4",2011,9.168,2.40000000264,381.9999995798
"8861","Norway",5,"STRPNE_4",2012,8.2264150929,2.51572327477987,326.9999993787
"8862","Norway",5,"STRPNE_4",2013,6.2229729514,2.02702702405405,306.999999386
"8863","Norway",5,"STRPNE_4",2014,1.0196721235,0.327868850655738,310.999999378
"8864","Norway",5,"STRPNE_4",2015,2.0259739968,0.649350641233766,311.9999994072
"8865","Norway",5,"STRPNE_4",2016,3.0901639301,0.819672131639344,376.999999246
"8866","Norway",5,"STRPNE_4",2017,1.0153374026,0.306748460705521,330.9999992387
"8867","Norway",5,"STRPNE_4",2018,1.707920775,0.495049501089109,344.999999241
"8868","Norway",5,"STRPNE_4",2019,1.804123685,0.515463910773196,349.999999475
"8869","Norway",5,"STRPNE_4",2020,5.151515151,3.03030303393939,169.999999779
"8870","Norway",5,"STRPNE_4",2021,1.0109889936,0.549450541318681,183.9999995584
"8871","Norway",5,"STRPNE_4",2022,4.0738007376,1.4760147601476,275.9999999724
"8872","Norway",5,"STRPNE_4",2023,2.040229872,0.574712640804598,354.999999503
"8873","Norway",5,"STRPNE_4",2024,3.038961003,0.779220772493506,389.999998752
"8874","Norway",5,"STRPNE_40",2010,0,0,389.999999298
"8875","Norway",5,"STRPNE_40",2013,0,0,306.999999386
"8876","Norway",5,"STRPNE_40",2015,0,0,311.9999994072
"8877","Norway",5,"STRPNE_40",2017,0,0,330.9999992387
"8878","Norway",5,"STRPNE_40",2022,0,0,275.9999999724
"8879","Norway",5,"STRPNE_40",2023,0,0,354.999999503
"8880","Norway",5,"STRPNE_40",2024,0,0,389.999998752
"8881","Norway",5,"STRPNE_41A",2019,0,0,349.999999475
"8882","Norway",5,"STRPNE_42",2016,0,0,376.999999246
"8883","Norway",5,"STRPNE_42",2018,0,0,344.999999241
"8884","Norway",5,"STRPNE_42",2022,1.0184501844,0.3690036900369,275.9999999724
"8885","Norway",5,"STRPNE_43",2020,0,0,169.999999779
"8886","Norway",5,"STRPNE_43",2023,0,0,354.999999503
"8887","Norway",5,"STRPNE_43",2024,0,0,389.999998752
"8888","Norway",5,"STRPNE_45",2016,0,0,376.999999246
"8889","Norway",5,"STRPNE_46",2015,0,0,311.9999994072
"8890","Norway",5,"STRPNE_46",2022,1.0184501844,0.3690036900369,275.9999999724
"8891","Norway",5,"STRPNE_47F",2016,0,0,376.999999246
"8892","Norway",5,"STRPNE_5",2010,0,0,389.999999298
"8893","Norway",5,"STRPNE_5",2011,0,0,381.9999995798
"8894","Norway",5,"STRPNE_5",2012,0,0,326.9999993787
"8895","Norway",5,"STRPNE_5",2013,0,0,306.999999386
"8896","Norway",5,"STRPNE_5",2014,0,0,310.999999378
"8897","Norway",5,"STRPNE_5",2015,0,0,311.9999994072
"8898","Norway",5,"STRPNE_5",2016,0,0,376.999999246
"8899","Norway",5,"STRPNE_5",2017,1.0153374026,0.306748460705521,330.9999992387
"8900","Norway",5,"STRPNE_5",2019,0,0,349.999999475
"8901","Norway",5,"STRPNE_5",2021,0,0,183.9999995584
"8902","Norway",5,"STRPNE_5",2022,0,0,275.9999999724
"8903","Norway",5,"STRPNE_5",2023,0,0,354.999999503
"8904","Norway",5,"STRPNE_5",2024,0,0,389.999998752
"8905","Norway",5,"STRPNE_6",2010,0,0,389.999999298
"8906","Norway",5,"STRPNE_6",2011,0,0,381.9999995798
"8907","Norway",5,"STRPNE_6",2012,0,0,326.9999993787
"8908","Norway",5,"STRPNE_6",2013,0,0,306.999999386
"8909","Norway",5,"STRPNE_6",2014,0,0,310.999999378
"8910","Norway",5,"STRPNE_6",2015,0,0,311.9999994072
"8911","Norway",5,"STRPNE_6",2017,0,0,330.9999992387
"8912","Norway",5,"STRPNE_6",2018,0,0,344.999999241
"8913","Norway",5,"STRPNE_6",2019,0,0,349.999999475
"8914","Norway",5,"STRPNE_6",2020,0,0,169.999999779
"8915","Norway",5,"STRPNE_6",2022,0,0,275.9999999724
"8916","Norway",5,"STRPNE_6",2023,0,0,354.999999503
"8917","Norway",5,"STRPNE_6",2024,0,0,389.999998752
"8918","Norway",5,"STRPNE_6A",2010,10.399999974,2.6666666648,389.999999298
"8919","Norway",5,"STRPNE_6A",2011,7.1306666412,1.86666666205333,381.9999995798
"8920","Norway",5,"STRPNE_6A",2012,5.1415094208,1.57232704298742,326.9999993787
"8921","Norway",5,"STRPNE_6A",2013,2.0743243069,0.675675671351351,306.999999386
"8922","Norway",5,"STRPNE_6A",2014,1.0196721235,0.327868850655738,310.999999378
"8923","Norway",5,"STRPNE_6A",2015,2.0259739968,0.649350641233766,311.9999994072
"8924","Norway",5,"STRPNE_6A",2016,1.0300546308,0.273224040546448,376.999999246
"8925","Norway",5,"STRPNE_6A",2017,1.0153374026,0.306748460705521,330.9999992387
"8926","Norway",5,"STRPNE_6A",2018,1.707920775,0.495049501089109,344.999999241
"8927","Norway",5,"STRPNE_6A",2019,0,0,349.999999475
"8928","Norway",5,"STRPNE_6A",2020,0,0,169.999999779
"8929","Norway",5,"STRPNE_6A",2021,0,0,183.9999995584
"8930","Norway",5,"STRPNE_6A",2022,0,0,275.9999999724
"8931","Norway",5,"STRPNE_6A",2023,0,0,354.999999503
"8932","Norway",5,"STRPNE_6A",2024,1.012986975,0.259740250831169,389.999998752
"8933","Norway",5,"STRPNE_6B",2010,0,0,389.999999298
"8934","Norway",5,"STRPNE_6B",2011,8.1493333206,2.13333333234667,381.9999995798
"8935","Norway",5,"STRPNE_6B",2012,5.1415094208,1.57232704298742,326.9999993787
"8936","Norway",5,"STRPNE_6B",2013,3.1114864757,1.01351351202703,306.999999386
"8937","Norway",5,"STRPNE_6B",2014,4.078688494,1.31147540262295,310.999999378
"8938","Norway",5,"STRPNE_6B",2015,1.0129869984,0.324675320616883,311.9999994072
"8939","Norway",5,"STRPNE_6B",2016,0,0,376.999999246
"8940","Norway",5,"STRPNE_6B",2017,2.0306748383,0.613496931411043,330.9999992387
"8941","Norway",5,"STRPNE_6B",2018,3.41584155,0.990099002178218,344.999999241
"8942","Norway",5,"STRPNE_6B",2019,0,0,349.999999475
"8943","Norway",5,"STRPNE_6B",2020,0,0,169.999999779
"8944","Norway",5,"STRPNE_6B",2021,1.0109889936,0.549450541318681,183.9999995584
"8945","Norway",5,"STRPNE_6B",2022,1.0184501844,0.3690036900369,275.9999999724
"8946","Norway",5,"STRPNE_6B",2023,0,0,354.999999503
"8947","Norway",5,"STRPNE_6B",2024,1.012986975,0.259740250831169,389.999998752
"8948","Norway",5,"STRPNE_6C",2010,25.999999974,6.666666672,389.999999298
"8949","Norway",5,"STRPNE_6C",2011,29.5413333206,7.73333333850667,381.9999995798
"8950","Norway",5,"STRPNE_6C",2012,20.5660377159,6.28930818194969,326.9999993787
"8951","Norway",5,"STRPNE_6C",2013,19.7060810537,6.41891892283784,306.999999386
"8952","Norway",5,"STRPNE_6C",2014,12.2360655442,3.93442622786885,310.999999378
"8953","Norway",5,"STRPNE_6C",2015,12.1558441368,3.8961038974026,311.9999994072
"8954","Norway",5,"STRPNE_6C",2016,8.2404371218,2.18579234437158,376.999999246
"8955","Norway",5,"STRPNE_6C",2017,3.0460122409,0.920245392116564,330.9999992387
"8956","Norway",5,"STRPNE_6C",2018,15.371287113,4.45544554980198,344.999999241
"8957","Norway",5,"STRPNE_6C",2019,9.02061853,2.57731958386598,349.999999475
"8958","Norway",5,"STRPNE_6C",2020,0,0,169.999999779
"8959","Norway",5,"STRPNE_6C",2021,0,0,183.9999995584
"8960","Norway",5,"STRPNE_6C",2022,7.1291512908,2.5830258302583,275.9999999724
"8961","Norway",5,"STRPNE_6C",2023,3.060344808,0.862068961206896,354.999999503
"8962","Norway",5,"STRPNE_6C",2024,15.194805171,3.89610390246753,389.999998752
"8963","Norway",5,"STRPNE_6D",2010,0,0,389.999999298
"8964","Norway",5,"STRPNE_6D",2012,0,0,326.9999993787
"8965","Norway",5,"STRPNE_6D",2013,0,0,306.999999386
"8966","Norway",5,"STRPNE_6D",2014,0,0,310.999999378
"8967","Norway",5,"STRPNE_6D",2015,0,0,311.9999994072
"8968","Norway",5,"STRPNE_6D",2016,0,0,376.999999246
"8969","Norway",5,"STRPNE_6D",2017,0,0,330.9999992387
"8970","Norway",5,"STRPNE_6D",2018,0,0,344.999999241
"8971","Norway",5,"STRPNE_6D",2019,0,0,349.999999475
"8972","Norway",5,"STRPNE_6D",2020,0,0,169.999999779
"8973","Norway",5,"STRPNE_6D",2021,0,0,183.9999995584
"8974","Norway",5,"STRPNE_6D",2022,0,0,275.9999999724
"8975","Norway",5,"STRPNE_6D",2023,0,0,354.999999503
"8976","Norway",5,"STRPNE_6D",2024,1.012986975,0.259740250831169,389.999998752
"8977","Norway",5,"STRPNE_7",2010,0,0,389.999999298
"8978","Norway",5,"STRPNE_7",2011,0,0,381.9999995798
"8979","Norway",5,"STRPNE_7",2012,0,0,326.9999993787
"8980","Norway",5,"STRPNE_7",2013,0,0,306.999999386
"8981","Norway",5,"STRPNE_7",2014,0,0,310.999999378
"8982","Norway",5,"STRPNE_7",2016,0,0,376.999999246
"8983","Norway",5,"STRPNE_7",2019,0,0,349.999999475
"8984","Norway",5,"STRPNE_7",2022,0,0,275.9999999724
"8985","Norway",5,"STRPNE_7",2024,0,0,389.999998752
"8986","Norway",5,"STRPNE_7A",2012,0,0,326.9999993787
"8987","Norway",5,"STRPNE_7A",2014,0,0,310.999999378
"8988","Norway",5,"STRPNE_7A",2015,0,0,311.9999994072
"8989","Norway",5,"STRPNE_7A",2017,0,0,330.9999992387
"8990","Norway",5,"STRPNE_7A",2018,0,0,344.999999241
"8991","Norway",5,"STRPNE_7A",2019,0,0,349.999999475
"8992","Norway",5,"STRPNE_7A",2020,0,0,169.999999779
"8993","Norway",5,"STRPNE_7A",2022,0,0,275.9999999724
"8994","Norway",5,"STRPNE_7A",2023,0,0,354.999999503
"8995","Norway",5,"STRPNE_7A",2024,0,0,389.999998752
"8996","Norway",5,"STRPNE_7B",2010,0,0,389.999999298
"8997","Norway",5,"STRPNE_7B",2011,0,0,381.9999995798
"8998","Norway",5,"STRPNE_7B",2012,0,0,326.9999993787
"8999","Norway",5,"STRPNE_7B",2013,0,0,306.999999386
"9000","Norway",5,"STRPNE_7B",2014,1.0196721235,0.327868850655738,310.999999378
"9001","Norway",5,"STRPNE_7B",2015,0,0,311.9999994072
"9002","Norway",5,"STRPNE_7B",2016,0,0,376.999999246
"9003","Norway",5,"STRPNE_7B",2017,0,0,330.9999992387
"9004","Norway",5,"STRPNE_7B",2018,0,0,344.999999241
"9005","Norway",5,"STRPNE_7B",2019,0,0,349.999999475
"9006","Norway",5,"STRPNE_7B",2020,0,0,169.999999779
"9007","Norway",5,"STRPNE_7B",2021,0,0,183.9999995584
"9008","Norway",5,"STRPNE_7B",2022,0,0,275.9999999724
"9009","Norway",5,"STRPNE_7B",2023,0,0,354.999999503
"9010","Norway",5,"STRPNE_7B",2024,0,0,389.999998752
"9011","Norway",5,"STRPNE_7C",2010,0,0,389.999999298
"9012","Norway",5,"STRPNE_7C",2011,0,0,381.9999995798
"9013","Norway",5,"STRPNE_7C",2012,1.028301858,0.314465400597484,326.9999993787
"9014","Norway",5,"STRPNE_7C",2013,0,0,306.999999386
"9015","Norway",5,"STRPNE_7C",2014,0,0,310.999999378
"9016","Norway",5,"STRPNE_7C",2015,0,0,311.9999994072
"9017","Norway",5,"STRPNE_7C",2016,1.0300546308,0.273224040546448,376.999999246
"9018","Norway",5,"STRPNE_7C",2017,1.0153374026,0.306748460705521,330.9999992387
"9019","Norway",5,"STRPNE_7C",2018,0,0,344.999999241
"9020","Norway",5,"STRPNE_7C",2019,1.804123685,0.515463910773196,349.999999475
"9021","Norway",5,"STRPNE_7C",2020,0,0,169.999999779
"9022","Norway",5,"STRPNE_7C",2021,3.0329670176,1.64835164395604,183.9999995584
"9023","Norway",5,"STRPNE_7C",2022,0,0,275.9999999724
"9024","Norway",5,"STRPNE_7C",2023,5.10057468,1.43678160201149,354.999999503
"9025","Norway",5,"STRPNE_7C",2024,4.051948017,1.03896103332468,389.999998752
"9026","Norway",5,"STRPNE_7F",2010,38.479999974,9.86666667776,389.999999298
"9027","Norway",5,"STRPNE_7F",2011,39.728,10.40000001144,381.9999995798
"9028","Norway",5,"STRPNE_7F",2012,35.990566011,11.006289320912,326.9999993787
"9029","Norway",5,"STRPNE_7F",2013,25.9290540358,8.44594595689189,306.999999386
"9030","Norway",5,"STRPNE_7F",2014,25.4918032741,8.19672132639344,310.999999378
"9031","Norway",5,"STRPNE_7F",2015,14.1818181648,4.54545454863636,311.9999994072
"9032","Norway",5,"STRPNE_7F",2016,14.4207650197,3.82513661765027,376.999999246
"9033","Norway",5,"STRPNE_7F",2017,3.0460122409,0.920245392116564,330.9999992387
"9034","Norway",5,"STRPNE_7F",2018,3.41584155,0.990099002178218,344.999999241
"9035","Norway",5,"STRPNE_7F",2019,1.804123685,0.515463910773196,349.999999475
"9036","Norway",5,"STRPNE_7F",2020,1.03030302,0.606060600787879,169.999999779
"9037","Norway",5,"STRPNE_7F",2021,0,0,183.9999995584
"9038","Norway",5,"STRPNE_7F",2022,1.0184501844,0.3690036900369,275.9999999724
"9039","Norway",5,"STRPNE_7F",2023,1.020114936,0.287356320402299,354.999999503
"9040","Norway",5,"STRPNE_7F",2024,0,0,389.999998752
"9041","Norway",5,"STRPNE_8",2010,8.319999987,2.13333333384,389.999999298
"9042","Norway",5,"STRPNE_8",2011,9.168,2.40000000264,381.9999995798
"9043","Norway",5,"STRPNE_8",2012,8.2264150929,2.51572327477987,326.9999993787
"9044","Norway",5,"STRPNE_8",2013,7.2601351202,2.36486486472973,306.999999386
"9045","Norway",5,"STRPNE_8",2014,11.2163934207,3.60655737721311,310.999999378
"9046","Norway",5,"STRPNE_8",2015,10.1298701088,3.24675324616883,311.9999994072
"9047","Norway",5,"STRPNE_8",2016,17.5109289498,4.64480874928962,376.999999246
"9048","Norway",5,"STRPNE_8",2017,20.3067484492,6.13496933411043,330.9999992387
"9049","Norway",5,"STRPNE_8",2018,18.7871286975,5.4455445619802,344.999999241
"9050","Norway",5,"STRPNE_8",2019,30.670103065,8.76288660314433,349.999999475
"9051","Norway",5,"STRPNE_8",2020,19.575757567,11.5151515249697,169.999999779
"9052","Norway",5,"STRPNE_8",2021,26.2857142752,14.2857143142857,183.9999995584
"9053","Norway",5,"STRPNE_8",2022,28.5166051632,10.3321033210332,275.9999999724
"9054","Norway",5,"STRPNE_8",2023,38.764367781,10.9195402352874,354.999999503
"9055","Norway",5,"STRPNE_8",2024,53.688311664,13.7662338040519,389.999998752
"9056","Norway",5,"STRPNE_9",2010,0,0,389.999999298
"9057","Norway",5,"STRPNE_9",2011,0,0,381.9999995798
"9058","Norway",5,"STRPNE_9",2012,0,0,326.9999993787
"9059","Norway",5,"STRPNE_9",2013,0,0,306.999999386
"9060","Norway",5,"STRPNE_9",2014,0,0,310.999999378
"9061","Norway",5,"STRPNE_9",2015,0,0,311.9999994072
"9062","Norway",5,"STRPNE_9",2016,0,0,376.999999246
"9063","Norway",5,"STRPNE_9",2017,0,0,330.9999992387
"9064","Norway",5,"STRPNE_9",2018,0,0,344.999999241
"9065","Norway",5,"STRPNE_9",2019,0,0,349.999999475
"9066","Norway",5,"STRPNE_9",2021,0,0,183.9999995584
"9067","Norway",5,"STRPNE_9",2022,0,0,275.9999999724
"9068","Norway",5,"STRPNE_9",2024,0,0,389.999998752
"9069","Norway",5,"STRPNE_9A",2010,0,0,389.999999298
"9070","Norway",5,"STRPNE_9A",2011,0,0,381.9999995798
"9071","Norway",5,"STRPNE_9A",2012,0,0,326.9999993787
"9072","Norway",5,"STRPNE_9A",2013,0,0,306.999999386
"9073","Norway",5,"STRPNE_9A",2014,0,0,310.999999378
"9074","Norway",5,"STRPNE_9A",2015,0,0,311.9999994072
"9075","Norway",5,"STRPNE_9A",2016,0,0,376.999999246
"9076","Norway",5,"STRPNE_9A",2017,0,0,330.9999992387
"9077","Norway",5,"STRPNE_9A",2018,0,0,344.999999241
"9078","Norway",5,"STRPNE_9A",2019,0,0,349.999999475
"9079","Norway",5,"STRPNE_9A",2020,0,0,169.999999779
"9080","Norway",5,"STRPNE_9A",2021,0,0,183.9999995584
"9081","Norway",5,"STRPNE_9A",2022,0,0,275.9999999724
"9082","Norway",5,"STRPNE_9A",2023,0,0,354.999999503
"9083","Norway",5,"STRPNE_9A",2024,0,0,389.999998752
"9084","Norway",5,"STRPNE_9L",2011,0,0,381.9999995798
"9085","Norway",5,"STRPNE_9L",2013,0,0,306.999999386
"9086","Norway",5,"STRPNE_9L",2014,0,0,310.999999378
"9087","Norway",5,"STRPNE_9L",2015,0,0,311.9999994072
"9088","Norway",5,"STRPNE_9L",2016,0,0,376.999999246
"9089","Norway",5,"STRPNE_9L",2017,0,0,330.9999992387
"9090","Norway",5,"STRPNE_9L",2018,1.707920775,0.495049501089109,344.999999241
"9091","Norway",5,"STRPNE_9L",2019,0,0,349.999999475
"9092","Norway",5,"STRPNE_9L",2020,0,0,169.999999779
"9093","Norway",5,"STRPNE_9L",2021,0,0,183.9999995584
"9094","Norway",5,"STRPNE_9L",2022,0,0,275.9999999724
"9095","Norway",5,"STRPNE_9L",2023,0,0,354.999999503
"9096","Norway",5,"STRPNE_9L",2024,0,0,389.999998752
"9097","Norway",5,"STRPNE_9N",2010,4.159999974,1.06666666192,389.999999298
"9098","Norway",5,"STRPNE_9N",2011,9.168,2.40000000264,381.9999995798
"9099","Norway",5,"STRPNE_9N",2012,8.2264150929,2.51572327477987,326.9999993787
"9100","Norway",5,"STRPNE_9N",2013,6.2229729514,2.02702702405405,306.999999386
"9101","Norway",5,"STRPNE_9N",2014,15.2950819458,4.91803278983607,310.999999378
"9102","Norway",5,"STRPNE_9N",2015,12.1558441368,3.8961038974026,311.9999994072
"9103","Norway",5,"STRPNE_9N",2016,13.3907103512,3.55191256710382,376.999999246
"9104","Norway",5,"STRPNE_9N",2017,27.4141103998,8.28220859904908,330.9999992387
"9105","Norway",5,"STRPNE_9N",2018,22.202970282,6.43564357415842,344.999999241
"9106","Norway",5,"STRPNE_9N",2019,36.082474225,10.3092783654639,349.999999475
"9107","Norway",5,"STRPNE_9N",2020,21.636363624,12.7272727365455,169.999999779
"9108","Norway",5,"STRPNE_9N",2021,14.1538461496,7.69230770846154,183.9999995584
"9109","Norway",5,"STRPNE_9N",2022,14.2583025816,5.16605166051661,275.9999999724
"9110","Norway",5,"STRPNE_9N",2023,14.281609175,4.02298850563218,354.999999503
"9111","Norway",5,"STRPNE_9N",2024,25.324675311,6.49350651077922,389.999998752
"9112","Norway",5,"STRPNE_9V",2010,7.279999974,1.86666666336,389.999999298
"9113","Norway",5,"STRPNE_9V",2011,6.112,1.60000000176,381.9999995798
"9114","Norway",5,"STRPNE_9V",2012,4.1132075301,1.25786163238994,326.9999993787
"9115","Norway",5,"STRPNE_9V",2013,0,0,306.999999386
"9116","Norway",5,"STRPNE_9V",2014,3.0590163705,0.983606551967213,310.999999378
"9117","Norway",5,"STRPNE_9V",2015,1.0129869984,0.324675320616883,311.9999994072
"9118","Norway",5,"STRPNE_9V",2016,2.0601092616,0.546448081092896,376.999999246
"9119","Norway",5,"STRPNE_9V",2017,1.0153374026,0.306748460705521,330.9999992387
"9120","Norway",5,"STRPNE_9V",2018,0,0,344.999999241
"9121","Norway",5,"STRPNE_9V",2019,0,0,349.999999475
"9122","Norway",5,"STRPNE_9V",2020,0,0,169.999999779
"9123","Norway",5,"STRPNE_9V",2021,0,0,183.9999995584
"9124","Norway",5,"STRPNE_9V",2022,0,0,275.9999999724
"9125","Norway",5,"STRPNE_9V",2023,2.040229872,0.574712640804598,354.999999503
"9126","Norway",5,"STRPNE_9V",2024,1.012986975,0.259740250831169,389.999998752
"9127","Norway",5,"STRPNE_NTYP",2010,0,0,389.999999298
"9128","Norway",5,"STRPNE_NTYP",2011,0,0,381.9999995798
"9129","Norway",5,"STRPNE_NTYP",2012,0,0,326.9999993787
"9130","Norway",5,"STRPNE_NTYP",2013,0,0,306.999999386
"9131","Norway",5,"STRPNE_NTYP",2014,0,0,310.999999378
"9132","Norway",5,"STRPNE_NTYP",2015,0,0,311.9999994072
"9133","Norway",5,"STRPNE_NTYP",2016,0,0,376.999999246
"9134","Norway",5,"STRPNE_NTYP",2017,0,0,330.9999992387
"9135","Norway",5,"STRPNE_NTYP",2018,0,0,344.999999241
"9136","Norway",5,"STRPNE_NTYP",2019,0,0,349.999999475
"9137","Norway",5,"STRPNE_NTYP",2020,0,0,169.999999779
"9138","Norway",5,"STRPNE_NTYP",2021,0,0,183.9999995584
"9139","Norway",5,"STRPNE_NTYP",2022,0,0,275.9999999724
"9140","Norway",5,"STRPNE_NTYP",2023,0,0,354.999999503
"9141","Norway",5,"STRPNE_NTYP",2024,1.012986975,0.259740250831169,389.999998752
"9142","Spain",1,"STRPNE_1",2010,46.9999999735,13.9053254607665,337.9999993967
"9143","Spain",1,"STRPNE_1",2011,33.9999999772,11.6438356325319,291.9999994006
"9144","Spain",1,"STRPNE_1",2012,31.9999999886,13.1687242922634,242.9999996841
"9145","Spain",1,"STRPNE_1",2013,13.9999999836,6.86274510006536,203.9999997008
"9146","Spain",1,"STRPNE_1",2014,8.9999999956,4.71204188432636,190.9999999265
"9147","Spain",1,"STRPNE_1",2015,3.9999999986,1.89573459884773,210.9999997379
"9148","Spain",1,"STRPNE_1",2016,1.9999999936,1.2499999975125,159.9999998064
"9149","Spain",1,"STRPNE_1",2017,0,0,208.9999997888
"9150","Spain",1,"STRPNE_1",2018,0.9999999973,0.51020408051515,195.9999999001
"9151","Spain",1,"STRPNE_1",2019,0,0,188.999999841
"9152","Spain",1,"STRPNE_1",2023,3.1866028407,0.74279786659036,428.9999990613
"9153","Spain",1,"STRPNE_1",2024,0,0,371.999999682
"9154","Spain",1,"STRPNE_10",2021,0,0,116.9999999043
"9155","Spain",1,"STRPNE_10",2023,0,0,428.9999990613
"9156","Spain",1,"STRPNE_10A",2010,2.9999999767,0.887573959187791,337.9999993967
"9157","Spain",1,"STRPNE_10A",2011,6.9999999746,2.39726027019492,291.9999994006
"9158","Spain",1,"STRPNE_10A",2012,5.9999999952,2.4691358037037,242.9999996841
"9159","Spain",1,"STRPNE_10A",2013,12.9999999872,6.37254902267974,203.9999997008
"9160","Spain",1,"STRPNE_10A",2014,4.9999999993,2.6178010477613,190.9999999265
"9161","Spain",1,"STRPNE_10A",2015,11.9999999894,5.68720379351003,210.9999997379
"9162","Spain",1,"STRPNE_10A",2016,2.9999999936,1.87499999826875,159.9999998064
"9163","Spain",1,"STRPNE_10A",2017,4.9999999929,2.39234449662805,208.9999997888
"9164","Spain",1,"STRPNE_10A",2018,10.9999999932,5.61224489735032,195.9999999001
"9165","Spain",1,"STRPNE_10A",2019,6.9999999912,3.70370370216343,188.999999841
"9166","Spain",1,"STRPNE_10A",2021,12.096385536,10.3387910648669,116.9999999043
"9167","Spain",1,"STRPNE_10A",2022,44.0775978328,12.381347718697,355.9999996304
"9168","Spain",1,"STRPNE_10A",2023,26.6206109517,6.20527063168971,428.9999990613
"9169","Spain",1,"STRPNE_10A",2024,28.967393184,7.78693365826948,371.999999682
"9170","Spain",1,"STRPNE_10B",2010,0,0,337.9999993967
"9171","Spain",1,"STRPNE_10B",2011,0,0,291.9999994006
"9172","Spain",1,"STRPNE_10B",2012,0,0,242.9999996841
"9173","Spain",1,"STRPNE_10B",2013,0,0,203.9999997008
"9174","Spain",1,"STRPNE_10B",2014,0,0,190.9999999265
"9175","Spain",1,"STRPNE_10B",2015,0,0,210.9999997379
"9176","Spain",1,"STRPNE_10B",2016,0,0,159.9999998064
"9177","Spain",1,"STRPNE_10B",2017,0,0,208.9999997888
"9178","Spain",1,"STRPNE_10B",2018,0,0,195.9999999001
"9179","Spain",1,"STRPNE_10B",2019,0,0,188.999999841
"9180","Spain",1,"STRPNE_10B",2021,0,0,116.9999999043
"9181","Spain",1,"STRPNE_10B",2022,0,0,355.9999996304
"9182","Spain",1,"STRPNE_10B",2023,0,0,428.9999990613
"9183","Spain",1,"STRPNE_10B",2024,2.9837837808,0.802092414879208,371.999999682
"9184","Spain",1,"STRPNE_10C",2021,0,0,116.9999999043
"9185","Spain",1,"STRPNE_10F",2019,0,0,188.999999841
"9186","Spain",1,"STRPNE_10F",2024,0,0,371.999999682
"9187","Spain",1,"STRPNE_11",2022,1.7564102536,0.493373667253795,355.9999996304
"9188","Spain",1,"STRPNE_11A",2010,0.9999999901,0.295857985764767,337.9999993967
"9189","Spain",1,"STRPNE_11A",2011,3.9999999746,1.36986300781197,291.9999994006
"9190","Spain",1,"STRPNE_11A",2012,4.9999999863,2.05761316576132,242.9999996841
"9191","Spain",1,"STRPNE_11A",2013,3.9999999992,1.96078431620915,203.9999997008
"9192","Spain",1,"STRPNE_11A",2014,7.9999999955,4.18848167464845,190.9999999265
"9193","Spain",1,"STRPNE_11A",2015,2.9999999872,1.42180094356708,210.9999997379
"9194","Spain",1,"STRPNE_11A",2016,7.9999999888,4.99999999905,159.9999998064
"9195","Spain",1,"STRPNE_11A",2017,3.9999999996,1.91387559982876,208.9999997888
"9196","Spain",1,"STRPNE_11A",2018,2.9999999992,1.53061224526994,195.9999999001
"9197","Spain",1,"STRPNE_11A",2019,2.9999999964,1.58730158673217,188.999999841
"9198","Spain",1,"STRPNE_11A",2021,7.0722891543,6.04469158981604,116.9999999043
"9199","Spain",1,"STRPNE_11A",2022,3.1950067408,0.897473804527265,355.9999996304
"9200","Spain",1,"STRPNE_11A",2023,6.2568273465,1.45846791612835,428.9999990613
"9201","Spain",1,"STRPNE_11A",2024,6.0805579728,1.63455859623599,371.999999682
"9202","Spain",1,"STRPNE_11A/D",2023,0,0,428.9999990613
"9203","Spain",1,"STRPNE_11B",2012,0.9999999973,0.411522633168724,242.9999996841
"9204","Spain",1,"STRPNE_11B",2017,0,0,208.9999997888
"9205","Spain",1,"STRPNE_11D",2016,0,0,159.9999998064
"9206","Spain",1,"STRPNE_11F",2018,0,0,195.9999999001
"9207","Spain",1,"STRPNE_12",2013,0,0,203.9999997008
"9208","Spain",1,"STRPNE_12",2014,0,0,190.9999999265
"9209","Spain",1,"STRPNE_12",2015,0,0,210.9999997379
"9210","Spain",1,"STRPNE_12",2017,0,0,208.9999997888
"9211","Spain",1,"STRPNE_12",2019,0,0,188.999999841
"9212","Spain",1,"STRPNE_12",2022,0,0,355.9999996304
"9213","Spain",1,"STRPNE_12A",2013,0,0,203.9999997008
"9214","Spain",1,"STRPNE_12A",2015,0,0,210.9999997379
"9215","Spain",1,"STRPNE_12A",2017,0,0,208.9999997888
"9216","Spain",1,"STRPNE_12B",2012,0,0,242.9999996841
"9217","Spain",1,"STRPNE_12B",2014,0,0,190.9999999265
"9218","Spain",1,"STRPNE_12B",2015,0,0,210.9999997379
"9219","Spain",1,"STRPNE_12B",2016,0,0,159.9999998064
"9220","Spain",1,"STRPNE_12B",2017,0,0,208.9999997888
"9221","Spain",1,"STRPNE_12B",2019,0,0,188.999999841
"9222","Spain",1,"STRPNE_12B",2024,0,0,371.999999682
"9223","Spain",1,"STRPNE_12F",2010,11.9999999926,3.55029586213578,337.9999993967
"9224","Spain",1,"STRPNE_12F",2011,7.9999999826,2.7397260270623,291.9999994006
"9225","Spain",1,"STRPNE_12F",2012,8.9999999923,3.70370370534979,242.9999996841
"9226","Spain",1,"STRPNE_12F",2013,2.9999999892,1.47058823215686,203.9999997008
"9227","Spain",1,"STRPNE_12F",2014,7.9999999988,4.1884816763762,190.9999999265
"9228","Spain",1,"STRPNE_12F",2015,9.9999999858,4.73933649204825,210.9999997379
"9229","Spain",1,"STRPNE_12F",2016,15.999999992,10.0000000071,159.9999998064
"9230","Spain",1,"STRPNE_12F",2017,13.9999999909,6.69856459571644,208.9999997888
"9231","Spain",1,"STRPNE_12F",2018,10.9999999984,5.61224490000338,195.9999999001
"9232","Spain",1,"STRPNE_12F",2019,11.9999999862,6.34920634724616,188.999999841
"9233","Spain",1,"STRPNE_12F",2021,2.024096382,1.72999690910736,116.9999999043
"9234","Spain",1,"STRPNE_12F",2022,6.3900134816,1.79494760905453,355.9999996304
"9235","Spain",1,"STRPNE_12F",2023,3.1866028407,0.74279786659036,428.9999990613
"9236","Spain",1,"STRPNE_12F",2024,3.0402789816,0.817279296827674,371.999999682
"9237","Spain",1,"STRPNE_12F/B",2023,0,0,428.9999990613
"9238","Spain",1,"STRPNE_13",2015,0.9999999986,0.473933649214303,210.9999997379
"9239","Spain",1,"STRPNE_13",2016,0.9999999968,0.62499999875625,159.9999998064
"9240","Spain",1,"STRPNE_13",2019,0,0,188.999999841
"9241","Spain",1,"STRPNE_14",2010,16.9999999747,5.02958580030873,337.9999993967
"9242","Spain",1,"STRPNE_14",2011,17.9999999888,6.1643835704621,291.9999994006
"9243","Spain",1,"STRPNE_14",2012,18.9999999797,7.81893004296296,242.9999996841
"9244","Spain",1,"STRPNE_14",2013,15.99999999,7.84313726150327,203.9999997008
"9245","Spain",1,"STRPNE_14",2014,19.9999999974,10.4712041911499,190.9999999265
"9246","Spain",1,"STRPNE_14",2015,13.9999999991,6.63507109786281,210.9999997379
"9247","Spain",1,"STRPNE_14",2016,5.9999999952,3.7500000015375,159.9999998064
"9248","Spain",1,"STRPNE_14",2017,12.9999999855,6.22009569312768,208.9999997888
"9249","Spain",1,"STRPNE_14",2018,6.9999999967,3.57142857156523,195.9999999001
"9250","Spain",1,"STRPNE_14",2019,6.999999993,3.70370370311581,188.999999841
"9251","Spain",1,"STRPNE_14",2021,0,0,116.9999999043
"9252","Spain",1,"STRPNE_14",2022,3.1950067408,0.897473804527265,355.9999996304
"9253","Spain",1,"STRPNE_14",2023,6.1404489879,1.43134009355151,428.9999990613
"9254","Spain",1,"STRPNE_14",2024,6.0240627624,1.61937171170688,371.999999682
"9255","Spain",1,"STRPNE_15",2010,0,0,337.9999993967
"9256","Spain",1,"STRPNE_15",2011,0,0,291.9999994006
"9257","Spain",1,"STRPNE_15",2012,0,0,242.9999996841
"9258","Spain",1,"STRPNE_15",2013,0,0,203.9999997008
"9259","Spain",1,"STRPNE_15",2014,0,0,190.9999999265
"9260","Spain",1,"STRPNE_15",2016,0.9999999968,0.62499999875625,159.9999998064
"9261","Spain",1,"STRPNE_15",2017,0,0,208.9999997888
"9262","Spain",1,"STRPNE_15",2018,0,0,195.9999999001
"9263","Spain",1,"STRPNE_15",2019,0,0,188.999999841
"9264","Spain",1,"STRPNE_15",2021,0,0,116.9999999043
"9265","Spain",1,"STRPNE_15",2022,0,0,355.9999996304
"9266","Spain",1,"STRPNE_15",2023,0,0,428.9999990613
"9267","Spain",1,"STRPNE_15",2024,0,0,371.999999682
"9268","Spain",1,"STRPNE_15A",2010,3.99999997,1.1834319458993,337.9999993967
"9269","Spain",1,"STRPNE_15A",2011,8.999999981,3.08219178064201,291.9999994006
"9270","Spain",1,"STRPNE_15A",2012,2.9999999833,1.23456789596708,242.9999996841
"9271","Spain",1,"STRPNE_15A",2013,1.9999999996,0.980392158104575,203.9999997008
"9272","Spain",1,"STRPNE_15A",2014,3.9999999961,2.09424083646035,190.9999999265
"9273","Spain",1,"STRPNE_15A",2015,4.9999999972,2.36966824806204,210.9999997379
"9274","Spain",1,"STRPNE_15A",2016,1.9999999936,1.2499999975125,159.9999998064
"9275","Spain",1,"STRPNE_15A",2017,10.9999999835,5.26315789216066,208.9999997888
"9276","Spain",1,"STRPNE_15A",2018,3.999999997,2.04081632604019,195.9999999001
"9277","Spain",1,"STRPNE_15A",2019,13.9999999908,7.40740740877131,188.999999841
"9278","Spain",1,"STRPNE_15A",2021,3.0361445772,2.59499536725078,116.9999999043
"9279","Spain",1,"STRPNE_15A",2022,14.8542509914,4.17254241764655,355.9999996304
"9280","Spain",1,"STRPNE_15A",2023,15.7002576099,3.65973371660931,428.9999990613
"9281","Spain",1,"STRPNE_15A",2024,33.2170880328,8.92932474763313,371.999999682
"9282","Spain",1,"STRPNE_15B",2010,6.999999988,2.07100591730603,337.9999993967
"9283","Spain",1,"STRPNE_15B",2011,5.9999999762,2.05479451661522,291.9999994006
"9284","Spain",1,"STRPNE_15B",2012,6.9999999936,2.8806584373251,242.9999996841
"9285","Spain",1,"STRPNE_15B",2013,0,0,203.9999997008
"9286","Spain",1,"STRPNE_15B",2014,0,0,190.9999999265
"9287","Spain",1,"STRPNE_15B",2015,0,0,210.9999997379
"9288","Spain",1,"STRPNE_15B",2016,0.9999999968,0.62499999875625,159.9999998064
"9289","Spain",1,"STRPNE_15B",2017,11.9999999955,5.74162679790733,208.9999997888
"9290","Spain",1,"STRPNE_15B",2018,3.999999997,2.04081632604019,195.9999999001
"9291","Spain",1,"STRPNE_15B",2019,7.9999999914,4.2328042318149,188.999999841
"9292","Spain",1,"STRPNE_15B",2021,9.0963855363,7.7746884989234,116.9999999043
"9293","Spain",1,"STRPNE_15B",2022,15.1720647496,4.2618159453235,355.9999996304
"9294","Spain",1,"STRPNE_15B",2023,13.9905778143,3.26120695685617,428.9999990613
"9295","Spain",1,"STRPNE_15B",2024,13.5965126256,3.65497651538248,371.999999682
"9296","Spain",1,"STRPNE_15B/C",2010,0,0,337.9999993967
"9297","Spain",1,"STRPNE_15B/C",2012,0,0,242.9999996841
"9298","Spain",1,"STRPNE_15B/C",2013,10.9999999944,5.3921568679085,203.9999997008
"9299","Spain",1,"STRPNE_15B/C",2014,10.9999999952,5.75916230336806,190.9999999265
"9300","Spain",1,"STRPNE_15B/C",2015,12.9999999963,6.16113744665798,210.9999997379
"9301","Spain",1,"STRPNE_15B/C",2016,0,0,159.9999998064
"9302","Spain",1,"STRPNE_15B/C",2017,0,0,208.9999997888
"9303","Spain",1,"STRPNE_15B/C",2018,0,0,195.9999999001
"9304","Spain",1,"STRPNE_15B/C",2019,0,0,188.999999841
"9305","Spain",1,"STRPNE_15B/C",2021,0,0,116.9999999043
"9306","Spain",1,"STRPNE_15B/C",2022,0,0,355.9999996304
"9307","Spain",1,"STRPNE_15B/C",2023,0,0,428.9999990613
"9308","Spain",1,"STRPNE_15B/C",2024,0,0,371.999999682
"9309","Spain",1,"STRPNE_15C",2010,2.9999999842,0.887573961406726,337.9999993967
"9310","Spain",1,"STRPNE_15C",2011,7.9999999802,2.73972602624038,291.9999994006
"9311","Spain",1,"STRPNE_15C",2012,2.9999999833,1.23456789596708,242.9999996841
"9312","Spain",1,"STRPNE_15C",2013,0,0,203.9999997008
"9313","Spain",1,"STRPNE_15C",2014,0,0,190.9999999265
"9314","Spain",1,"STRPNE_15C",2015,0,0,210.9999997379
"9315","Spain",1,"STRPNE_15C",2016,1.9999999952,1.2499999985125,159.9999998064
"9316","Spain",1,"STRPNE_15C",2017,2.9999999865,1.43540669355578,208.9999997888
"9317","Spain",1,"STRPNE_15C",2018,9.9999999985,5.1020408181617,195.9999999001
"9318","Spain",1,"STRPNE_15C",2019,0.999999999,0.529100529016545,188.999999841
"9319","Spain",1,"STRPNE_15C",2021,4.048192764,3.45999381821471,116.9999999043
"9320","Spain",1,"STRPNE_15C",2022,13.7334682624,3.85771580805003,355.9999996304
"9321","Spain",1,"STRPNE_15C",2023,4.6635259095,1.08706897895206,428.9999990613
"9322","Spain",1,"STRPNE_15C",2024,9.0078465432,2.42146412658609,371.999999682
"9323","Spain",1,"STRPNE_15F",2013,0,0,203.9999997008
"9324","Spain",1,"STRPNE_15F",2016,0,0,159.9999998064
"9325","Spain",1,"STRPNE_15F",2023,1.4769230688,0.344271112361695,428.9999990613
"9326","Spain",1,"STRPNE_15F",2024,1.4918918904,0.401046207439604,371.999999682
"9327","Spain",1,"STRPNE_16",2011,0,0,291.9999994006
"9328","Spain",1,"STRPNE_16",2012,0,0,242.9999996841
"9329","Spain",1,"STRPNE_16",2013,0,0,203.9999997008
"9330","Spain",1,"STRPNE_16",2017,0,0,208.9999997888
"9331","Spain",1,"STRPNE_16",2019,0,0,188.999999841
"9332","Spain",1,"STRPNE_16F",2010,1.9999999834,0.591715972476279,337.9999993967
"9333","Spain",1,"STRPNE_16F",2011,0.9999999984,0.342465753579705,291.9999994006
"9334","Spain",1,"STRPNE_16F",2012,4.9999999863,2.05761316576132,242.9999996841
"9335","Spain",1,"STRPNE_16F",2013,0,0,203.9999997008
"9336","Spain",1,"STRPNE_16F",2014,3.9999999961,2.09424083646035,190.9999999265
"9337","Spain",1,"STRPNE_16F",2015,4.999999995,2.36966824701938,210.9999997379
"9338","Spain",1,"STRPNE_16F",2016,1.9999999936,1.2499999975125,159.9999998064
"9339","Spain",1,"STRPNE_16F",2017,5.9999999917,2.87081339605893,208.9999997888
"9340","Spain",1,"STRPNE_16F",2018,2.9999999997,1.53061224552504,195.9999999001
"9341","Spain",1,"STRPNE_16F",2019,4.9999999932,2.64550264413034,188.999999841
"9342","Spain",1,"STRPNE_16F",2021,2.024096382,1.72999690910736,116.9999999043
"9343","Spain",1,"STRPNE_16F",2022,8.4642375016,2.37759480628865,355.9999996304
"9344","Spain",1,"STRPNE_16F",2023,6.2568273465,1.45846791612835,428.9999990613
"9345","Spain",1,"STRPNE_16F",2024,4.5886660824,1.23351238879639,371.999999682
"9346","Spain",1,"STRPNE_17F",2010,0.9999999901,0.295857985764767,337.9999993967
"9347","Spain",1,"STRPNE_17F",2011,0,0,291.9999994006
"9348","Spain",1,"STRPNE_17F",2012,0.999999993,0.411522631399177,242.9999996841
"9349","Spain",1,"STRPNE_17F",2013,1.999999986,0.980392151437909,203.9999997008
"9350","Spain",1,"STRPNE_17F",2014,0,0,190.9999999265
"9351","Spain",1,"STRPNE_17F",2015,0,0,210.9999997379
"9352","Spain",1,"STRPNE_17F",2016,0.9999999984,0.62499999975625,159.9999998064
"9353","Spain",1,"STRPNE_17F",2017,0.9999999933,0.478468896799295,208.9999997888
"9354","Spain",1,"STRPNE_17F",2018,0.9999999999,0.510204081841681,195.9999999001
"9355","Spain",1,"STRPNE_17F",2019,0,0,188.999999841
"9356","Spain",1,"STRPNE_17F",2021,0,0,116.9999999043
"9357","Spain",1,"STRPNE_17F",2022,1.7564102536,0.493373667253795,355.9999996304
"9358","Spain",1,"STRPNE_17F",2023,3.0702244725,0.715670041775756,428.9999990613
"9359","Spain",1,"STRPNE_17F",2024,0,0,371.999999682
"9360","Spain",1,"STRPNE_18",2013,0,0,203.9999997008
"9361","Spain",1,"STRPNE_18",2014,0,0,190.9999999265
"9362","Spain",1,"STRPNE_18",2017,0,0,208.9999997888
"9363","Spain",1,"STRPNE_18A",2011,0,0,291.9999994006
"9364","Spain",1,"STRPNE_18A",2014,0,0,190.9999999265
"9365","Spain",1,"STRPNE_18A",2017,0,0,208.9999997888
"9366","Spain",1,"STRPNE_18A",2021,0,0,116.9999999043
"9367","Spain",1,"STRPNE_18A",2022,0,0,355.9999996304
"9368","Spain",1,"STRPNE_18A",2024,0,0,371.999999682
"9369","Spain",1,"STRPNE_18B",2015,0,0,210.9999997379
"9370","Spain",1,"STRPNE_18B",2017,0,0,208.9999997888
"9371","Spain",1,"STRPNE_18B",2023,0,0,428.9999990613
"9372","Spain",1,"STRPNE_18C",2010,4.9999999783,1.47928993704869,337.9999993967
"9373","Spain",1,"STRPNE_18C",2011,2.9999999762,1.02739725423227,291.9999994006
"9374","Spain",1,"STRPNE_18C",2012,2.9999999833,1.23456789596708,242.9999996841
"9375","Spain",1,"STRPNE_18C",2013,1.9999999928,0.980392154771242,203.9999997008
"9376","Spain",1,"STRPNE_18C",2014,4.9999999993,2.6178010477613,190.9999999265
"9377","Spain",1,"STRPNE_18C",2015,1.9999999886,0.947867294352777,210.9999997379
"9378","Spain",1,"STRPNE_18C",2016,0,0,159.9999998064
"9379","Spain",1,"STRPNE_18C",2017,0,0,208.9999997888
"9380","Spain",1,"STRPNE_18C",2018,0.9999999999,0.510204081841681,195.9999999001
"9381","Spain",1,"STRPNE_18C",2019,1.9999999974,1.05820105771563,188.999999841
"9382","Spain",1,"STRPNE_18C",2021,1.0120481868,0.864998450963935,116.9999999043
"9383","Spain",1,"STRPNE_18C",2023,1.4769230688,0.344271112361695,428.9999990613
"9384","Spain",1,"STRPNE_18C",2024,0,0,371.999999682
"9385","Spain",1,"STRPNE_18F",2012,0,0,242.9999996841
"9386","Spain",1,"STRPNE_19",2010,0,0,337.9999993967
"9387","Spain",1,"STRPNE_19",2011,0,0,291.9999994006
"9388","Spain",1,"STRPNE_19",2012,0,0,242.9999996841
"9389","Spain",1,"STRPNE_19",2013,0,0,203.9999997008
"9390","Spain",1,"STRPNE_19",2016,0,0,159.9999998064
"9391","Spain",1,"STRPNE_19",2018,0,0,195.9999999001
"9392","Spain",1,"STRPNE_19",2021,0,0,116.9999999043
"9393","Spain",1,"STRPNE_19",2022,0,0,355.9999996304
"9394","Spain",1,"STRPNE_19",2024,0,0,371.999999682
"9395","Spain",1,"STRPNE_19A",2010,90.9999999878,26.9230769675228,337.9999993967
"9396","Spain",1,"STRPNE_19A",2011,59.9999999968,20.5479452465631,291.9999994006
"9397","Spain",1,"STRPNE_19A",2012,31.9999999939,13.1687242944444,242.9999996841
"9398","Spain",1,"STRPNE_19A",2013,14.9999999936,7.35294118411765,203.9999997008
"9399","Spain",1,"STRPNE_19A",2014,22.9999999971,12.0418848198695,190.9999999265
"9400","Spain",1,"STRPNE_19A",2015,16.9999999863,8.05687204142989,210.9999997379
"9401","Spain",1,"STRPNE_19A",2016,10.9999999984,6.87500000731875,159.9999998064
"9402","Spain",1,"STRPNE_19A",2017,13.9999999975,6.69856459887434,208.9999997888
"9403","Spain",1,"STRPNE_19A",2018,8.999999996,4.59183673499349,195.9999999001
"9404","Spain",1,"STRPNE_19A",2019,15.9999999927,8.46560846886789,188.999999841
"9405","Spain",1,"STRPNE_19A",2021,6.0481927638,5.16939552884368,116.9999999043
"9406","Spain",1,"STRPNE_19A",2022,14.8542509914,4.17254241764655,355.9999996304
"9407","Spain",1,"STRPNE_19A",2023,12.3972763773,2.88980801967987,428.9999990613
"9408","Spain",1,"STRPNE_19A",2024,15.0319093152,4.04083584087362,371.999999682
"9409","Spain",1,"STRPNE_19F",2010,11.9999999851,3.55029585991685,337.9999993967
"9410","Spain",1,"STRPNE_19F",2011,5.999999981,2.05479451825905,291.9999994006
"9411","Spain",1,"STRPNE_19F",2012,8.9999999955,3.70370370666667,242.9999996841
"9412","Spain",1,"STRPNE_19F",2013,8.999999988,4.41176470647059,203.9999997008
"9413","Spain",1,"STRPNE_19F",2014,3.9999999959,2.09424083635564,190.9999999265
"9414","Spain",1,"STRPNE_19F",2015,1.9999999886,0.947867294352777,210.9999997379
"9415","Spain",1,"STRPNE_19F",2016,2.999999992,1.87499999726875,159.9999998064
"9416","Spain",1,"STRPNE_19F",2017,8.9999999925,4.30622009645681,208.9999997888
"9417","Spain",1,"STRPNE_19F",2018,4.9999999969,2.55102040788187,195.9999999001
"9418","Spain",1,"STRPNE_19F",2019,1.9999999974,1.05820105771563,188.999999841
"9419","Spain",1,"STRPNE_19F",2021,6.0481927638,5.16939552884368,116.9999999043
"9420","Spain",1,"STRPNE_19F",2022,12.7800269714,3.58989522041243,355.9999996304
"9421","Spain",1,"STRPNE_19F",2023,10.6875965817,2.49128125992673,428.9999990613
"9422","Spain",1,"STRPNE_19F",2024,7.459459452,2.00523103719802,371.999999682
"9423","Spain",1,"STRPNE_2",2012,0,0,242.9999996841
"9424","Spain",1,"STRPNE_2",2016,0,0,159.9999998064
"9425","Spain",1,"STRPNE_2",2024,0,0,371.999999682
"9426","Spain",1,"STRPNE_20",2011,0,0,291.9999994006
"9427","Spain",1,"STRPNE_20",2012,0.999999993,0.411522631399177,242.9999996841
"9428","Spain",1,"STRPNE_20",2013,0,0,203.9999997008
"9429","Spain",1,"STRPNE_20",2014,0,0,190.9999999265
"9430","Spain",1,"STRPNE_20",2015,0,0,210.9999997379
"9431","Spain",1,"STRPNE_20",2016,1.9999999936,1.2499999975125,159.9999998064
"9432","Spain",1,"STRPNE_20",2017,0,0,208.9999997888
"9433","Spain",1,"STRPNE_20",2018,0,0,195.9999999001
"9434","Spain",1,"STRPNE_20",2019,0,0,188.999999841
"9435","Spain",1,"STRPNE_20",2022,0,0,355.9999996304
"9436","Spain",1,"STRPNE_20",2023,0,0,428.9999990613
"9437","Spain",1,"STRPNE_20",2024,1.5483870912,0.41623308938807,371.999999682
"9438","Spain",1,"STRPNE_21",2010,0.9999999933,0.295857986711512,337.9999993967
"9439","Spain",1,"STRPNE_21",2011,0.9999999984,0.342465753579705,291.9999994006
"9440","Spain",1,"STRPNE_21",2012,3.9999999933,1.64609053436214,242.9999996841
"9441","Spain",1,"STRPNE_21",2013,0.9999999896,0.490196074052288,203.9999997008
"9442","Spain",1,"STRPNE_21",2014,6.9999999989,3.66492146680299,190.9999999265
"9443","Spain",1,"STRPNE_21",2015,2.9999999958,1.42180094764291,210.9999997379
"9444","Spain",1,"STRPNE_21",2016,0,0,159.9999998064
"9445","Spain",1,"STRPNE_21",2017,3.9999999996,1.91387559982876,208.9999997888
"9446","Spain",1,"STRPNE_21",2018,0,0,195.9999999001
"9447","Spain",1,"STRPNE_21",2019,0.999999999,0.529100529016545,188.999999841
"9448","Spain",1,"STRPNE_21",2021,3.0240963819,2.58469776442184,116.9999999043
"9449","Spain",1,"STRPNE_21",2022,1.7564102536,0.493373667253795,355.9999996304
"9450","Spain",1,"STRPNE_21",2023,0,0,428.9999990613
"9451","Spain",1,"STRPNE_21",2024,0,0,371.999999682
"9452","Spain",1,"STRPNE_22",2012,0,0,242.9999996841
"9453","Spain",1,"STRPNE_22",2014,0,0,190.9999999265
"9454","Spain",1,"STRPNE_22",2018,0,0,195.9999999001
"9455","Spain",1,"STRPNE_22",2024,0,0,371.999999682
"9456","Spain",1,"STRPNE_22A",2010,0,0,337.9999993967
"9457","Spain",1,"STRPNE_22A",2023,0,0,428.9999990613
"9458","Spain",1,"STRPNE_22A",2024,1.5483870912,0.41623308938807,371.999999682
"9459","Spain",1,"STRPNE_22F",2010,5.9999999797,1.77514792615665,337.9999993967
"9460","Spain",1,"STRPNE_22F",2011,9.9999999818,3.42465753504363,291.9999994006
"9461","Spain",1,"STRPNE_22F",2012,3.9999999922,1.64609053390946,242.9999996841
"9462","Spain",1,"STRPNE_22F",2013,6.9999999952,3.43137255169935,203.9999997008
"9463","Spain",1,"STRPNE_22F",2014,5.9999999992,3.1413612573345,190.9999999265
"9464","Spain",1,"STRPNE_22F",2015,9,4.26540284890029,210.9999997379
"9465","Spain",1,"STRPNE_22F",2016,7,4.37500000529375,159.9999998064
"9466","Spain",1,"STRPNE_22F",2017,9.9999999891,4.78468899483505,208.9999997888
"9467","Spain",1,"STRPNE_22F",2018,9.9999999933,5.10204081550864,195.9999999001
"9468","Spain",1,"STRPNE_22F",2019,7.9999999902,4.23280423117998,188.999999841
"9469","Spain",1,"STRPNE_22F",2021,3.0240963819,2.58469776442184,116.9999999043
"9470","Spain",1,"STRPNE_22F",2022,12.7800269714,3.58989522041243,355.9999996304
"9471","Spain",1,"STRPNE_22F",2023,29.8072138257,6.94806850604231,428.9999990613
"9472","Spain",1,"STRPNE_22F",2024,11.991630324,3.2235565414653,371.999999682
"9473","Spain",1,"STRPNE_23",2018,0,0,195.9999999001
"9474","Spain",1,"STRPNE_23",2019,0,0,188.999999841
"9475","Spain",1,"STRPNE_23",2021,0,0,116.9999999043
"9476","Spain",1,"STRPNE_23A",2010,2.9999999842,0.887573961406726,337.9999993967
"9477","Spain",1,"STRPNE_23A",2011,1.9999999802,0.684931501474479,291.9999994006
"9478","Spain",1,"STRPNE_23A",2012,0.999999993,0.411522631399177,242.9999996841
"9479","Spain",1,"STRPNE_23A",2013,2.9999999892,1.47058823215686,203.9999997008
"9480","Spain",1,"STRPNE_23A",2014,0,0,190.9999999265
"9481","Spain",1,"STRPNE_23A",2015,0.9999999986,0.473933649214303,210.9999997379
"9482","Spain",1,"STRPNE_23A",2016,1.9999999936,1.2499999975125,159.9999998064
"9483","Spain",1,"STRPNE_23A",2017,3.9999999875,1.91387559403928,208.9999997888
"9484","Spain",1,"STRPNE_23A",2018,6.9999999967,3.57142857156523,195.9999999001
"9485","Spain",1,"STRPNE_23A",2019,3.9999999954,2.11640211574872,188.999999841
"9486","Spain",1,"STRPNE_23A",2021,2.024096382,1.72999690910736,116.9999999043
"9487","Spain",1,"STRPNE_23A",2022,3.5128205072,0.986747334507589,355.9999996304
"9488","Spain",1,"STRPNE_23A",2023,11.0367316575,2.57266472765725,428.9999990613
"9489","Spain",1,"STRPNE_23A",2024,3.0402789816,0.817279296827674,371.999999682
"9490","Spain",1,"STRPNE_23B",2010,6.999999973,2.07100591286816,337.9999993967
"9491","Spain",1,"STRPNE_23B",2011,9.9999999866,3.42465753668746,291.9999994006
"9492","Spain",1,"STRPNE_23B",2012,7.9999999823,3.29218106695473,242.9999996841
"9493","Spain",1,"STRPNE_23B",2013,8.999999988,4.41176470647059,203.9999997008
"9494","Spain",1,"STRPNE_23B",2014,8.9999999954,4.71204188422165,190.9999999265
"9495","Spain",1,"STRPNE_23B",2015,21.9999999858,10.426540290582,210.9999997379
"9496","Spain",1,"STRPNE_23B",2016,3.9999999888,2.499999996025,159.9999998064
"9497","Spain",1,"STRPNE_23B",2017,8.9999999925,4.30622009645681,208.9999997888
"9498","Spain",1,"STRPNE_23B",2018,9.9999999938,5.10204081576374,195.9999999001
"9499","Spain",1,"STRPNE_23B",2019,8.9999999892,4.76190476019652,188.999999841
"9500","Spain",1,"STRPNE_23B",2021,9.0722891541,7.75409330044501,116.9999999043
"9501","Spain",1,"STRPNE_23B",2022,15.489878516,4.35108947530383,355.9999996304
"9502","Spain",1,"STRPNE_23B",2023,11.1531100257,2.59979255247185,428.9999990613
"9503","Spain",1,"STRPNE_23B",2024,12.1046207352,3.25393030794288,371.999999682
"9504","Spain",1,"STRPNE_23F",2010,1.9999999909,0.591715974695214,337.9999993967
"9505","Spain",1,"STRPNE_23F",2011,3.9999999818,1.36986301027773,291.9999994006
"9506","Spain",1,"STRPNE_23F",2012,3.9999999806,1.6460905291358,242.9999996841
"9507","Spain",1,"STRPNE_23F",2013,1.9999999928,0.980392154771242,203.9999997008
"9508","Spain",1,"STRPNE_23F",2014,0.9999999999,0.523560209573202,190.9999999265
"9509","Spain",1,"STRPNE_23F",2015,0.99999999,0.473933645138474,210.9999997379
"9510","Spain",1,"STRPNE_23F",2016,0.9999999984,0.62499999975625,159.9999998064
"9511","Spain",1,"STRPNE_23F",2017,1.9999999932,0.956937796756484,208.9999997888
"9512","Spain",1,"STRPNE_23F",2018,1.9999999998,1.02040816368336,195.9999999001
"9513","Spain",1,"STRPNE_23F",2019,0.999999999,0.529100529016545,188.999999841
"9514","Spain",1,"STRPNE_23F",2021,1.0120481868,0.864998450963935,116.9999999043
"9515","Spain",1,"STRPNE_23F",2022,0,0,355.9999996304
"9516","Spain",1,"STRPNE_23F",2023,1.4769230688,0.344271112361695,428.9999990613
"9517","Spain",1,"STRPNE_23F",2024,0,0,371.999999682
"9518","Spain",1,"STRPNE_24",2010,0,0,337.9999993967
"9519","Spain",1,"STRPNE_24",2011,0,0,291.9999994006
"9520","Spain",1,"STRPNE_24",2012,0,0,242.9999996841
"9521","Spain",1,"STRPNE_24",2013,0,0,203.9999997008
"9522","Spain",1,"STRPNE_24",2015,0,0,210.9999997379
"9523","Spain",1,"STRPNE_24",2016,0,0,159.9999998064
"9524","Spain",1,"STRPNE_24",2018,0,0,195.9999999001
"9525","Spain",1,"STRPNE_24",2019,0,0,188.999999841
"9526","Spain",1,"STRPNE_24",2021,0,0,116.9999999043
"9527","Spain",1,"STRPNE_24",2022,5.2692307608,1.48012100176138,355.9999996304
"9528","Spain",1,"STRPNE_24",2023,6.2568273465,1.45846791612835,428.9999990613
"9529","Spain",1,"STRPNE_24",2024,6.0240627624,1.61937171170688,371.999999682
"9530","Spain",1,"STRPNE_24A",2010,0,0,337.9999993967
"9531","Spain",1,"STRPNE_24A",2011,0,0,291.9999994006
"9532","Spain",1,"STRPNE_24A",2012,0,0,242.9999996841
"9533","Spain",1,"STRPNE_24A",2013,0,0,203.9999997008
"9534","Spain",1,"STRPNE_24A",2014,0,0,190.9999999265
"9535","Spain",1,"STRPNE_24A",2016,0,0,159.9999998064
"9536","Spain",1,"STRPNE_24A",2017,0,0,208.9999997888
"9537","Spain",1,"STRPNE_24A",2018,0,0,195.9999999001
"9538","Spain",1,"STRPNE_24A",2019,0,0,188.999999841
"9539","Spain",1,"STRPNE_24A",2022,1.4385964872,0.40410013727347,355.9999996304
"9540","Spain",1,"STRPNE_24A",2023,0,0,428.9999990613
"9541","Spain",1,"STRPNE_24A",2024,5.9675675616,1.60418482975842,371.999999682
"9542","Spain",1,"STRPNE_24B",2010,0.9999999933,0.295857986711512,337.9999993967
"9543","Spain",1,"STRPNE_24B",2011,1.9999999778,0.684931500652562,291.9999994006
"9544","Spain",1,"STRPNE_24B",2012,0.999999993,0.411522631399177,242.9999996841
"9545","Spain",1,"STRPNE_24B",2013,0,0,203.9999997008
"9546","Spain",1,"STRPNE_24B",2014,1.9999999996,1.04712041904169,190.9999999265
"9547","Spain",1,"STRPNE_24B",2015,5.9999999936,2.84360189623369,210.9999997379
"9548","Spain",1,"STRPNE_24B",2016,0,0,159.9999998064
"9549","Spain",1,"STRPNE_24B",2017,0,0,208.9999997888
"9550","Spain",1,"STRPNE_24B",2018,0,0,195.9999999001
"9551","Spain",1,"STRPNE_24B",2019,0,0,188.999999841
"9552","Spain",1,"STRPNE_24B",2021,0,0,116.9999999043
"9553","Spain",1,"STRPNE_24B",2022,0,0,355.9999996304
"9554","Spain",1,"STRPNE_24B",2023,1.4769230688,0.344271112361695,428.9999990613
"9555","Spain",1,"STRPNE_24B",2024,9.0078465432,2.42146412658609,371.999999682
"9556","Spain",1,"STRPNE_24F",2010,12.9999999865,3.84615384902481,337.9999993967
"9557","Spain",1,"STRPNE_24F",2011,12.9999999866,4.45205479907042,291.9999994006
"9558","Spain",1,"STRPNE_24F",2012,17.9999999973,7.40740741592593,242.9999996841
"9559","Spain",1,"STRPNE_24F",2013,23.9999999952,11.7647058972549,203.9999997008
"9560","Spain",1,"STRPNE_24F",2014,21.999999997,11.5183246101916,190.9999999265
"9561","Spain",1,"STRPNE_24F",2015,28.9999999972,13.7440758451295,210.9999997379
"9562","Spain",1,"STRPNE_24F",2016,3.9999999904,2.499999997025,159.9999998064
"9563","Spain",1,"STRPNE_24F",2017,39.9999999916,19.1387559961823,208.9999997888
"9564","Spain",1,"STRPNE_24F",2018,27.9999999936,14.2857142897303,195.9999999001
"9565","Spain",1,"STRPNE_24F",2019,23.9999999901,12.6984127038574,188.999999841
"9566","Spain",1,"STRPNE_24F",2021,17.1927710811,14.6946761497118,116.9999999043
"9567","Spain",1,"STRPNE_24F",2022,42.0033737854,11.7987005137663,355.9999996304
"9568","Spain",1,"STRPNE_24F",2023,58.2538829412,13.5789937222998,428.9999990613
"9569","Spain",1,"STRPNE_24F",2024,46.4746294524,12.4931799710022,371.999999682
"9570","Spain",1,"STRPNE_25A",2010,0,0,337.9999993967
"9571","Spain",1,"STRPNE_25A",2011,0,0,291.9999994006
"9572","Spain",1,"STRPNE_25A",2013,0,0,203.9999997008
"9573","Spain",1,"STRPNE_25A",2014,0,0,190.9999999265
"9574","Spain",1,"STRPNE_25A",2015,0,0,210.9999997379
"9575","Spain",1,"STRPNE_25A",2017,0,0,208.9999997888
"9576","Spain",1,"STRPNE_25A",2018,0,0,195.9999999001
"9577","Spain",1,"STRPNE_25A",2023,3.0702244725,0.715670041775756,428.9999990613
"9578","Spain",1,"STRPNE_25A",2024,2.9837837808,0.802092414879208,371.999999682
"9579","Spain",1,"STRPNE_27",2010,0,0,337.9999993967
"9580","Spain",1,"STRPNE_27",2011,0.9999999794,0.342465747072856,291.9999994006
"9581","Spain",1,"STRPNE_27",2012,0,0,242.9999996841
"9582","Spain",1,"STRPNE_27",2013,0,0,203.9999997008
"9583","Spain",1,"STRPNE_27",2014,0.9999999964,0.523560207740742,190.9999999265
"9584","Spain",1,"STRPNE_27",2015,0,0,210.9999997379
"9585","Spain",1,"STRPNE_27",2016,0,0,159.9999998064
"9586","Spain",1,"STRPNE_27",2017,0,0,208.9999997888
"9587","Spain",1,"STRPNE_27",2018,2.9999999992,1.53061224526994,195.9999999001
"9588","Spain",1,"STRPNE_27",2019,0,0,188.999999841
"9589","Spain",1,"STRPNE_27",2022,1.4385964872,0.40410013727347,355.9999996304
"9590","Spain",1,"STRPNE_27",2023,0,0,428.9999990613
"9591","Spain",1,"STRPNE_28",2013,0.9999999896,0.490196074052288,203.9999997008
"9592","Spain",1,"STRPNE_28A",2015,0,0,210.9999997379
"9593","Spain",1,"STRPNE_28A",2017,0,0,208.9999997888
"9594","Spain",1,"STRPNE_28A",2018,0.9999999973,0.51020408051515,195.9999999001
"9595","Spain",1,"STRPNE_28F",2013,0,0,203.9999997008
"9596","Spain",1,"STRPNE_28F",2017,0,0,208.9999997888
"9597","Spain",1,"STRPNE_28F",2018,0,0,195.9999999001
"9598","Spain",1,"STRPNE_28F",2019,0,0,188.999999841
"9599","Spain",1,"STRPNE_28F",2023,0,0,428.9999990613
"9600","Spain",1,"STRPNE_29",2010,0,0,337.9999993967
"9601","Spain",1,"STRPNE_29",2011,0.9999999794,0.342465747072856,291.9999994006
"9602","Spain",1,"STRPNE_29",2012,0.9999999973,0.411522633168724,242.9999996841
"9603","Spain",1,"STRPNE_29",2013,0.9999999964,0.490196077385621,203.9999997008
"9604","Spain",1,"STRPNE_29",2014,0,0,190.9999999265
"9605","Spain",1,"STRPNE_29",2015,1.9999999886,0.947867294352777,210.9999997379
"9606","Spain",1,"STRPNE_29",2017,0,0,208.9999997888
"9607","Spain",1,"STRPNE_29",2018,1.9999999946,1.0204081610303,195.9999999001
"9608","Spain",1,"STRPNE_29",2022,0,0,355.9999996304
"9609","Spain",1,"STRPNE_29",2023,1.5933014037,0.371398929414061,428.9999990613
"9610","Spain",1,"STRPNE_29",2024,3.096774192,0.832466181356786,371.999999682
"9611","Spain",1,"STRPNE_3",2010,16.9999999816,5.02958580235015,337.9999993967
"9612","Spain",1,"STRPNE_3",2011,17.999999984,6.16438356881826,291.9999994006
"9613","Spain",1,"STRPNE_3",2012,9.9999999928,4.11522633983539,242.9999996841
"9614","Spain",1,"STRPNE_3",2013,19.999999996,9.80392158104575,203.9999997008
"9615","Spain",1,"STRPNE_3",2014,9.9999999953,5.23560209379485,190.9999999265
"9616","Spain",1,"STRPNE_3",2015,10.9999999908,5.21327014429573,210.9999997379
"9617","Spain",1,"STRPNE_3",2016,21.9999999968,13.7500000146375,159.9999998064
"9618","Spain",1,"STRPNE_3",2017,16.9999999917,8.13397129611433,208.9999997888
"9619","Spain",1,"STRPNE_3",2018,18.9999999971,9.69387755448173,195.9999999001
"9620","Spain",1,"STRPNE_3",2019,14.9999999874,7.93650793651801,188.999999841
"9621","Spain",1,"STRPNE_3",2021,6.0361445769,5.15909793319424,116.9999999043
"9622","Spain",1,"STRPNE_3",2022,83.5215924294,23.46112149329,355.9999996304
"9623","Spain",1,"STRPNE_3",2023,102.1680529827,23.8153970177751,428.9999990613
"9624","Spain",1,"STRPNE_3",2024,62.9419354752,16.9198751422057,371.999999682
"9625","Spain",1,"STRPNE_31",2010,0,0,337.9999993967
"9626","Spain",1,"STRPNE_31",2011,0,0,291.9999994006
"9627","Spain",1,"STRPNE_31",2012,0.9999999973,0.411522633168724,242.9999996841
"9628","Spain",1,"STRPNE_31",2013,0.9999999896,0.490196074052288,203.9999997008
"9629","Spain",1,"STRPNE_31",2014,3.9999999959,2.09424083635564,190.9999999265
"9630","Spain",1,"STRPNE_31",2015,0,0,210.9999997379
"9631","Spain",1,"STRPNE_31",2016,4.9999999952,3.12500000078125,159.9999998064
"9632","Spain",1,"STRPNE_31",2017,0,0,208.9999997888
"9633","Spain",1,"STRPNE_31",2018,0,0,195.9999999001
"9634","Spain",1,"STRPNE_31",2019,0,0,188.999999841
"9635","Spain",1,"STRPNE_31",2022,1.4385964872,0.40410013727347,355.9999996304
"9636","Spain",1,"STRPNE_31",2023,1.5933014037,0.371398929414061,428.9999990613
"9637","Spain",1,"STRPNE_31",2024,0,0,371.999999682
"9638","Spain",1,"STRPNE_33",2010,0,0,337.9999993967
"9639","Spain",1,"STRPNE_33",2011,0,0,291.9999994006
"9640","Spain",1,"STRPNE_33",2013,0,0,203.9999997008
"9641","Spain",1,"STRPNE_33",2014,0,0,190.9999999265
"9642","Spain",1,"STRPNE_33",2017,0,0,208.9999997888
"9643","Spain",1,"STRPNE_33",2021,0,0,116.9999999043
"9644","Spain",1,"STRPNE_33A",2010,0,0,337.9999993967
"9645","Spain",1,"STRPNE_33A",2012,0,0,242.9999996841
"9646","Spain",1,"STRPNE_33A",2014,0,0,190.9999999265
"9647","Spain",1,"STRPNE_33A",2015,0,0,210.9999997379
"9648","Spain",1,"STRPNE_33A",2024,0,0,371.999999682
"9649","Spain",1,"STRPNE_33B",2013,0,0,203.9999997008
"9650","Spain",1,"STRPNE_33B",2017,0,0,208.9999997888
"9651","Spain",1,"STRPNE_33B",2019,0,0,188.999999841
"9652","Spain",1,"STRPNE_33C",2023,0,0,428.9999990613
"9653","Spain",1,"STRPNE_33F",2010,4.9999999864,1.47928993944514,337.9999993967
"9654","Spain",1,"STRPNE_33F",2011,5.9999999786,2.05479451743714,291.9999994006
"9655","Spain",1,"STRPNE_33F",2012,6.9999999936,2.8806584373251,242.9999996841
"9656","Spain",1,"STRPNE_33F",2013,7.9999999916,3.92156862908497,203.9999997008
"9657","Spain",1,"STRPNE_33F",2014,4.9999999958,2.61780104592884,190.9999999265
"9658","Spain",1,"STRPNE_33F",2015,5.9999999958,2.84360189727634,210.9999997379
"9659","Spain",1,"STRPNE_33F",2016,1.9999999936,1.2499999975125,159.9999998064
"9660","Spain",1,"STRPNE_33F",2017,4.9999999907,2.39234449557542,208.9999997888
"9661","Spain",1,"STRPNE_33F",2018,5.9999999942,3.06122448839702,195.9999999001
"9662","Spain",1,"STRPNE_33F",2019,10.9999999938,5.82010582172168,188.999999841
"9663","Spain",1,"STRPNE_33F",2021,3.0240963819,2.58469776442184,116.9999999043
"9664","Spain",1,"STRPNE_33F",2022,8.1464237352,2.28832127630832,355.9999996304
"9665","Spain",1,"STRPNE_33F",2023,21.9570849993,5.11820164273766,428.9999990613
"9666","Spain",1,"STRPNE_33F",2024,7.5159546528,2.02041791914649,371.999999682
"9667","Spain",1,"STRPNE_34",2010,0.9999999901,0.295857985764767,337.9999993967
"9668","Spain",1,"STRPNE_34",2011,0,0,291.9999994006
"9669","Spain",1,"STRPNE_34",2012,0.9999999973,0.411522633168724,242.9999996841
"9670","Spain",1,"STRPNE_34",2013,0.9999999896,0.490196074052288,203.9999997008
"9671","Spain",1,"STRPNE_34",2014,0,0,190.9999999265
"9672","Spain",1,"STRPNE_34",2015,0,0,210.9999997379
"9673","Spain",1,"STRPNE_34",2016,0,0,159.9999998064
"9674","Spain",1,"STRPNE_34",2017,0,0,208.9999997888
"9675","Spain",1,"STRPNE_34",2018,0,0,195.9999999001
"9676","Spain",1,"STRPNE_34",2019,0.9999999984,0.529100528699085,188.999999841
"9677","Spain",1,"STRPNE_34",2021,0.9999999999,0.854700855314486,116.9999999043
"9678","Spain",1,"STRPNE_34",2024,1.5483870912,0.41623308938807,371.999999682
"9679","Spain",1,"STRPNE_35",2010,0,0,337.9999993967
"9680","Spain",1,"STRPNE_35",2019,0,0,188.999999841
"9681","Spain",1,"STRPNE_35",2023,0,0,428.9999990613
"9682","Spain",1,"STRPNE_35",2024,0,0,371.999999682
"9683","Spain",1,"STRPNE_35A",2014,0,0,190.9999999265
"9684","Spain",1,"STRPNE_35A",2023,1.5933014037,0.371398929414061,428.9999990613
"9685","Spain",1,"STRPNE_35B",2010,0,0,337.9999993967
"9686","Spain",1,"STRPNE_35B",2011,2.9999999952,1.02739726073912,291.9999994006
"9687","Spain",1,"STRPNE_35B",2012,0.9999999973,0.411522633168724,242.9999996841
"9688","Spain",1,"STRPNE_35B",2013,1.999999986,0.980392151437909,203.9999997008
"9689","Spain",1,"STRPNE_35B",2014,0,0,190.9999999265
"9690","Spain",1,"STRPNE_35B",2015,0.99999999,0.473933645138474,210.9999997379
"9691","Spain",1,"STRPNE_35B",2016,3.9999999904,2.499999997025,159.9999998064
"9692","Spain",1,"STRPNE_35B",2017,0,0,208.9999997888
"9693","Spain",1,"STRPNE_35B",2018,5.9999999963,3.06122448946845,195.9999999001
"9694","Spain",1,"STRPNE_35B",2019,3.9999999948,2.11640211543126,188.999999841
"9695","Spain",1,"STRPNE_35B",2021,0,0,116.9999999043
"9696","Spain",1,"STRPNE_35B",2022,3.1950067408,0.897473804527265,355.9999996304
"9697","Spain",1,"STRPNE_35B",2023,1.4769230688,0.344271112361695,428.9999990613
"9698","Spain",1,"STRPNE_35B",2024,0,0,371.999999682
"9699","Spain",1,"STRPNE_35F",2010,1.9999999866,0.591715973423024,337.9999993967
"9700","Spain",1,"STRPNE_35F",2011,1.9999999968,0.684931507159411,291.9999994006
"9701","Spain",1,"STRPNE_35F",2012,0,0,242.9999996841
"9702","Spain",1,"STRPNE_35F",2013,0.9999999964,0.490196077385621,203.9999997008
"9703","Spain",1,"STRPNE_35F",2014,2.9999999995,1.5706806286149,190.9999999265
"9704","Spain",1,"STRPNE_35F",2015,1.999999995,0.947867297385953,210.9999997379
"9705","Spain",1,"STRPNE_35F",2016,1.9999999952,1.2499999985125,159.9999998064
"9706","Spain",1,"STRPNE_35F",2017,0.9999999933,0.478468896799295,208.9999997888
"9707","Spain",1,"STRPNE_35F",2018,1.9999999972,1.02040816235683,195.9999999001
"9708","Spain",1,"STRPNE_35F",2019,0,0,188.999999841
"9709","Spain",1,"STRPNE_35F",2021,4.0361445771,3.44969622256526,116.9999999043
"9710","Spain",1,"STRPNE_35F",2022,6.0721997234,1.70567408137758,355.9999996304
"9711","Spain",1,"STRPNE_35F",2023,4.7799042777,1.11419680376666,428.9999990613
"9712","Spain",1,"STRPNE_35F",2024,3.0402789816,0.817279296827674,371.999999682
"9713","Spain",1,"STRPNE_37",2016,1.9999999968,1.2499999995125,159.9999998064
"9714","Spain",1,"STRPNE_37",2023,0,0,428.9999990613
"9715","Spain",1,"STRPNE_38",2010,2.9999999767,0.887573959187791,337.9999993967
"9716","Spain",1,"STRPNE_38",2011,3.9999999794,1.36986300945581,291.9999994006
"9717","Spain",1,"STRPNE_38",2012,6.9999999936,2.8806584373251,242.9999996841
"9718","Spain",1,"STRPNE_38",2013,2.9999999892,1.47058823215686,203.9999997008
"9719","Spain",1,"STRPNE_38",2014,2.9999999997,1.57068062871961,190.9999999265
"9720","Spain",1,"STRPNE_38",2015,6.99999999,3.31753554440534,210.9999997379
"9721","Spain",1,"STRPNE_38",2016,2.9999999904,1.87499999626875,159.9999998064
"9722","Spain",1,"STRPNE_38",2017,5.9999999917,2.87081339605893,208.9999997888
"9723","Spain",1,"STRPNE_38",2018,8.9999999965,4.5918367352486,195.9999999001
"9724","Spain",1,"STRPNE_38",2019,7.9999999902,4.23280423117998,188.999999841
"9725","Spain",1,"STRPNE_38",2021,0.9999999999,0.854700855314486,116.9999999043
"9726","Spain",1,"STRPNE_38",2022,1.7564102536,0.493373667253795,355.9999996304
"9727","Spain",1,"STRPNE_38",2023,17.1771806883,4.00400483120876,428.9999990613
"9728","Spain",1,"STRPNE_38",2024,7.459459452,2.00523103719802,371.999999682
"9729","Spain",1,"STRPNE_39",2010,0.9999999933,0.295857986711512,337.9999993967
"9730","Spain",1,"STRPNE_39",2011,0,0,291.9999994006
"9731","Spain",1,"STRPNE_4",2010,3.9999999775,1.18343194811824,337.9999993967
"9732","Spain",1,"STRPNE_4",2011,0,0,291.9999994006
"9733","Spain",1,"STRPNE_4",2012,0.9999999973,0.411522633168724,242.9999996841
"9734","Spain",1,"STRPNE_4",2013,0.9999999964,0.490196077385621,203.9999997008
"9735","Spain",1,"STRPNE_4",2014,0,0,190.9999999265
"9736","Spain",1,"STRPNE_4",2015,0.99999999,0.473933645138474,210.9999997379
"9737","Spain",1,"STRPNE_4",2016,1.9999999952,1.2499999985125,159.9999998064
"9738","Spain",1,"STRPNE_4",2017,0,0,208.9999997888
"9739","Spain",1,"STRPNE_4",2018,0,0,195.9999999001
"9740","Spain",1,"STRPNE_4",2019,0.9999999984,0.529100528699085,188.999999841
"9741","Spain",1,"STRPNE_4",2021,0,0,116.9999999043
"9742","Spain",1,"STRPNE_4",2022,1.4385964872,0.40410013727347,355.9999996304
"9743","Spain",1,"STRPNE_4",2023,1.4769230688,0.344271112361695,428.9999990613
"9744","Spain",1,"STRPNE_4",2024,0,0,371.999999682
"9745","Spain",1,"STRPNE_40",2011,0,0,291.9999994006
"9746","Spain",1,"STRPNE_40",2023,0,0,428.9999990613
"9747","Spain",1,"STRPNE_44",2024,0,0,371.999999682
"9748","Spain",1,"STRPNE_45",2016,0,0,159.9999998064
"9749","Spain",1,"STRPNE_47F",2017,0,0,208.9999997888
"9750","Spain",1,"STRPNE_5",2010,7.9999999732,2.36686390162109,337.9999993967
"9751","Spain",1,"STRPNE_5",2011,5.999999981,2.05479451825905,291.9999994006
"9752","Spain",1,"STRPNE_5",2012,0,0,242.9999996841
"9753","Spain",1,"STRPNE_5",2013,0,0,203.9999997008
"9754","Spain",1,"STRPNE_5",2014,0,0,190.9999999265
"9755","Spain",1,"STRPNE_5",2015,0,0,210.9999997379
"9756","Spain",1,"STRPNE_5",2016,0,0,159.9999998064
"9757","Spain",1,"STRPNE_5",2018,0,0,195.9999999001
"9758","Spain",1,"STRPNE_6",2011,0,0,291.9999994006
"9759","Spain",1,"STRPNE_6",2013,0,0,203.9999997008
"9760","Spain",1,"STRPNE_6",2017,0,0,208.9999997888
"9761","Spain",1,"STRPNE_6",2018,0,0,195.9999999001
"9762","Spain",1,"STRPNE_6",2019,0,0,188.999999841
"9763","Spain",1,"STRPNE_6",2024,0,0,371.999999682
"9764","Spain",1,"STRPNE_6A",2010,4.9999999708,1.47928993482975,337.9999993967
"9765","Spain",1,"STRPNE_6A",2011,6.9999999794,2.39726027183876,291.9999994006
"9766","Spain",1,"STRPNE_6A",2012,5.999999992,2.46913580238683,242.9999996841
"9767","Spain",1,"STRPNE_6A",2013,3.9999999924,1.96078431287582,203.9999997008
"9768","Spain",1,"STRPNE_6A",2014,0.9999999999,0.523560209573202,190.9999999265
"9769","Spain",1,"STRPNE_6A",2015,1.999999995,0.947867297385953,210.9999997379
"9770","Spain",1,"STRPNE_6A",2016,0.9999999984,0.62499999975625,159.9999998064
"9771","Spain",1,"STRPNE_6A",2017,0,0,208.9999997888
"9772","Spain",1,"STRPNE_6A",2018,1.9999999972,1.02040816235683,195.9999999001
"9773","Spain",1,"STRPNE_6A",2019,0,0,188.999999841
"9774","Spain",1,"STRPNE_6A",2021,0,0,116.9999999043
"9775","Spain",1,"STRPNE_6A",2022,0,0,355.9999996304
"9776","Spain",1,"STRPNE_6A",2023,0,0,428.9999990613
"9777","Spain",1,"STRPNE_6A",2024,0,0,371.999999682
"9778","Spain",1,"STRPNE_6B",2010,6.999999973,2.07100591286816,337.9999993967
"9779","Spain",1,"STRPNE_6B",2011,8.9999999816,3.08219178084749,291.9999994006
"9780","Spain",1,"STRPNE_6B",2012,6.9999999882,2.88065843510288,242.9999996841
"9781","Spain",1,"STRPNE_6B",2013,2.999999996,1.4705882354902,203.9999997008
"9782","Spain",1,"STRPNE_6B",2014,3.9999999961,2.09424083646035,190.9999999265
"9783","Spain",1,"STRPNE_6B",2015,0.99999999,0.473933645138474,210.9999997379
"9784","Spain",1,"STRPNE_6B",2016,0.9999999968,0.62499999875625,159.9999998064
"9785","Spain",1,"STRPNE_6B",2017,0.99999999,0.478468895220348,208.9999997888
"9786","Spain",1,"STRPNE_6B",2018,0,0,195.9999999001
"9787","Spain",1,"STRPNE_6B",2019,0,0,188.999999841
"9788","Spain",1,"STRPNE_6B",2021,0.9999999999,0.854700855314486,116.9999999043
"9789","Spain",1,"STRPNE_6B",2022,0,0,355.9999996304
"9790","Spain",1,"STRPNE_6B",2023,1.4769230688,0.344271112361695,428.9999990613
"9791","Spain",1,"STRPNE_6B",2024,0,0,371.999999682
"9792","Spain",1,"STRPNE_6C",2010,6.9999999724,2.07100591269064,337.9999993967
"9793","Spain",1,"STRPNE_6C",2011,4.999999973,1.71232876139168,291.9999994006
"9794","Spain",1,"STRPNE_6C",2012,3.9999999922,1.64609053390946,242.9999996841
"9795","Spain",1,"STRPNE_6C",2013,3.9999999924,1.96078431287582,203.9999997008
"9796","Spain",1,"STRPNE_6C",2014,2.9999999997,1.57068062871961,190.9999999265
"9797","Spain",1,"STRPNE_6C",2015,2.9999999872,1.42180094356708,210.9999997379
"9798","Spain",1,"STRPNE_6C",2016,3.9999999888,2.499999996025,159.9999998064
"9799","Spain",1,"STRPNE_6C",2017,0,0,208.9999997888
"9800","Spain",1,"STRPNE_6C",2018,0,0,195.9999999001
"9801","Spain",1,"STRPNE_6C",2019,0,0,188.999999841
"9802","Spain",1,"STRPNE_6C",2021,2.0120481867,1.71969930627842,116.9999999043
"9803","Spain",1,"STRPNE_6C",2022,0,0,355.9999996304
"9804","Spain",1,"STRPNE_6C",2023,1.5933014037,0.371398929414061,428.9999990613
"9805","Spain",1,"STRPNE_6C",2024,4.4756756712,1.20313862231881,371.999999682
"9806","Spain",1,"STRPNE_6D",2015,0,0,210.9999997379
"9807","Spain",1,"STRPNE_7",2011,0,0,291.9999994006
"9808","Spain",1,"STRPNE_7",2013,0,0,203.9999997008
"9809","Spain",1,"STRPNE_7",2017,0,0,208.9999997888
"9810","Spain",1,"STRPNE_7",2018,0,0,195.9999999001
"9811","Spain",1,"STRPNE_7",2019,0,0,188.999999841
"9812","Spain",1,"STRPNE_7",2022,1.7564102536,0.493373667253795,355.9999996304
"9813","Spain",1,"STRPNE_7A",2012,0,0,242.9999996841
"9814","Spain",1,"STRPNE_7A",2023,0,0,428.9999990613
"9815","Spain",1,"STRPNE_7A",2024,1.4918918904,0.401046207439604,371.999999682
"9816","Spain",1,"STRPNE_7B",2012,0,0,242.9999996841
"9817","Spain",1,"STRPNE_7B",2018,0.9999999973,0.51020408051515,195.9999999001
"9818","Spain",1,"STRPNE_7B",2019,0.9999999984,0.529100528699085,188.999999841
"9819","Spain",1,"STRPNE_7B",2021,0.9999999999,0.854700855314486,116.9999999043
"9820","Spain",1,"STRPNE_7B",2022,3.1950067408,0.897473804527265,355.9999996304
"9821","Spain",1,"STRPNE_7B",2024,0,0,371.999999682
"9822","Spain",1,"STRPNE_7C",2011,0,0,291.9999994006
"9823","Spain",1,"STRPNE_7C",2012,0,0,242.9999996841
"9824","Spain",1,"STRPNE_7C",2015,0,0,210.9999997379
"9825","Spain",1,"STRPNE_7C",2017,0,0,208.9999997888
"9826","Spain",1,"STRPNE_7C",2018,0,0,195.9999999001
"9827","Spain",1,"STRPNE_7C",2019,0,0,188.999999841
"9828","Spain",1,"STRPNE_7C",2021,0,0,116.9999999043
"9829","Spain",1,"STRPNE_7C",2022,0,0,355.9999996304
"9830","Spain",1,"STRPNE_7C",2023,1.5933014037,0.371398929414061,428.9999990613
"9831","Spain",1,"STRPNE_7C",2024,6.0240627624,1.61937171170688,371.999999682
"9832","Spain",1,"STRPNE_7F",2010,33.9999999863,10.0591716115346,337.9999993967
"9833","Spain",1,"STRPNE_7F",2011,15.9999999818,5.47945205980953,291.9999994006
"9834","Spain",1,"STRPNE_7F",2012,11.9999999904,4.93827160740741,242.9999996841
"9835","Spain",1,"STRPNE_7F",2013,6.9999999884,3.43137254836601,203.9999997008
"9836","Spain",1,"STRPNE_7F",2014,0.9999999964,0.523560207740742,190.9999999265
"9837","Spain",1,"STRPNE_7F",2015,1.9999999886,0.947867294352777,210.9999997379
"9838","Spain",1,"STRPNE_7F",2016,0.9999999984,0.62499999975625,159.9999998064
"9839","Spain",1,"STRPNE_7F",2017,1.9999999833,0.956937792019642,208.9999997888
"9840","Spain",1,"STRPNE_7F",2018,0.9999999999,0.510204081841681,195.9999999001
"9841","Spain",1,"STRPNE_7F",2019,0,0,188.999999841
"9842","Spain",1,"STRPNE_7F",2024,1.4918918904,0.401046207439604,371.999999682
"9843","Spain",1,"STRPNE_8",2010,0.9999999933,0.295857986711512,337.9999993967
"9844","Spain",1,"STRPNE_8",2011,2.9999999762,1.02739725423227,291.9999994006
"9845","Spain",1,"STRPNE_8",2012,1.9999999903,0.823045264567901,242.9999996841
"9846","Spain",1,"STRPNE_8",2013,2.9999999892,1.47058823215686,203.9999997008
"9847","Spain",1,"STRPNE_8",2014,3.9999999994,2.0942408381881,190.9999999265
"9848","Spain",1,"STRPNE_8",2015,4.9999999844,2.36966824199569,210.9999997379
"9849","Spain",1,"STRPNE_8",2016,21.9999999968,13.7500000146375,159.9999998064
"9850","Spain",1,"STRPNE_8",2017,8.9999999947,4.30622009750944,208.9999997888
"9851","Spain",1,"STRPNE_8",2018,10.9999999927,5.61224489709522,195.9999999001
"9852","Spain",1,"STRPNE_8",2019,17.9999999898,9.52380952642479,188.999999841
"9853","Spain",1,"STRPNE_8",2021,8.0240963814,6.85820204099427,116.9999999043
"9854","Spain",1,"STRPNE_8",2022,18.0492577322,5.07001622217381,355.9999996304
"9855","Spain",1,"STRPNE_8",2023,10.6875965817,2.49128125992673,428.9999990613
"9856","Spain",1,"STRPNE_8",2024,12.1046207352,3.25393030794288,371.999999682
"9857","Spain",1,"STRPNE_9",2011,0,0,291.9999994006
"9858","Spain",1,"STRPNE_9",2012,0,0,242.9999996841
"9859","Spain",1,"STRPNE_9",2013,0,0,203.9999997008
"9860","Spain",1,"STRPNE_9",2016,0,0,159.9999998064
"9861","Spain",1,"STRPNE_9",2022,0,0,355.9999996304
"9862","Spain",1,"STRPNE_9",2023,0,0,428.9999990613
"9863","Spain",1,"STRPNE_9",2024,0,0,371.999999682
"9864","Spain",1,"STRPNE_9A",2010,0,0,337.9999993967
"9865","Spain",1,"STRPNE_9A",2011,0,0,291.9999994006
"9866","Spain",1,"STRPNE_9A",2015,0,0,210.9999997379
"9867","Spain",1,"STRPNE_9A",2021,0,0,116.9999999043
"9868","Spain",1,"STRPNE_9L",2013,0,0,203.9999997008
"9869","Spain",1,"STRPNE_9L",2014,0,0,190.9999999265
"9870","Spain",1,"STRPNE_9N",2010,0.9999999901,0.295857985764767,337.9999993967
"9871","Spain",1,"STRPNE_9N",2011,0.9999999984,0.342465753579705,291.9999994006
"9872","Spain",1,"STRPNE_9N",2012,0,0,242.9999996841
"9873","Spain",1,"STRPNE_9N",2013,3.9999999924,1.96078431287582,203.9999997008
"9874","Spain",1,"STRPNE_9N",2014,2.9999999997,1.57068062871961,190.9999999265
"9875","Spain",1,"STRPNE_9N",2015,0.9999999986,0.473933649214303,210.9999997379
"9876","Spain",1,"STRPNE_9N",2016,7.9999999888,4.99999999905,159.9999998064
"9877","Spain",1,"STRPNE_9N",2017,6.9999999905,3.3492822954898,208.9999997888
"9878","Spain",1,"STRPNE_9N",2018,4.9999999938,2.55102040630024,195.9999999001
"9879","Spain",1,"STRPNE_9N",2019,4.9999999998,2.64550264762241,188.999999841
"9880","Spain",1,"STRPNE_9N",2021,2.0120481867,1.71969930627842,116.9999999043
"9881","Spain",1,"STRPNE_9N",2022,3.5128205072,0.986747334507589,355.9999996304
"9882","Spain",1,"STRPNE_9N",2023,4.7799042777,1.11419680376666,428.9999990613
"9883","Spain",1,"STRPNE_9N",2024,6.0240627624,1.61937171170688,371.999999682
"9884","Spain",1,"STRPNE_9V",2010,2.9999999767,0.887573959187791,337.9999993967
"9885","Spain",1,"STRPNE_9V",2011,2.9999999762,1.02739725423227,291.9999994006
"9886","Spain",1,"STRPNE_9V",2012,0.999999993,0.411522631399177,242.9999996841
"9887","Spain",1,"STRPNE_9V",2013,0.9999999896,0.490196074052288,203.9999997008
"9888","Spain",1,"STRPNE_9V",2014,0.9999999964,0.523560207740742,190.9999999265
"9889","Spain",1,"STRPNE_9V",2015,3.99999999,1.89573459477191,210.9999997379
"9890","Spain",1,"STRPNE_9V",2016,1.9999999952,1.2499999985125,159.9999998064
"9891","Spain",1,"STRPNE_9V",2017,0,0,208.9999997888
"9892","Spain",1,"STRPNE_9V",2018,0.9999999999,0.510204081841681,195.9999999001
"9893","Spain",1,"STRPNE_9V",2019,0.9999999984,0.529100528699085,188.999999841
"9894","Spain",1,"STRPNE_9V",2022,0,0,355.9999996304
"9895","Spain",1,"STRPNE_NTYP",2010,0.9999999933,0.295857986711512,337.9999993967
"9896","Spain",1,"STRPNE_NTYP",2011,0.9999999794,0.342465747072856,291.9999994006
"9897","Spain",1,"STRPNE_NTYP",2012,5.9999999952,2.4691358037037,242.9999996841
"9898","Spain",1,"STRPNE_NTYP",2013,1.999999986,0.980392151437909,203.9999997008
"9899","Spain",1,"STRPNE_NTYP",2014,0,0,190.9999999265
"9900","Spain",1,"STRPNE_NTYP",2015,3.9999999922,1.89573459581456,210.9999997379
"9901","Spain",1,"STRPNE_NTYP",2016,0,0,159.9999998064
"9902","Spain",1,"STRPNE_NTYP",2017,0,0,208.9999997888
"9903","Spain",1,"STRPNE_NTYP",2018,0,0,195.9999999001
"9904","Spain",1,"STRPNE_NTYP",2019,0,0,188.999999841
"9905","Spain",1,"STRPNE_NTYP",2022,0,0,355.9999996304
"9906","Spain",1,"STRPNE_NTYP",2023,17.4099374055,4.05826047636245,428.9999990613
"9907","Spain",1,"STRPNE_NTYP",2024,22.6043591784,6.07644064454922,371.999999682
"9908","Spain",5,"STRPNE_1",2010,20.999999961,2.24119530470651,936.9999980323
"9909","Spain",5,"STRPNE_1",2011,16.99999992,1.78759200357518,950.999998098
"9910","Spain",5,"STRPNE_1",2012,21.9999999052,2.09324452481446,1050.9999975827
"9911","Spain",5,"STRPNE_1",2013,20.9999999664,2.17391304543478,965.999997585
"9912","Spain",5,"STRPNE_1",2014,19.999999989,2.24719101382022,889.999998487
"9913","Spain",5,"STRPNE_1",2015,6.999999942,0.690335301587771,1013.9999976678
"9914","Spain",5,"STRPNE_1",2016,9.999999966,1.09409190196937,913.9999983548
"9915","Spain",5,"STRPNE_1",2017,1.9999999008,0.154320980385802,1295.99999676
"9916","Spain",5,"STRPNE_1",2018,1.9999999008,0.168350160319865,1187.9999977428
"9917","Spain",5,"STRPNE_1",2019,0,0,1236.999997526
"9918","Spain",5,"STRPNE_1",2020,0,0,477.999999283
"9919","Spain",5,"STRPNE_1",2021,0.9999999674,0.291545180728863,342.9999991425
"9920","Spain",5,"STRPNE_1",2022,0,0,1412.9999940654
"9921","Spain",5,"STRPNE_1",2023,3.2633802719,0.14084507028169,2316.999995366
"9922","Spain",5,"STRPNE_1",2024,0,0,2545.999992362
"9923","Spain",5,"STRPNE_10",2010,0,0,936.9999980323
"9924","Spain",5,"STRPNE_10",2011,0,0,950.999998098
"9925","Spain",5,"STRPNE_10",2012,0,0,1050.9999975827
"9926","Spain",5,"STRPNE_10",2013,0,0,965.999997585
"9927","Spain",5,"STRPNE_10",2014,0,0,889.999998487
"9928","Spain",5,"STRPNE_10",2015,0,0,1013.9999976678
"9929","Spain",5,"STRPNE_10",2016,0,0,913.9999983548
"9930","Spain",5,"STRPNE_10",2018,0,0,1187.9999977428
"9931","Spain",5,"STRPNE_10",2019,0,0,1236.999997526
"9932","Spain",5,"STRPNE_10",2020,0,0,477.999999283
"9933","Spain",5,"STRPNE_10",2022,0,0,1412.9999940654
"9934","Spain",5,"STRPNE_10",2023,0,0,2316.999995366
"9935","Spain",5,"STRPNE_10",2024,0,0,2545.999992362
"9936","Spain",5,"STRPNE_10A",2010,18.9999999781,2.02774813425827,936.9999980323
"9937","Spain",5,"STRPNE_10A",2011,15.9999999303,1.68243953336488,950.999998098
"9938","Spain",5,"STRPNE_10A",2012,16.9999999363,1.61750713372027,1050.9999975827
"9939","Spain",5,"STRPNE_10A",2013,14.9999999898,1.55279503388199,965.999997585
"9940","Spain",5,"STRPNE_10A",2014,20.999999984,2.35955056401124,889.999998487
"9941","Spain",5,"STRPNE_10A",2015,27.9999999708,2.76134122635108,1013.9999976678
"9942","Spain",5,"STRPNE_10A",2016,15.9999999456,1.75054704315098,913.9999983548
"9943","Spain",5,"STRPNE_10A",2017,29.9999999376,2.31481481578704,1295.99999676
"9944","Spain",5,"STRPNE_10A",2018,22.9999999284,1.93602693367845,1187.9999977428
"9945","Spain",5,"STRPNE_10A",2019,22.999999927,1.85933710371867,1236.999997526
"9946","Spain",5,"STRPNE_10A",2020,9.999999956,2.09205020313808,477.999999283
"9947","Spain",5,"STRPNE_10A",2021,11.9999999861,3.49854227874636,342.9999991425
"9948","Spain",5,"STRPNE_10A",2022,37.2659339619,2.63736264107692,1412.9999940654
"9949","Spain",5,"STRPNE_10A",2023,52.2140843504,2.25352112450704,2316.999995366
"9950","Spain",5,"STRPNE_10A",2024,61.9967531178,2.43506493730519,2545.999992362
"9951","Spain",5,"STRPNE_10B",2010,0,0,936.9999980323
"9952","Spain",5,"STRPNE_10B",2011,0,0,950.999998098
"9953","Spain",5,"STRPNE_10B",2012,0,0,1050.9999975827
"9954","Spain",5,"STRPNE_10B",2013,0,0,965.999997585
"9955","Spain",5,"STRPNE_10B",2014,0.999999995,0.112359550191011,889.999998487
"9956","Spain",5,"STRPNE_10B",2015,0,0,1013.9999976678
"9957","Spain",5,"STRPNE_10B",2016,0,0,913.9999983548
"9958","Spain",5,"STRPNE_10B",2017,0.9999999504,0.0771604901929012,1295.99999676
"9959","Spain",5,"STRPNE_10B",2018,0,0,1187.9999977428
"9960","Spain",5,"STRPNE_10B",2019,0.9999999538,0.0808407401616815,1236.999997526
"9961","Spain",5,"STRPNE_10B",2020,0,0,477.999999283
"9962","Spain",5,"STRPNE_10B",2021,0.9999999674,0.291545180728863,342.9999991425
"9963","Spain",5,"STRPNE_10B",2022,1.552747113,0.109890100461538,1412.9999940654
"9964","Spain",5,"STRPNE_10B",2023,4.895070292,0.211267600422535,2316.999995366
"9965","Spain",5,"STRPNE_10B",2024,5.5108223466,0.216450210649351,2545.999992362
"9966","Spain",5,"STRPNE_10C",2013,0,0,965.999997585
"9967","Spain",5,"STRPNE_10C",2017,0,0,1295.99999676
"9968","Spain",5,"STRPNE_10C",2018,0,0,1187.9999977428
"9969","Spain",5,"STRPNE_10C",2020,0,0,477.999999283
"9970","Spain",5,"STRPNE_10C",2022,0,0,1412.9999940654
"9971","Spain",5,"STRPNE_10C",2023,0,0,2316.999995366
"9972","Spain",5,"STRPNE_10F",2010,0.9999999446,0.10672358022412,936.9999980323
"9973","Spain",5,"STRPNE_10F",2011,0.9999999897,0.105152470210305,950.999998098
"9974","Spain",5,"STRPNE_10F",2012,0,0,1050.9999975827
"9975","Spain",5,"STRPNE_10F",2013,0,0,965.999997585
"9976","Spain",5,"STRPNE_10F",2014,0,0,889.999998487
"9977","Spain",5,"STRPNE_10F",2015,0,0,1013.9999976678
"9978","Spain",5,"STRPNE_10F",2016,0,0,913.9999983548
"9979","Spain",5,"STRPNE_10F",2017,0,0,1295.99999676
"9980","Spain",5,"STRPNE_10F",2018,0,0,1187.9999977428
"9981","Spain",5,"STRPNE_10F",2019,0,0,1236.999997526
"9982","Spain",5,"STRPNE_10F",2020,0,0,477.999999283
"9983","Spain",5,"STRPNE_10F",2021,0,0,342.9999991425
"9984","Spain",5,"STRPNE_10F",2024,1.377705523,0.0541125501623377,2545.999992362
"9985","Spain",5,"STRPNE_11",2010,0,0,936.9999980323
"9986","Spain",5,"STRPNE_11",2011,0,0,950.999998098
"9987","Spain",5,"STRPNE_11",2012,0,0,1050.9999975827
"9988","Spain",5,"STRPNE_11",2013,0,0,965.999997585
"9989","Spain",5,"STRPNE_11",2014,0,0,889.999998487
"9990","Spain",5,"STRPNE_11",2015,0,0,1013.9999976678
"9991","Spain",5,"STRPNE_11",2016,0,0,913.9999983548
"9992","Spain",5,"STRPNE_11",2017,0,0,1295.99999676
"9993","Spain",5,"STRPNE_11",2019,0,0,1236.999997526
"9994","Spain",5,"STRPNE_11",2021,0,0,342.9999991425
"9995","Spain",5,"STRPNE_11",2022,0,0,1412.9999940654
"9996","Spain",5,"STRPNE_11",2023,0,0,2316.999995366
"9997","Spain",5,"STRPNE_11",2024,0,0,2545.999992362
"9998","Spain",5,"STRPNE_11A",2010,20.999999961,2.24119530470651,936.9999980323
"9999","Spain",5,"STRPNE_11A",2011,26.9999999121,2.83911671567823,950.999998098
"10000","Spain",5,"STRPNE_11A",2012,35.9999999022,3.42530922787821,1050.9999975827
"10001","Spain",5,"STRPNE_11A",2013,33.9999999318,3.51966873879917,965.999997585
"10002","Spain",5,"STRPNE_11A",2014,29.999999939,3.37078651573034,889.999998487
"10003","Spain",5,"STRPNE_11A",2015,31.9999999956,3.15581854725838,1013.9999976678
"10004","Spain",5,"STRPNE_11A",2016,30.999999986,3.39168490610503,913.9999983548
"10005","Spain",5,"STRPNE_11A",2017,60.9999999552,4.70679013176698,1295.99999676
"10006","Spain",5,"STRPNE_11A",2018,39.9999999168,3.36700336639731,1187.9999977428
"10007","Spain",5,"STRPNE_11A",2019,40.9999999613,3.31447049662894,1236.999997526
"10008","Spain",5,"STRPNE_11A",2020,22.9999999944,4.81171548721757,477.999999283
"10009","Spain",5,"STRPNE_11A",2021,13.9999999895,4.08163266020408,342.9999991425
"10010","Spain",5,"STRPNE_11A",2022,49.6879119963,3.51648352476923,1412.9999940654
"10011","Spain",5,"STRPNE_11A",2023,60.372535146,2.60563380521127,2316.999995366
"10012","Spain",5,"STRPNE_11A",2024,88.1731600916,3.46320347038961,2545.999992362
"10013","Spain",5,"STRPNE_11A/D",2023,0,0,2316.999995366
"10014","Spain",5,"STRPNE_11B",2010,0,0,936.9999980323
"10015","Spain",5,"STRPNE_11B",2011,0,0,950.999998098
"10016","Spain",5,"STRPNE_11B",2013,0,0,965.999997585
"10017","Spain",5,"STRPNE_11B",2014,0.999999995,0.112359550191011,889.999998487
"10018","Spain",5,"STRPNE_11B",2015,0,0,1013.9999976678
"10019","Spain",5,"STRPNE_11B",2016,0.9999999966,0.109409190196937,913.9999983548
"10020","Spain",5,"STRPNE_11B",2017,0,0,1295.99999676
"10021","Spain",5,"STRPNE_11B",2018,0,0,1187.9999977428
"10022","Spain",5,"STRPNE_11B",2019,0,0,1236.999997526
"10023","Spain",5,"STRPNE_11B",2020,0,0,477.999999283
"10024","Spain",5,"STRPNE_11B",2022,0,0,1412.9999940654
"10025","Spain",5,"STRPNE_11B",2023,0,0,2316.999995366
"10026","Spain",5,"STRPNE_11B",2024,2.755411046,0.108225100324675,2545.999992362
"10027","Spain",5,"STRPNE_11C",2011,0,0,950.999998098
"10028","Spain",5,"STRPNE_11C",2012,0,0,1050.9999975827
"10029","Spain",5,"STRPNE_11C",2013,0.9999999156,0.103519660258799,965.999997585
"10030","Spain",5,"STRPNE_11C",2014,0,0,889.999998487
"10031","Spain",5,"STRPNE_11C",2015,0,0,1013.9999976678
"10032","Spain",5,"STRPNE_11C",2016,0,0,913.9999983548
"10033","Spain",5,"STRPNE_11C",2017,1.9999999008,0.154320980385802,1295.99999676
"10034","Spain",5,"STRPNE_11C",2018,0,0,1187.9999977428
"10035","Spain",5,"STRPNE_11C",2021,0,0,342.9999991425
"10036","Spain",5,"STRPNE_11C",2023,1.6316900201,0.0704225301408451,2316.999995366
"10037","Spain",5,"STRPNE_11D",2010,3.9999999658,0.426894340896478,936.9999980323
"10038","Spain",5,"STRPNE_11D",2011,0.9999999897,0.105152470210305,950.999998098
"10039","Spain",5,"STRPNE_11D",2015,0,0,1013.9999976678
"10040","Spain",5,"STRPNE_11D",2017,0,0,1295.99999676
"10041","Spain",5,"STRPNE_11D",2018,0,0,1187.9999977428
"10042","Spain",5,"STRPNE_11D",2019,0,0,1236.999997526
"10043","Spain",5,"STRPNE_11D",2020,0,0,477.999999283
"10044","Spain",5,"STRPNE_11D",2021,0,0,342.9999991425
"10045","Spain",5,"STRPNE_11D",2022,0,0,1412.9999940654
"10046","Spain",5,"STRPNE_11D",2023,0,0,2316.999995366
"10047","Spain",5,"STRPNE_11D",2024,0,0,2545.999992362
"10048","Spain",5,"STRPNE_11E",2019,0,0,1236.999997526
"10049","Spain",5,"STRPNE_11E",2022,0,0,1412.9999940654
"10050","Spain",5,"STRPNE_11E",2024,0,0,2545.999992362
"10051","Spain",5,"STRPNE_11F",2010,3.9999999658,0.426894340896478,936.9999980323
"10052","Spain",5,"STRPNE_11F",2011,1.9999999794,0.21030494042061,950.999998098
"10053","Spain",5,"STRPNE_11F",2012,1.9999999245,0.190294950437678,1050.9999975827
"10054","Spain",5,"STRPNE_11F",2018,0,0,1187.9999977428
"10055","Spain",5,"STRPNE_11F",2024,1.377705523,0.0541125501623377,2545.999992362
"10056","Spain",5,"STRPNE_12",2010,0,0,936.9999980323
"10057","Spain",5,"STRPNE_12",2011,0,0,950.999998098
"10058","Spain",5,"STRPNE_12",2012,0,0,1050.9999975827
"10059","Spain",5,"STRPNE_12",2013,0,0,965.999997585
"10060","Spain",5,"STRPNE_12",2014,0,0,889.999998487
"10061","Spain",5,"STRPNE_12",2015,0,0,1013.9999976678
"10062","Spain",5,"STRPNE_12",2016,0,0,913.9999983548
"10063","Spain",5,"STRPNE_12",2017,0,0,1295.99999676
"10064","Spain",5,"STRPNE_12",2018,0,0,1187.9999977428
"10065","Spain",5,"STRPNE_12",2019,0,0,1236.999997526
"10066","Spain",5,"STRPNE_12",2022,0,0,1412.9999940654
"10067","Spain",5,"STRPNE_12",2024,0,0,2545.999992362
"10068","Spain",5,"STRPNE_12A",2010,0,0,936.9999980323
"10069","Spain",5,"STRPNE_12A",2012,0,0,1050.9999975827
"10070","Spain",5,"STRPNE_12A",2013,0,0,965.999997585
"10071","Spain",5,"STRPNE_12A",2015,0,0,1013.9999976678
"10072","Spain",5,"STRPNE_12A",2017,0,0,1295.99999676
"10073","Spain",5,"STRPNE_12A",2018,0,0,1187.9999977428
"10074","Spain",5,"STRPNE_12A",2022,1.552747113,0.109890100461538,1412.9999940654
"10075","Spain",5,"STRPNE_12A",2023,0,0,2316.999995366
"10076","Spain",5,"STRPNE_12A",2024,0,0,2545.999992362
"10077","Spain",5,"STRPNE_12B",2010,0,0,936.9999980323
"10078","Spain",5,"STRPNE_12B",2011,0,0,950.999998098
"10079","Spain",5,"STRPNE_12B",2012,0,0,1050.9999975827
"10080","Spain",5,"STRPNE_12B",2013,0,0,965.999997585
"10081","Spain",5,"STRPNE_12B",2014,0,0,889.999998487
"10082","Spain",5,"STRPNE_12B",2015,0,0,1013.9999976678
"10083","Spain",5,"STRPNE_12B",2016,0,0,913.9999983548
"10084","Spain",5,"STRPNE_12B",2017,0,0,1295.99999676
"10085","Spain",5,"STRPNE_12B",2018,0,0,1187.9999977428
"10086","Spain",5,"STRPNE_12B",2019,0,0,1236.999997526
"10087","Spain",5,"STRPNE_12B",2020,0,0,477.999999283
"10088","Spain",5,"STRPNE_12B",2021,0,0,342.9999991425
"10089","Spain",5,"STRPNE_12B",2022,3.1054943673,0.219780210923077,1412.9999940654
"10090","Spain",5,"STRPNE_12B",2023,0,0,2316.999995366
"10091","Spain",5,"STRPNE_12B",2024,4.1331168236,0.162337660487013,2545.999992362
"10092","Spain",5,"STRPNE_12F",2010,17.9999999398,1.92102454403415,936.9999980323
"10093","Spain",5,"STRPNE_12F",2011,33.9999999351,3.57518401715037,950.999998098
"10094","Spain",5,"STRPNE_12F",2012,39.9999999614,3.80589914875357,1050.9999975827
"10095","Spain",5,"STRPNE_12F",2013,29.9999999796,3.10559006776398,965.999997585
"10096","Spain",5,"STRPNE_12F",2014,32.999999924,3.70786516630337,889.999998487
"10097","Spain",5,"STRPNE_12F",2015,40.99999995,4.0433925092998,1013.9999976678
"10098","Spain",5,"STRPNE_12F",2016,46.9999999316,5.14223194925602,913.9999983548
"10099","Spain",5,"STRPNE_12F",2017,68.9999999472,5.32407408331019,1295.99999676
"10100","Spain",5,"STRPNE_12F",2018,50.9999999652,4.29292929815657,1187.9999977428
"10101","Spain",5,"STRPNE_12F",2019,56.9999999643,4.60792239921584,1236.999997526
"10102","Spain",5,"STRPNE_12F",2020,4.999999978,1.04602510156904,477.999999283
"10103","Spain",5,"STRPNE_12F",2021,4.9999999742,1.45772594364431,342.9999991425
"10104","Spain",5,"STRPNE_12F",2022,17.080219656,1.20879120507692,1412.9999940654
"10105","Spain",5,"STRPNE_12F",2023,40.7922535146,1.76056338352113,2316.999995366
"10106","Spain",5,"STRPNE_12F",2024,56.4859305166,2.21861471665584,2545.999992362
"10107","Spain",5,"STRPNE_13",2010,2.9999999275,0.320170750672359,936.9999980323
"10108","Spain",5,"STRPNE_13",2011,1.9999999794,0.21030494042061,950.999998098
"10109","Spain",5,"STRPNE_13",2012,2.9999999393,0.285442430656518,1050.9999975827
"10110","Spain",5,"STRPNE_13",2013,3.9999999522,0.414078671035197,965.999997585
"10111","Spain",5,"STRPNE_13",2014,3.99999998,0.449438200764045,889.999998487
"10112","Spain",5,"STRPNE_13",2015,3.9999999234,0.394477310907298,1013.9999976678
"10113","Spain",5,"STRPNE_13",2016,1.9999999932,0.218818380393873,913.9999983548
"10114","Spain",5,"STRPNE_13",2017,3.9999999312,0.308641970771605,1295.99999676
"10115","Spain",5,"STRPNE_13",2018,1.9999999008,0.168350160319865,1187.9999977428
"10116","Spain",5,"STRPNE_13",2019,5.9999999702,0.485044460970089,1236.999997526
"10117","Spain",5,"STRPNE_13",2020,1.9999999912,0.418410040627615,477.999999283
"10118","Spain",5,"STRPNE_13",2021,0.9999999674,0.291545180728863,342.9999991425
"10119","Spain",5,"STRPNE_13",2022,3.1054943673,0.219780210923077,1412.9999940654
"10120","Spain",5,"STRPNE_13",2023,8.1584505639,0.352112670704225,2316.999995366
"10121","Spain",5,"STRPNE_13",2024,11.0216449478,0.432900431298701,2545.999992362
"10122","Spain",5,"STRPNE_14",2010,56.9999999343,6.08324440277481,936.9999980323
"10123","Spain",5,"STRPNE_14",2011,51.9999999399,5.46792850093586,950.999998098
"10124","Spain",5,"STRPNE_14",2012,64.999999911,6.18458611422455,1050.9999975827
"10125","Spain",5,"STRPNE_14",2013,50.999999946,5.27950311319876,965.999997585
"10126","Spain",5,"STRPNE_14",2014,53.999999997,6.06741574031461,889.999998487
"10127","Spain",5,"STRPNE_14",2015,55.9999999416,5.52268245270217,1013.9999976678
"10128","Spain",5,"STRPNE_14",2016,49.9999999214,5.47045951984683,913.9999983548
"10129","Spain",5,"STRPNE_14",2017,57.9999999744,4.47530865118827,1295.99999676
"10130","Spain",5,"STRPNE_14",2018,32.9999999076,2.77777777527778,1187.9999977428
"10131","Spain",5,"STRPNE_14",2019,31.9999998823,2.58690379517381,1236.999997526
"10132","Spain",5,"STRPNE_14",2020,12.9999999906,2.7196652740795,477.999999283
"10133","Spain",5,"STRPNE_14",2021,5.9999999759,1.74927113437318,342.9999991425
"10134","Spain",5,"STRPNE_14",2022,24.8439559275,1.75824175738462,1412.9999940654
"10135","Spain",5,"STRPNE_14",2023,35.8971829909,1.54929577309859,2316.999995366
"10136","Spain",5,"STRPNE_14",2024,86.795454314,3.40909091022727,2545.999992362
"10137","Spain",5,"STRPNE_15",2010,0,0,936.9999980323
"10138","Spain",5,"STRPNE_15",2011,0,0,950.999998098
"10139","Spain",5,"STRPNE_15",2012,0,0,1050.9999975827
"10140","Spain",5,"STRPNE_15",2013,0,0,965.999997585
"10141","Spain",5,"STRPNE_15",2014,0,0,889.999998487
"10142","Spain",5,"STRPNE_15",2015,0,0,1013.9999976678
"10143","Spain",5,"STRPNE_15",2016,1.9999999932,0.218818380393873,913.9999983548
"10144","Spain",5,"STRPNE_15",2017,0,0,1295.99999676
"10145","Spain",5,"STRPNE_15",2018,0,0,1187.9999977428
"10146","Spain",5,"STRPNE_15",2019,0,0,1236.999997526
"10147","Spain",5,"STRPNE_15",2020,0,0,477.999999283
"10148","Spain",5,"STRPNE_15",2021,0,0,342.9999991425
"10149","Spain",5,"STRPNE_15",2022,0,0,1412.9999940654
"10150","Spain",5,"STRPNE_15",2023,0,0,2316.999995366
"10151","Spain",5,"STRPNE_15",2024,0,0,2545.999992362
"10152","Spain",5,"STRPNE_15A",2010,16.9999999952,1.81430096381003,936.9999980323
"10153","Spain",5,"STRPNE_15A",2011,20.9999999739,2.2082018944164,950.999998098
"10154","Spain",5,"STRPNE_15A",2012,30.9999999333,2.94957183678402,1050.9999975827
"10155","Spain",5,"STRPNE_15A",2013,38.9999999928,4.03726709009317,965.999997585
"10156","Spain",5,"STRPNE_15A",2014,20.999999984,2.35955056401124,889.999998487
"10157","Spain",5,"STRPNE_15A",2015,33.9999999066,3.35305719771203,1013.9999976678
"10158","Spain",5,"STRPNE_15A",2016,18.9999999354,2.07877461374179,913.9999983548
"10159","Spain",5,"STRPNE_15A",2017,48.9999999024,3.78086419945216,1295.99999676
"10160","Spain",5,"STRPNE_15A",2018,41.9999999364,3.53535353671717,1187.9999977428
"10161","Spain",5,"STRPNE_15A",2019,50.9999999941,4.12287793824576,1236.999997526
"10162","Spain",5,"STRPNE_15A",2020,20.9999999554,4.39330543658996,477.999999283
"10163","Spain",5,"STRPNE_15A",2021,10.9999999844,3.20699708801749,342.9999991425
"10164","Spain",5,"STRPNE_15A",2022,43.4769229791,3.07692308292308,1412.9999940654
"10165","Spain",5,"STRPNE_15A",2023,76.6894365055,3.30985915661972,2316.999995366
"10166","Spain",5,"STRPNE_15A",2024,71.6406925426,2.81385281844156,2545.999992362
"10167","Spain",5,"STRPNE_15B",2010,10.9999999528,1.17395944246531,936.9999980323
"10168","Spain",5,"STRPNE_15B",2011,5.9999999382,0.63091482126183,950.999998098
"10169","Spain",5,"STRPNE_15B",2012,13.999999997,1.33206470306375,1050.9999975827
"10170","Spain",5,"STRPNE_15B",2013,0,0,965.999997585
"10171","Spain",5,"STRPNE_15B",2014,0,0,889.999998487
"10172","Spain",5,"STRPNE_15B",2015,0,0,1013.9999976678
"10173","Spain",5,"STRPNE_15B",2016,16.9999999422,1.85995623334792,913.9999983548
"10174","Spain",5,"STRPNE_15B",2017,21.9999999456,1.69753086424383,1295.99999676
"10175","Spain",5,"STRPNE_15B",2018,14.9999999688,1.26262626239899,1187.9999977428
"10176","Spain",5,"STRPNE_15B",2019,29.9999999747,2.42522231485044,1236.999997526
"10177","Spain",5,"STRPNE_15B",2020,11.999999995,2.51046025376569,477.999999283
"10178","Spain",5,"STRPNE_15B",2021,10.9999999844,3.20699708801749,342.9999991425
"10179","Spain",5,"STRPNE_15B",2022,23.2912086732,1.64835164692308,1412.9999940654
"10180","Spain",5,"STRPNE_15B",2023,39.1605632628,1.69014084338028,2316.999995366
"10181","Spain",5,"STRPNE_15B",2024,23.4209954186,0.91991341275974,2545.999992362
"10182","Spain",5,"STRPNE_15B/C",2012,0,0,1050.9999975827
"10183","Spain",5,"STRPNE_15B/C",2013,23.9999999064,2.48447204621118,965.999997585
"10184","Spain",5,"STRPNE_15B/C",2014,11.99999994,1.34831460229213,889.999998487
"10185","Spain",5,"STRPNE_15B/C",2015,13.9999999854,1.38067061317554,1013.9999976678
"10186","Spain",5,"STRPNE_15B/C",2016,0,0,913.9999983548
"10187","Spain",5,"STRPNE_15B/C",2017,0,0,1295.99999676
"10188","Spain",5,"STRPNE_15B/C",2018,0,0,1187.9999977428
"10189","Spain",5,"STRPNE_15B/C",2019,0,0,1236.999997526
"10190","Spain",5,"STRPNE_15B/C",2020,0,0,477.999999283
"10191","Spain",5,"STRPNE_15B/C",2021,0,0,342.9999991425
"10192","Spain",5,"STRPNE_15B/C",2022,0,0,1412.9999940654
"10193","Spain",5,"STRPNE_15B/C",2023,0,0,2316.999995366
"10194","Spain",5,"STRPNE_15B/C",2024,0,0,2545.999992362
"10195","Spain",5,"STRPNE_15C",2010,4.9999999104,0.533617921120598,936.9999980323
"10196","Spain",5,"STRPNE_15C",2011,3.9999999588,0.42060988084122,950.999998098
"10197","Spain",5,"STRPNE_15C",2012,3.9999999541,0.380589910875357,1050.9999975827
"10198","Spain",5,"STRPNE_15C",2013,0,0,965.999997585
"10199","Spain",5,"STRPNE_15C",2014,0,0,889.999998487
"10200","Spain",5,"STRPNE_15C",2015,0,0,1013.9999976678
"10201","Spain",5,"STRPNE_15C",2016,7.9999999728,0.875273521575492,913.9999983548
"10202","Spain",5,"STRPNE_15C",2017,4.9999998816,0.385802460964506,1295.99999676
"10203","Spain",5,"STRPNE_15C",2018,8.99999991,0.757575751439394,1187.9999977428
"10204","Spain",5,"STRPNE_15C",2019,11.9999999404,0.970088921940178,1236.999997526
"10205","Spain",5,"STRPNE_15C",2020,5.9999999736,1.25523012188284,477.999999283
"10206","Spain",5,"STRPNE_15C",2021,2.9999999708,0.874635562186589,342.9999991425
"10207","Spain",5,"STRPNE_15C",2022,10.8692306388,0.769230763230769,1412.9999940654
"10208","Spain",5,"STRPNE_15C",2023,13.0535210876,0.563380281126761,2316.999995366
"10209","Spain",5,"STRPNE_15C",2024,9.6439391702,0.378787871136364,2545.999992362
"10210","Spain",5,"STRPNE_15F",2010,0,0,936.9999980323
"10211","Spain",5,"STRPNE_15F",2011,0,0,950.999998098
"10212","Spain",5,"STRPNE_15F",2012,0.9999999097,0.0951474702188392,1050.9999975827
"10213","Spain",5,"STRPNE_15F",2013,0,0,965.999997585
"10214","Spain",5,"STRPNE_15F",2014,0,0,889.999998487
"10215","Spain",5,"STRPNE_15F",2015,0,0,1013.9999976678
"10216","Spain",5,"STRPNE_15F",2016,0,0,913.9999983548
"10217","Spain",5,"STRPNE_15F",2017,0,0,1295.99999676
"10218","Spain",5,"STRPNE_15F",2018,0,0,1187.9999977428
"10219","Spain",5,"STRPNE_15F",2021,4.9999999742,1.45772594364431,342.9999991425
"10220","Spain",5,"STRPNE_15F",2022,0,0,1412.9999940654
"10221","Spain",5,"STRPNE_15F",2023,3.2633802719,0.14084507028169,2316.999995366
"10222","Spain",5,"STRPNE_15F",2024,2.755411046,0.108225100324675,2545.999992362
"10223","Spain",5,"STRPNE_16",2010,0,0,936.9999980323
"10224","Spain",5,"STRPNE_16",2011,0,0,950.999998098
"10225","Spain",5,"STRPNE_16",2012,0,0,1050.9999975827
"10226","Spain",5,"STRPNE_16",2013,0,0,965.999997585
"10227","Spain",5,"STRPNE_16",2014,0,0,889.999998487
"10228","Spain",5,"STRPNE_16",2016,0,0,913.9999983548
"10229","Spain",5,"STRPNE_16",2017,0,0,1295.99999676
"10230","Spain",5,"STRPNE_16",2018,0,0,1187.9999977428
"10231","Spain",5,"STRPNE_16",2019,0,0,1236.999997526
"10232","Spain",5,"STRPNE_16",2022,1.552747113,0.109890100461538,1412.9999940654
"10233","Spain",5,"STRPNE_16",2023,6.5267605438,0.28169014056338,2316.999995366
"10234","Spain",5,"STRPNE_16",2024,0,0,2545.999992362
"10235","Spain",5,"STRPNE_16A",2013,0,0,965.999997585
"10236","Spain",5,"STRPNE_16A",2014,0,0,889.999998487
"10237","Spain",5,"STRPNE_16A",2015,0,0,1013.9999976678
"10238","Spain",5,"STRPNE_16A",2017,0,0,1295.99999676
"10239","Spain",5,"STRPNE_16A",2018,0,0,1187.9999977428
"10240","Spain",5,"STRPNE_16A",2019,0,0,1236.999997526
"10241","Spain",5,"STRPNE_16A",2021,0,0,342.9999991425
"10242","Spain",5,"STRPNE_16A",2022,0,0,1412.9999940654
"10243","Spain",5,"STRPNE_16A",2023,0,0,2316.999995366
"10244","Spain",5,"STRPNE_16A",2024,0,0,2545.999992362
"10245","Spain",5,"STRPNE_16F",2010,16.9999999952,1.81430096381003,936.9999980323
"10246","Spain",5,"STRPNE_16F",2011,24.9999999327,2.62881177525762,950.999998098
"10247","Spain",5,"STRPNE_16F",2012,22.99999992,2.1883920050333,1050.9999975827
"10248","Spain",5,"STRPNE_16F",2013,24.9999999186,2.58799171646998,965.999997585
"10249","Spain",5,"STRPNE_16F",2014,23.999999969,2.69662921458427,889.999998487
"10250","Spain",5,"STRPNE_16F",2015,27.9999999708,2.76134122635108,1013.9999976678
"10251","Spain",5,"STRPNE_16F",2016,25.9999999116,2.84463894512035,913.9999983548
"10252","Spain",5,"STRPNE_16F",2017,41.9999999904,3.24074074810185,1295.99999676
"10253","Spain",5,"STRPNE_16F",2018,37.9999998972,3.19865319607744,1187.9999977428
"10254","Spain",5,"STRPNE_16F",2019,41.9999999151,3.39531123679062,1236.999997526
"10255","Spain",5,"STRPNE_16F",2020,14.9999999818,3.13807531470711,477.999999283
"10256","Spain",5,"STRPNE_16F",2021,12.9999999878,3.79008746947522,342.9999991425
"10257","Spain",5,"STRPNE_16F",2022,38.8186812162,2.74725275153846,1412.9999940654
"10258","Spain",5,"STRPNE_16F",2023,42.4239435347,1.83098591366197,2316.999995366
"10259","Spain",5,"STRPNE_16F",2024,41.3311687452,1.62337662487013,2545.999992362
"10260","Spain",5,"STRPNE_17",2010,0,0,936.9999980323
"10261","Spain",5,"STRPNE_17",2011,0,0,950.999998098
"10262","Spain",5,"STRPNE_17",2012,0,0,1050.9999975827
"10263","Spain",5,"STRPNE_17",2013,0,0,965.999997585
"10264","Spain",5,"STRPNE_17",2014,0,0,889.999998487
"10265","Spain",5,"STRPNE_17",2017,0,0,1295.99999676
"10266","Spain",5,"STRPNE_17",2022,0,0,1412.9999940654
"10267","Spain",5,"STRPNE_17A",2010,0,0,936.9999980323
"10268","Spain",5,"STRPNE_17A",2011,0,0,950.999998098
"10269","Spain",5,"STRPNE_17A",2012,0.9999999097,0.0951474702188392,1050.9999975827
"10270","Spain",5,"STRPNE_17A",2013,0.9999999156,0.103519660258799,965.999997585
"10271","Spain",5,"STRPNE_17A",2014,1.99999999,0.224719100382022,889.999998487
"10272","Spain",5,"STRPNE_17A",2015,0,0,1013.9999976678
"10273","Spain",5,"STRPNE_17A",2016,0,0,913.9999983548
"10274","Spain",5,"STRPNE_17A",2017,0,0,1295.99999676
"10275","Spain",5,"STRPNE_17A",2018,0,0,1187.9999977428
"10276","Spain",5,"STRPNE_17A",2019,0,0,1236.999997526
"10277","Spain",5,"STRPNE_17A",2020,0,0,477.999999283
"10278","Spain",5,"STRPNE_17A",2021,0.9999999674,0.291545180728863,342.9999991425
"10279","Spain",5,"STRPNE_17A",2022,0,0,1412.9999940654
"10280","Spain",5,"STRPNE_17A",2023,1.6316900201,0.0704225301408451,2316.999995366
"10281","Spain",5,"STRPNE_17A",2024,0,0,2545.999992362
"10282","Spain",5,"STRPNE_17A/35B/C",2023,0,0,2316.999995366
"10283","Spain",5,"STRPNE_17F",2010,16.9999999952,1.81430096381003,936.9999980323
"10284","Spain",5,"STRPNE_17F",2011,5.9999999382,0.63091482126183,950.999998098
"10285","Spain",5,"STRPNE_17F",2012,5.9999999837,0.570884871313035,1050.9999975827
"10286","Spain",5,"STRPNE_17F",2013,13.9999999776,1.44927536362319,965.999997585
"10287","Spain",5,"STRPNE_17F",2014,17.999999999,2.0224719134382,889.999998487
"10288","Spain",5,"STRPNE_17F",2015,13.9999999854,1.38067061317554,1013.9999976678
"10289","Spain",5,"STRPNE_17F",2016,11.9999999592,1.31291028236324,913.9999983548
"10290","Spain",5,"STRPNE_17F",2017,11.9999999232,0.925925922314815,1295.99999676
"10291","Spain",5,"STRPNE_17F",2018,16.9999999884,1.43097643271886,1187.9999977428
"10292","Spain",5,"STRPNE_17F",2019,13.9999999717,1.13177041226354,1236.999997526
"10293","Spain",5,"STRPNE_17F",2020,5.9999999736,1.25523012188284,477.999999283
"10294","Spain",5,"STRPNE_17F",2021,1.9999999691,0.583090371457726,342.9999991425
"10295","Spain",5,"STRPNE_17F",2022,32.607692199,2.30769230969231,1412.9999940654
"10296","Spain",5,"STRPNE_17F",2023,26.1070421752,1.12676056225352,2316.999995366
"10297","Spain",5,"STRPNE_17F",2024,26.1764067192,1.02813852308442,2545.999992362
"10298","Spain",5,"STRPNE_18",2010,0,0,936.9999980323
"10299","Spain",5,"STRPNE_18",2011,0,0,950.999998098
"10300","Spain",5,"STRPNE_18",2012,0,0,1050.9999975827
"10301","Spain",5,"STRPNE_18",2013,0,0,965.999997585
"10302","Spain",5,"STRPNE_18",2014,0,0,889.999998487
"10303","Spain",5,"STRPNE_18",2019,0,0,1236.999997526
"10304","Spain",5,"STRPNE_18",2021,0,0,342.9999991425
"10305","Spain",5,"STRPNE_18",2022,0,0,1412.9999940654
"10306","Spain",5,"STRPNE_18",2023,0,0,2316.999995366
"10307","Spain",5,"STRPNE_18",2024,0,0,2545.999992362
"10308","Spain",5,"STRPNE_18A",2010,0,0,936.9999980323
"10309","Spain",5,"STRPNE_18A",2011,0.9999999897,0.105152470210305,950.999998098
"10310","Spain",5,"STRPNE_18A",2012,0,0,1050.9999975827
"10311","Spain",5,"STRPNE_18A",2013,0,0,965.999997585
"10312","Spain",5,"STRPNE_18A",2014,1.99999999,0.224719100382022,889.999998487
"10313","Spain",5,"STRPNE_18A",2015,0.9999999048,0.0986193202268244,1013.9999976678
"10314","Spain",5,"STRPNE_18A",2016,0,0,913.9999983548
"10315","Spain",5,"STRPNE_18A",2017,0.9999999504,0.0771604901929012,1295.99999676
"10316","Spain",5,"STRPNE_18A",2018,1.9999999008,0.168350160319865,1187.9999977428
"10317","Spain",5,"STRPNE_18A",2019,0,0,1236.999997526
"10318","Spain",5,"STRPNE_18A",2020,0,0,477.999999283
"10319","Spain",5,"STRPNE_18A",2021,0,0,342.9999991425
"10320","Spain",5,"STRPNE_18A",2022,4.6582416216,0.329670321384615,1412.9999940654
"10321","Spain",5,"STRPNE_18A",2023,3.2633802719,0.14084507028169,2316.999995366
"10322","Spain",5,"STRPNE_18A",2024,4.1331168236,0.162337660487013,2545.999992362
"10323","Spain",5,"STRPNE_18B",2010,0,0,936.9999980323
"10324","Spain",5,"STRPNE_18B",2011,0,0,950.999998098
"10325","Spain",5,"STRPNE_18B",2012,0,0,1050.9999975827
"10326","Spain",5,"STRPNE_18B",2013,0,0,965.999997585
"10327","Spain",5,"STRPNE_18B",2014,0,0,889.999998487
"10328","Spain",5,"STRPNE_18B",2017,0,0,1295.99999676
"10329","Spain",5,"STRPNE_18B",2018,0.9999999504,0.0841750801599327,1187.9999977428
"10330","Spain",5,"STRPNE_18B",2019,0,0,1236.999997526
"10331","Spain",5,"STRPNE_18B",2020,0,0,477.999999283
"10332","Spain",5,"STRPNE_18B",2022,0,0,1412.9999940654
"10333","Spain",5,"STRPNE_18B",2024,1.377705523,0.0541125501623377,2545.999992362
"10334","Spain",5,"STRPNE_18C",2010,13.999999974,1.49413020313767,936.9999980323
"10335","Spain",5,"STRPNE_18C",2011,2.9999999691,0.315457410630915,950.999998098
"10336","Spain",5,"STRPNE_18C",2012,7.9999999082,0.761179821750714,1050.9999975827
"10337","Spain",5,"STRPNE_18C",2013,3.9999999522,0.414078671035197,965.999997585
"10338","Spain",5,"STRPNE_18C",2014,4.999999975,0.561797750955056,889.999998487
"10339","Spain",5,"STRPNE_18C",2015,6.999999942,0.690335301587771,1013.9999976678
"10340","Spain",5,"STRPNE_18C",2016,4.999999983,0.547045950984683,913.9999983548
"10341","Spain",5,"STRPNE_18C",2017,4.9999998816,0.385802460964506,1295.99999676
"10342","Spain",5,"STRPNE_18C",2018,4.9999999896,0.420875420799663,1187.9999977428
"10343","Spain",5,"STRPNE_18C",2019,1.9999999076,0.161681480323363,1236.999997526
"10344","Spain",5,"STRPNE_18C",2020,2.9999999868,0.627615060941422,477.999999283
"10345","Spain",5,"STRPNE_18C",2021,0,0,342.9999991425
"10346","Spain",5,"STRPNE_18C",2022,4.6582416216,0.329670321384615,1412.9999940654
"10347","Spain",5,"STRPNE_18C",2023,6.5267605438,0.28169014056338,2316.999995366
"10348","Spain",5,"STRPNE_18C",2024,23.4209954186,0.91991341275974,2545.999992362
"10349","Spain",5,"STRPNE_18F",2010,0,0,936.9999980323
"10350","Spain",5,"STRPNE_18F",2011,0.9999999897,0.105152470210305,950.999998098
"10351","Spain",5,"STRPNE_18F",2013,0.9999999156,0.103519660258799,965.999997585
"10352","Spain",5,"STRPNE_18F",2015,0,0,1013.9999976678
"10353","Spain",5,"STRPNE_18F",2016,0,0,913.9999983548
"10354","Spain",5,"STRPNE_18F",2023,3.2633802719,0.14084507028169,2316.999995366
"10355","Spain",5,"STRPNE_18F",2024,0,0,2545.999992362
"10356","Spain",5,"STRPNE_19",2010,0,0,936.9999980323
"10357","Spain",5,"STRPNE_19",2011,0,0,950.999998098
"10358","Spain",5,"STRPNE_19",2012,0,0,1050.9999975827
"10359","Spain",5,"STRPNE_19",2013,0,0,965.999997585
"10360","Spain",5,"STRPNE_19",2014,0.999999995,0.112359550191011,889.999998487
"10361","Spain",5,"STRPNE_19",2016,0,0,913.9999983548
"10362","Spain",5,"STRPNE_19",2017,0,0,1295.99999676
"10363","Spain",5,"STRPNE_19",2018,0,0,1187.9999977428
"10364","Spain",5,"STRPNE_19",2019,0,0,1236.999997526
"10365","Spain",5,"STRPNE_19",2020,0,0,477.999999283
"10366","Spain",5,"STRPNE_19",2021,0,0,342.9999991425
"10367","Spain",5,"STRPNE_19",2022,1.552747113,0.109890100461538,1412.9999940654
"10368","Spain",5,"STRPNE_19",2023,1.6316900201,0.0704225301408451,2316.999995366
"10369","Spain",5,"STRPNE_19",2024,0,0,2545.999992362
"10370","Spain",5,"STRPNE_19A",2010,131.9999999958,14.0875133695838,936.9999980323
"10371","Spain",5,"STRPNE_19A",2011,129.9999999924,13.6698212673396,950.999998098
"10372","Spain",5,"STRPNE_19A",2012,116.9999999449,11.1322550156042,1050.9999975827
"10373","Spain",5,"STRPNE_19A",2013,79.9999999134,8.28157351070393,965.999997585
"10374","Spain",5,"STRPNE_19A",2014,62.999999952,7.07865169203371,889.999998487
"10375","Spain",5,"STRPNE_19A",2015,64.9999999974,6.41025642474359,1013.9999976678
"10376","Spain",5,"STRPNE_19A",2016,46.9999999316,5.14223194925602,913.9999983548
"10377","Spain",5,"STRPNE_19A",2017,75.9999999888,5.86419754466049,1295.99999676
"10378","Spain",5,"STRPNE_19A",2018,55.9999999548,4.71380471895623,1187.9999977428
"10379","Spain",5,"STRPNE_19A",2019,46.9999999315,3.79951495759903,1236.999997526
"10380","Spain",5,"STRPNE_19A",2020,17.9999999686,3.76569037564854,477.999999283
"10381","Spain",5,"STRPNE_19A",2021,12.9999999878,3.79008746947522,342.9999991425
"10382","Spain",5,"STRPNE_19A",2022,57.4516482678,4.06593407707692,1412.9999940654
"10383","Spain",5,"STRPNE_19A",2023,70.1626759617,3.02816901605634,2316.999995366
"10384","Spain",5,"STRPNE_19A",2024,50.97510817,2.00216450600649,2545.999992362
"10385","Spain",5,"STRPNE_19B",2014,0,0,889.999998487
"10386","Spain",5,"STRPNE_19B",2016,0,0,913.9999983548
"10387","Spain",5,"STRPNE_19B",2018,0,0,1187.9999977428
"10388","Spain",5,"STRPNE_19B",2021,0,0,342.9999991425
"10389","Spain",5,"STRPNE_19B",2022,0,0,1412.9999940654
"10390","Spain",5,"STRPNE_19B",2023,0,0,2316.999995366
"10391","Spain",5,"STRPNE_19C",2011,0,0,950.999998098
"10392","Spain",5,"STRPNE_19C",2012,0,0,1050.9999975827
"10393","Spain",5,"STRPNE_19C",2013,0,0,965.999997585
"10394","Spain",5,"STRPNE_19C",2014,0,0,889.999998487
"10395","Spain",5,"STRPNE_19C",2017,0,0,1295.99999676
"10396","Spain",5,"STRPNE_19C",2020,0,0,477.999999283
"10397","Spain",5,"STRPNE_19C",2024,1.377705523,0.0541125501623377,2545.999992362
"10398","Spain",5,"STRPNE_19F",2010,13.999999974,1.49413020313767,936.9999980323
"10399","Spain",5,"STRPNE_19F",2011,15.9999999303,1.68243953336488,950.999998098
"10400","Spain",5,"STRPNE_19F",2012,15.9999999215,1.52235965350143,1050.9999975827
"10401","Spain",5,"STRPNE_19F",2013,19.9999999542,2.07039337517598,965.999997585
"10402","Spain",5,"STRPNE_19F",2014,25.999999959,2.92134831496629,889.999998487
"10403","Spain",5,"STRPNE_19F",2015,17.9999999088,1.77514792408284,1013.9999976678
"10404","Spain",5,"STRPNE_19F",2016,25.9999999116,2.84463894512035,913.9999983548
"10405","Spain",5,"STRPNE_19F",2017,24.9999999264,1.92901234482253,1295.99999676
"10406","Spain",5,"STRPNE_19F",2018,23.9999999976,2.02020202383838,1187.9999977428
"10407","Spain",5,"STRPNE_19F",2019,21.9999999732,1.77849636355699,1236.999997526
"10408","Spain",5,"STRPNE_19F",2020,12.9999999906,2.7196652740795,477.999999283
"10409","Spain",5,"STRPNE_19F",2021,5.9999999759,1.74927113437318,342.9999991425
"10410","Spain",5,"STRPNE_19F",2022,24.8439559275,1.75824175738462,1412.9999940654
"10411","Spain",5,"STRPNE_19F",2023,45.6873238066,1.97183098394366,2316.999995366
"10412","Spain",5,"STRPNE_19F",2024,49.5974023924,1.94805194584416,2545.999992362
"10413","Spain",5,"STRPNE_2",2011,0,0,950.999998098
"10414","Spain",5,"STRPNE_2",2012,0,0,1050.9999975827
"10415","Spain",5,"STRPNE_2",2013,0,0,965.999997585
"10416","Spain",5,"STRPNE_2",2015,0,0,1013.9999976678
"10417","Spain",5,"STRPNE_2",2016,0,0,913.9999983548
"10418","Spain",5,"STRPNE_2",2019,0,0,1236.999997526
"10419","Spain",5,"STRPNE_2",2022,0,0,1412.9999940654
"10420","Spain",5,"STRPNE_2",2024,0,0,2545.999992362
"10421","Spain",5,"STRPNE_20",2010,2.9999999275,0.320170750672359,936.9999980323
"10422","Spain",5,"STRPNE_20",2011,4.9999999485,0.525762351051525,950.999998098
"10423","Spain",5,"STRPNE_20",2012,1.9999999245,0.190294950437678,1050.9999975827
"10424","Spain",5,"STRPNE_20",2013,2.99999994,0.310559000776397,965.999997585
"10425","Spain",5,"STRPNE_20",2014,6.999999965,0.786516851337079,889.999998487
"10426","Spain",5,"STRPNE_20",2015,4.9999999296,0.493096641134122,1013.9999976678
"10427","Spain",5,"STRPNE_20",2016,4.999999983,0.547045950984683,913.9999983548
"10428","Spain",5,"STRPNE_20",2017,3.9999999312,0.308641970771605,1295.99999676
"10429","Spain",5,"STRPNE_20",2018,9.9999999792,0.841750841599327,1187.9999977428
"10430","Spain",5,"STRPNE_20",2019,6.999999924,0.56588520113177,1236.999997526
"10431","Spain",5,"STRPNE_20",2020,5.9999999736,1.25523012188284,477.999999283
"10432","Spain",5,"STRPNE_20",2021,3.9999999725,1.16618075291545,342.9999991425
"10433","Spain",5,"STRPNE_20",2022,9.3164833845,0.659340652769231,1412.9999940654
"10434","Spain",5,"STRPNE_20",2023,19.5802816314,0.845070421690141,2316.999995366
"10435","Spain",5,"STRPNE_20",2024,12.3993504708,0.487012981461039,2545.999992362
"10436","Spain",5,"STRPNE_21",2010,2.9999999275,0.320170750672359,936.9999980323
"10437","Spain",5,"STRPNE_21",2011,4.9999999485,0.525762351051525,950.999998098
"10438","Spain",5,"STRPNE_21",2012,2.9999999393,0.285442430656518,1050.9999975827
"10439","Spain",5,"STRPNE_21",2013,3.9999999522,0.414078671035197,965.999997585
"10440","Spain",5,"STRPNE_21",2014,0.999999995,0.112359550191011,889.999998487
"10441","Spain",5,"STRPNE_21",2015,1.999999911,0.197238650453649,1013.9999976678
"10442","Spain",5,"STRPNE_21",2016,2.9999999898,0.32822757059081,913.9999983548
"10443","Spain",5,"STRPNE_21",2017,1.9999999008,0.154320980385802,1295.99999676
"10444","Spain",5,"STRPNE_21",2018,0.9999999504,0.0841750801599327,1187.9999977428
"10445","Spain",5,"STRPNE_21",2019,1.9999999076,0.161681480323363,1236.999997526
"10446","Spain",5,"STRPNE_21",2020,1.9999999912,0.418410040627615,477.999999283
"10447","Spain",5,"STRPNE_21",2021,0,0,342.9999991425
"10448","Spain",5,"STRPNE_21",2022,6.2109888759,0.439560431846154,1412.9999940654
"10449","Spain",5,"STRPNE_21",2023,3.2633802719,0.14084507028169,2316.999995366
"10450","Spain",5,"STRPNE_21",2024,1.377705523,0.0541125501623377,2545.999992362
"10451","Spain",5,"STRPNE_22",2010,0,0,936.9999980323
"10452","Spain",5,"STRPNE_22",2011,0,0,950.999998098
"10453","Spain",5,"STRPNE_22",2012,0,0,1050.9999975827
"10454","Spain",5,"STRPNE_22",2013,0,0,965.999997585
"10455","Spain",5,"STRPNE_22",2014,0,0,889.999998487
"10456","Spain",5,"STRPNE_22",2015,0,0,1013.9999976678
"10457","Spain",5,"STRPNE_22",2016,0,0,913.9999983548
"10458","Spain",5,"STRPNE_22",2017,0,0,1295.99999676
"10459","Spain",5,"STRPNE_22",2018,0,0,1187.9999977428
"10460","Spain",5,"STRPNE_22",2019,0,0,1236.999997526
"10461","Spain",5,"STRPNE_22",2022,0,0,1412.9999940654
"10462","Spain",5,"STRPNE_22",2023,0,0,2316.999995366
"10463","Spain",5,"STRPNE_22A",2011,0,0,950.999998098
"10464","Spain",5,"STRPNE_22A",2012,0,0,1050.9999975827
"10465","Spain",5,"STRPNE_22A",2013,0,0,965.999997585
"10466","Spain",5,"STRPNE_22A",2014,0,0,889.999998487
"10467","Spain",5,"STRPNE_22A",2015,0,0,1013.9999976678
"10468","Spain",5,"STRPNE_22A",2016,0,0,913.9999983548
"10469","Spain",5,"STRPNE_22A",2017,0,0,1295.99999676
"10470","Spain",5,"STRPNE_22A",2018,0,0,1187.9999977428
"10471","Spain",5,"STRPNE_22A",2019,0,0,1236.999997526
"10472","Spain",5,"STRPNE_22A",2020,0,0,477.999999283
"10473","Spain",5,"STRPNE_22A",2022,0,0,1412.9999940654
"10474","Spain",5,"STRPNE_22A",2023,3.2633802719,0.14084507028169,2316.999995366
"10475","Spain",5,"STRPNE_22A",2024,0,0,2545.999992362
"10476","Spain",5,"STRPNE_22F",2010,49.9999999473,5.33617930120598,936.9999980323
"10477","Spain",5,"STRPNE_22F",2011,44.9999999169,4.73186119946372,950.999998098
"10478","Spain",5,"STRPNE_22F",2012,68.9999999702,6.5651760350999,1050.9999975827
"10479","Spain",5,"STRPNE_22F",2013,57.9999999348,6.00414079501035,965.999997585
"10480","Spain",5,"STRPNE_22F",2014,50.999999923,5.73033707974157,889.999998487
"10481","Spain",5,"STRPNE_22F",2015,57.999999954,5.71992111315582,1013.9999976678
"10482","Spain",5,"STRPNE_22F",2016,45.999999935,5.03282275905908,913.9999983548
"10483","Spain",5,"STRPNE_22F",2017,74.9999999088,5.78703704446759,1295.99999676
"10484","Spain",5,"STRPNE_22F",2018,64.9999999836,5.47138048039562,1187.9999977428
"10485","Spain",5,"STRPNE_22F",2019,65.9999999196,5.33548909067098,1236.999997526
"10486","Spain",5,"STRPNE_22F",2020,19.9999999598,4.18410041627615,477.999999283
"10487","Spain",5,"STRPNE_22F",2021,17.9999999963,5.24781342311953,342.9999991425
"10488","Spain",5,"STRPNE_22F",2022,65.2153845393,4.61538462938462,1412.9999940654
"10489","Spain",5,"STRPNE_22F",2023,158.2739435347,6.83098592366197,2316.999995366
"10490","Spain",5,"STRPNE_22F",2024,132.2597401374,5.19480520558442,2545.999992362
"10491","Spain",5,"STRPNE_23",2010,0,0,936.9999980323
"10492","Spain",5,"STRPNE_23",2011,0,0,950.999998098
"10493","Spain",5,"STRPNE_23",2012,0,0,1050.9999975827
"10494","Spain",5,"STRPNE_23",2013,0,0,965.999997585
"10495","Spain",5,"STRPNE_23",2014,0,0,889.999998487
"10496","Spain",5,"STRPNE_23",2015,0,0,1013.9999976678
"10497","Spain",5,"STRPNE_23",2016,0.9999999966,0.109409190196937,913.9999983548
"10498","Spain",5,"STRPNE_23",2017,0,0,1295.99999676
"10499","Spain",5,"STRPNE_23",2018,0,0,1187.9999977428
"10500","Spain",5,"STRPNE_23",2019,0,0,1236.999997526
"10501","Spain",5,"STRPNE_23",2020,0,0,477.999999283
"10502","Spain",5,"STRPNE_23",2021,0,0,342.9999991425
"10503","Spain",5,"STRPNE_23",2022,0,0,1412.9999940654
"10504","Spain",5,"STRPNE_23",2024,0,0,2545.999992362
"10505","Spain",5,"STRPNE_23A",2010,10.9999999528,1.17395944246531,936.9999980323
"10506","Spain",5,"STRPNE_23A",2011,18.9999999945,1.99789695399579,950.999998098
"10507","Spain",5,"STRPNE_23A",2012,18.9999999659,1.80780209415794,1050.9999975827
"10508","Spain",5,"STRPNE_23A",2013,21.9999999786,2.27743271569358,965.999997585
"10509","Spain",5,"STRPNE_23A",2014,16.999999915,1.91011235324719,889.999998487
"10510","Spain",5,"STRPNE_23A",2015,26.9999999646,2.66272189612426,1013.9999976678
"10511","Spain",5,"STRPNE_23A",2016,23.9999999184,2.62582056472648,913.9999983548
"10512","Spain",5,"STRPNE_23A",2017,35.9999998992,2.77777777694444,1295.99999676
"10513","Spain",5,"STRPNE_23A",2018,38.9999999664,3.28282828623737,1187.9999977428
"10514","Spain",5,"STRPNE_23A",2019,33.9999999136,2.74858528549717,1236.999997526
"10515","Spain",5,"STRPNE_23A",2020,11.999999995,2.51046025376569,477.999999283
"10516","Spain",5,"STRPNE_23A",2021,12.9999999878,3.79008746947522,342.9999991425
"10517","Spain",5,"STRPNE_23A",2022,65.2153845393,4.61538462938462,1412.9999940654
"10518","Spain",5,"STRPNE_23A",2023,65.267605438,2.8169014056338,2316.999995366
"10519","Spain",5,"STRPNE_23A",2024,63.3744586408,2.48917748746753,2545.999992362
"10520","Spain",5,"STRPNE_23B",2010,8.9999999699,0.960512272017076,936.9999980323
"10521","Spain",5,"STRPNE_23B",2011,3.9999999588,0.42060988084122,950.999998098
"10522","Spain",5,"STRPNE_23B",2012,20.9999999955,1.99809705459562,1050.9999975827
"10523","Spain",5,"STRPNE_23B",2013,24.9999999186,2.58799171646998,965.999997585
"10524","Spain",5,"STRPNE_23B",2014,19.999999989,2.24719101382022,889.999998487
"10525","Spain",5,"STRPNE_23B",2015,22.9999999398,2.26824457521696,1013.9999976678
"10526","Spain",5,"STRPNE_23B",2016,26.9999999996,2.95404814531729,913.9999983548
"10527","Spain",5,"STRPNE_23B",2017,19.9999999152,1.54320987385802,1295.99999676
"10528","Spain",5,"STRPNE_23B",2018,28.9999999872,2.44107744463805,1187.9999977428
"10529","Spain",5,"STRPNE_23B",2019,36.9999998987,2.99110751598221,1236.999997526
"10530","Spain",5,"STRPNE_23B",2020,9.999999956,2.09205020313808,477.999999283
"10531","Spain",5,"STRPNE_23B",2021,18.999999998,5.5393586138484,342.9999991425
"10532","Spain",5,"STRPNE_23B",2022,24.8439559275,1.75824175738462,1412.9999940654
"10533","Spain",5,"STRPNE_23B",2023,27.7387321953,1.19718309239437,2316.999995366
"10534","Spain",5,"STRPNE_23B",2024,42.7088742682,1.67748917503247,2545.999992362
"10535","Spain",5,"STRPNE_23F",2010,9.9999999145,1.0672358522412,936.9999980323
"10536","Spain",5,"STRPNE_23F",2011,14.9999999406,1.57728706315457,950.999998098
"10537","Spain",5,"STRPNE_23F",2012,12.9999999822,1.23691722284491,1050.9999975827
"10538","Spain",5,"STRPNE_23F",2013,0.9999999156,0.103519660258799,965.999997585
"10539","Spain",5,"STRPNE_23F",2014,4.999999975,0.561797750955056,889.999998487
"10540","Spain",5,"STRPNE_23F",2015,3.9999999234,0.394477310907298,1013.9999976678
"10541","Spain",5,"STRPNE_23F",2016,4.999999983,0.547045950984683,913.9999983548
"10542","Spain",5,"STRPNE_23F",2017,11.9999999232,0.925925922314815,1295.99999676
"10543","Spain",5,"STRPNE_23F",2018,7.9999999596,0.673400671279461,1187.9999977428
"10544","Spain",5,"STRPNE_23F",2019,2.9999999851,0.242522230485044,1236.999997526
"10545","Spain",5,"STRPNE_23F",2020,0.9999999956,0.209205020313807,477.999999283
"10546","Spain",5,"STRPNE_23F",2021,0,0,342.9999991425
"10547","Spain",5,"STRPNE_23F",2022,1.552747113,0.109890100461538,1412.9999940654
"10548","Spain",5,"STRPNE_23F",2023,4.895070292,0.211267600422535,2316.999995366
"10549","Spain",5,"STRPNE_23F",2024,6.8885281242,0.270562770811688,2545.999992362
"10550","Spain",5,"STRPNE_24",2010,0,0,936.9999980323
"10551","Spain",5,"STRPNE_24",2011,0,0,950.999998098
"10552","Spain",5,"STRPNE_24",2012,0,0,1050.9999975827
"10553","Spain",5,"STRPNE_24",2013,0,0,965.999997585
"10554","Spain",5,"STRPNE_24",2014,0,0,889.999998487
"10555","Spain",5,"STRPNE_24",2019,0,0,1236.999997526
"10556","Spain",5,"STRPNE_24",2023,3.2633802719,0.14084507028169,2316.999995366
"10557","Spain",5,"STRPNE_24",2024,12.3993504708,0.487012981461039,2545.999992362
"10558","Spain",5,"STRPNE_24A",2010,0.9999999446,0.10672358022412,936.9999980323
"10559","Spain",5,"STRPNE_24A",2011,1.9999999794,0.21030494042061,950.999998098
"10560","Spain",5,"STRPNE_24A",2012,0.9999999097,0.0951474702188392,1050.9999975827
"10561","Spain",5,"STRPNE_24A",2013,0,0,965.999997585
"10562","Spain",5,"STRPNE_24A",2014,0,0,889.999998487
"10563","Spain",5,"STRPNE_24A",2015,0,0,1013.9999976678
"10564","Spain",5,"STRPNE_24A",2016,0,0,913.9999983548
"10565","Spain",5,"STRPNE_24A",2017,0,0,1295.99999676
"10566","Spain",5,"STRPNE_24A",2018,0,0,1187.9999977428
"10567","Spain",5,"STRPNE_24A",2019,0,0,1236.999997526
"10568","Spain",5,"STRPNE_24A",2020,0,0,477.999999283
"10569","Spain",5,"STRPNE_24A",2021,0,0,342.9999991425
"10570","Spain",5,"STRPNE_24A",2022,1.552747113,0.109890100461538,1412.9999940654
"10571","Spain",5,"STRPNE_24A",2023,0,0,2316.999995366
"10572","Spain",5,"STRPNE_24A",2024,1.377705523,0.0541125501623377,2545.999992362
"10573","Spain",5,"STRPNE_24B",2011,0.9999999897,0.105152470210305,950.999998098
"10574","Spain",5,"STRPNE_24B",2012,0,0,1050.9999975827
"10575","Spain",5,"STRPNE_24B",2016,0.9999999966,0.109409190196937,913.9999983548
"10576","Spain",5,"STRPNE_24B",2017,0,0,1295.99999676
"10577","Spain",5,"STRPNE_24B",2018,0,0,1187.9999977428
"10578","Spain",5,"STRPNE_24B",2019,0,0,1236.999997526
"10579","Spain",5,"STRPNE_24B",2021,0,0,342.9999991425
"10580","Spain",5,"STRPNE_24B",2022,0,0,1412.9999940654
"10581","Spain",5,"STRPNE_24B",2023,0,0,2316.999995366
"10582","Spain",5,"STRPNE_24B",2024,0,0,2545.999992362
"10583","Spain",5,"STRPNE_24F",2010,14.9999999186,1.60085378336179,936.9999980323
"10584","Spain",5,"STRPNE_24F",2011,30.999999966,3.25972660651945,950.999998098
"10585","Spain",5,"STRPNE_24F",2012,22.99999992,2.1883920050333,1050.9999975827
"10586","Spain",5,"STRPNE_24F",2013,25.9999999308,2.69151138672878,965.999997585
"10587","Spain",5,"STRPNE_24F",2014,32.999999924,3.70786516630337,889.999998487
"10588","Spain",5,"STRPNE_24F",2015,29.9999999832,2.95857988680473,1013.9999976678
"10589","Spain",5,"STRPNE_24F",2016,34.9999999724,3.82932166689278,913.9999983548
"10590","Spain",5,"STRPNE_24F",2017,35.9999998992,2.77777777694444,1295.99999676
"10591","Spain",5,"STRPNE_24F",2018,48.9999999456,4.1245791278367,1187.9999977428
"10592","Spain",5,"STRPNE_24F",2019,22.999999927,1.85933710371867,1236.999997526
"10593","Spain",5,"STRPNE_24F",2020,20.9999999554,4.39330543658996,477.999999283
"10594","Spain",5,"STRPNE_24F",2021,2.9999999708,0.874635562186589,342.9999991425
"10595","Spain",5,"STRPNE_24F",2022,26.3967031818,1.86813186784615,1412.9999940654
"10596","Spain",5,"STRPNE_24F",2023,44.0556337865,1.90140845380282,2316.999995366
"10597","Spain",5,"STRPNE_24F",2024,66.1298699414,2.59740259779221,2545.999992362
"10598","Spain",5,"STRPNE_25",2010,1.9999999829,0.213447170448239,936.9999980323
"10599","Spain",5,"STRPNE_25",2024,0,0,2545.999992362
"10600","Spain",5,"STRPNE_25A",2010,0,0,936.9999980323
"10601","Spain",5,"STRPNE_25A",2011,0,0,950.999998098
"10602","Spain",5,"STRPNE_25A",2012,0,0,1050.9999975827
"10603","Spain",5,"STRPNE_25A",2013,0,0,965.999997585
"10604","Spain",5,"STRPNE_25A",2014,0,0,889.999998487
"10605","Spain",5,"STRPNE_25A",2015,0,0,1013.9999976678
"10606","Spain",5,"STRPNE_25A",2016,0,0,913.9999983548
"10607","Spain",5,"STRPNE_25A",2017,0,0,1295.99999676
"10608","Spain",5,"STRPNE_25A",2018,0,0,1187.9999977428
"10609","Spain",5,"STRPNE_25A",2019,0,0,1236.999997526
"10610","Spain",5,"STRPNE_25A",2022,0,0,1412.9999940654
"10611","Spain",5,"STRPNE_25A",2023,9.7901408157,0.422535210845071,2316.999995366
"10612","Spain",5,"STRPNE_25A",2024,12.3993504708,0.487012981461039,2545.999992362
"10613","Spain",5,"STRPNE_25F",2010,0.9999999446,0.10672358022412,936.9999980323
"10614","Spain",5,"STRPNE_25F",2011,0.9999999897,0.105152470210305,950.999998098
"10615","Spain",5,"STRPNE_25F",2012,0,0,1050.9999975827
"10616","Spain",5,"STRPNE_25F",2014,0,0,889.999998487
"10617","Spain",5,"STRPNE_25F",2015,0,0,1013.9999976678
"10618","Spain",5,"STRPNE_25F",2016,0,0,913.9999983548
"10619","Spain",5,"STRPNE_25F",2017,0,0,1295.99999676
"10620","Spain",5,"STRPNE_25F",2018,0,0,1187.9999977428
"10621","Spain",5,"STRPNE_25F",2019,0,0,1236.999997526
"10622","Spain",5,"STRPNE_25F",2020,0,0,477.999999283
"10623","Spain",5,"STRPNE_25F",2023,1.6316900201,0.0704225301408451,2316.999995366
"10624","Spain",5,"STRPNE_25F",2024,2.755411046,0.108225100324675,2545.999992362
"10625","Spain",5,"STRPNE_27",2011,0,0,950.999998098
"10626","Spain",5,"STRPNE_27",2012,1.9999999245,0.190294950437678,1050.9999975827
"10627","Spain",5,"STRPNE_27",2013,0,0,965.999997585
"10628","Spain",5,"STRPNE_27",2014,0,0,889.999998487
"10629","Spain",5,"STRPNE_27",2015,0,0,1013.9999976678
"10630","Spain",5,"STRPNE_27",2016,1.9999999932,0.218818380393873,913.9999983548
"10631","Spain",5,"STRPNE_27",2017,1.9999999008,0.154320980385802,1295.99999676
"10632","Spain",5,"STRPNE_27",2018,2.99999997,0.252525250479798,1187.9999977428
"10633","Spain",5,"STRPNE_27",2019,0.9999999538,0.0808407401616815,1236.999997526
"10634","Spain",5,"STRPNE_27",2020,0.9999999956,0.209205020313807,477.999999283
"10635","Spain",5,"STRPNE_27",2021,0,0,342.9999991425
"10636","Spain",5,"STRPNE_27",2022,0,0,1412.9999940654
"10637","Spain",5,"STRPNE_27",2023,0,0,2316.999995366
"10638","Spain",5,"STRPNE_28",2014,0.999999995,0.112359550191011,889.999998487
"10639","Spain",5,"STRPNE_28",2015,0.9999999048,0.0986193202268244,1013.9999976678
"10640","Spain",5,"STRPNE_28",2022,0,0,1412.9999940654
"10641","Spain",5,"STRPNE_28A",2010,0,0,936.9999980323
"10642","Spain",5,"STRPNE_28A",2011,0,0,950.999998098
"10643","Spain",5,"STRPNE_28A",2012,0,0,1050.9999975827
"10644","Spain",5,"STRPNE_28A",2013,0,0,965.999997585
"10645","Spain",5,"STRPNE_28A",2014,0,0,889.999998487
"10646","Spain",5,"STRPNE_28A",2015,0,0,1013.9999976678
"10647","Spain",5,"STRPNE_28A",2016,0,0,913.9999983548
"10648","Spain",5,"STRPNE_28A",2017,0,0,1295.99999676
"10649","Spain",5,"STRPNE_28A",2018,1.9999999008,0.168350160319865,1187.9999977428
"10650","Spain",5,"STRPNE_28A",2019,0,0,1236.999997526
"10651","Spain",5,"STRPNE_28A",2020,0.9999999956,0.209205020313807,477.999999283
"10652","Spain",5,"STRPNE_28A",2021,0,0,342.9999991425
"10653","Spain",5,"STRPNE_28A",2022,0,0,1412.9999940654
"10654","Spain",5,"STRPNE_28A",2023,0,0,2316.999995366
"10655","Spain",5,"STRPNE_28F",2010,0,0,936.9999980323
"10656","Spain",5,"STRPNE_28F",2012,0,0,1050.9999975827
"10657","Spain",5,"STRPNE_28F",2013,0,0,965.999997585
"10658","Spain",5,"STRPNE_28F",2014,0,0,889.999998487
"10659","Spain",5,"STRPNE_28F",2017,0,0,1295.99999676
"10660","Spain",5,"STRPNE_28F",2019,0,0,1236.999997526
"10661","Spain",5,"STRPNE_28F",2021,0,0,342.9999991425
"10662","Spain",5,"STRPNE_28F",2024,2.755411046,0.108225100324675,2545.999992362
"10663","Spain",5,"STRPNE_29",2010,7.9999999316,0.853788681792956,936.9999980323
"10664","Spain",5,"STRPNE_29",2011,4.9999999485,0.525762351051525,950.999998098
"10665","Spain",5,"STRPNE_29",2012,1.9999999245,0.190294950437678,1050.9999975827
"10666","Spain",5,"STRPNE_29",2013,3.9999999522,0.414078671035197,965.999997585
"10667","Spain",5,"STRPNE_29",2014,5.99999997,0.674157301146067,889.999998487
"10668","Spain",5,"STRPNE_29",2015,4.9999999296,0.493096641134122,1013.9999976678
"10669","Spain",5,"STRPNE_29",2016,0.9999999966,0.109409190196937,913.9999983548
"10670","Spain",5,"STRPNE_29",2017,0.9999999504,0.0771604901929012,1295.99999676
"10671","Spain",5,"STRPNE_29",2018,2.99999997,0.252525250479798,1187.9999977428
"10672","Spain",5,"STRPNE_29",2019,0,0,1236.999997526
"10673","Spain",5,"STRPNE_29",2020,0.9999999956,0.209205020313807,477.999999283
"10674","Spain",5,"STRPNE_29",2021,2.9999999708,0.874635562186589,342.9999991425
"10675","Spain",5,"STRPNE_29",2022,3.1054943673,0.219780210923077,1412.9999940654
"10676","Spain",5,"STRPNE_29",2023,9.7901408157,0.422535210845071,2316.999995366
"10677","Spain",5,"STRPNE_29",2024,4.1331168236,0.162337660487013,2545.999992362
"10678","Spain",5,"STRPNE_3",2010,135.9999999616,14.5144077104803,936.9999980323
"10679","Spain",5,"STRPNE_3",2011,158.999999979,16.7192429334385,950.999998098
"10680","Spain",5,"STRPNE_3",2012,167.999999964,15.984776436765,1050.9999975827
"10681","Spain",5,"STRPNE_3",2013,157.9999999956,16.3561077008903,965.999997585
"10682","Spain",5,"STRPNE_3",2014,139.999999923,15.7303370967416,889.999998487
"10683","Spain",5,"STRPNE_3",2015,141.9999999678,14.0039448022091,1013.9999976678
"10684","Spain",5,"STRPNE_3",2016,106.9999999104,11.7067833810722,913.9999983548
"10685","Spain",5,"STRPNE_3",2017,193.999999968,14.9691358374228,1295.99999676
"10686","Spain",5,"STRPNE_3",2018,186.9999999912,15.7407407699074,1187.9999977428
"10687","Spain",5,"STRPNE_3",2019,163.9999999689,13.2578819965158,1236.999997526
"10688","Spain",5,"STRPNE_3",2020,57.9999999838,12.1338912282008,477.999999283
"10689","Spain",5,"STRPNE_3",2021,46.999999977,13.7026239342566,342.9999991425
"10690","Spain",5,"STRPNE_3",2022,291.9164833845,20.6593407367692,1412.9999940654
"10691","Spain",5,"STRPNE_3",2023,471.5584505639,20.3521127107042,2316.999995366
"10692","Spain",5,"STRPNE_3",2024,457.3982682616,17.9653680138961,2545.999992362
"10693","Spain",5,"STRPNE_31",2010,15.9999999569,1.70757737358591,936.9999980323
"10694","Spain",5,"STRPNE_31",2011,20.9999999739,2.2082018944164,950.999998098
"10695","Spain",5,"STRPNE_31",2012,16.9999999363,1.61750713372027,1050.9999975827
"10696","Spain",5,"STRPNE_31",2013,19.9999999542,2.07039337517598,965.999997585
"10697","Spain",5,"STRPNE_31",2014,19.999999989,2.24719101382022,889.999998487
"10698","Spain",5,"STRPNE_31",2015,40.99999995,4.0433925092998,1013.9999976678
"10699","Spain",5,"STRPNE_31",2016,22.9999999218,2.51641137452954,913.9999983548
"10700","Spain",5,"STRPNE_31",2017,31.999999968,2.46913580617284,1295.99999676
"10701","Spain",5,"STRPNE_31",2018,39.9999999168,3.36700336639731,1187.9999977428
"10702","Spain",5,"STRPNE_31",2019,38.99999993,3.15278900630558,1236.999997526
"10703","Spain",5,"STRPNE_31",2020,15.9999999774,3.34728033502092,477.999999283
"10704","Spain",5,"STRPNE_31",2021,1.9999999691,0.583090371457726,342.9999991425
"10705","Spain",5,"STRPNE_31",2022,38.8186812162,2.74725275153846,1412.9999940654
"10706","Spain",5,"STRPNE_31",2023,66.8992956898,2.88732394577465,2316.999995366
"10707","Spain",5,"STRPNE_31",2024,78.5292206668,3.08441558925325,2545.999992362
"10708","Spain",5,"STRPNE_32",2010,0,0,936.9999980323
"10709","Spain",5,"STRPNE_32A",2013,0,0,965.999997585
"10710","Spain",5,"STRPNE_32A",2015,0,0,1013.9999976678
"10711","Spain",5,"STRPNE_33",2010,0,0,936.9999980323
"10712","Spain",5,"STRPNE_33",2011,0,0,950.999998098
"10713","Spain",5,"STRPNE_33",2012,0,0,1050.9999975827
"10714","Spain",5,"STRPNE_33",2013,0,0,965.999997585
"10715","Spain",5,"STRPNE_33",2014,0,0,889.999998487
"10716","Spain",5,"STRPNE_33",2015,0,0,1013.9999976678
"10717","Spain",5,"STRPNE_33",2017,0,0,1295.99999676
"10718","Spain",5,"STRPNE_33",2018,0,0,1187.9999977428
"10719","Spain",5,"STRPNE_33",2019,0,0,1236.999997526
"10720","Spain",5,"STRPNE_33",2022,1.552747113,0.109890100461538,1412.9999940654
"10721","Spain",5,"STRPNE_33",2023,3.2633802719,0.14084507028169,2316.999995366
"10722","Spain",5,"STRPNE_33",2024,1.377705523,0.0541125501623377,2545.999992362
"10723","Spain",5,"STRPNE_33A",2011,0,0,950.999998098
"10724","Spain",5,"STRPNE_33A",2012,0,0,1050.9999975827
"10725","Spain",5,"STRPNE_33A",2013,0,0,965.999997585
"10726","Spain",5,"STRPNE_33A",2014,0,0,889.999998487
"10727","Spain",5,"STRPNE_33A",2015,0,0,1013.9999976678
"10728","Spain",5,"STRPNE_33A",2016,0,0,913.9999983548
"10729","Spain",5,"STRPNE_33A",2017,0,0,1295.99999676
"10730","Spain",5,"STRPNE_33A",2018,0,0,1187.9999977428
"10731","Spain",5,"STRPNE_33A",2019,0,0,1236.999997526
"10732","Spain",5,"STRPNE_33A",2020,0,0,477.999999283
"10733","Spain",5,"STRPNE_33A",2021,0,0,342.9999991425
"10734","Spain",5,"STRPNE_33A",2022,0,0,1412.9999940654
"10735","Spain",5,"STRPNE_33A",2024,0,0,2545.999992362
"10736","Spain",5,"STRPNE_33B",2013,0,0,965.999997585
"10737","Spain",5,"STRPNE_33B",2014,0,0,889.999998487
"10738","Spain",5,"STRPNE_33B",2015,0,0,1013.9999976678
"10739","Spain",5,"STRPNE_33B",2017,0,0,1295.99999676
"10740","Spain",5,"STRPNE_33B",2018,0,0,1187.9999977428
"10741","Spain",5,"STRPNE_33B",2019,0,0,1236.999997526
"10742","Spain",5,"STRPNE_33B",2021,0,0,342.9999991425
"10743","Spain",5,"STRPNE_33B",2024,0,0,2545.999992362
"10744","Spain",5,"STRPNE_33C",2024,0,0,2545.999992362
"10745","Spain",5,"STRPNE_33D",2016,0,0,913.9999983548
"10746","Spain",5,"STRPNE_33D",2017,0,0,1295.99999676
"10747","Spain",5,"STRPNE_33D",2018,0,0,1187.9999977428
"10748","Spain",5,"STRPNE_33D",2020,0,0,477.999999283
"10749","Spain",5,"STRPNE_33D",2021,0,0,342.9999991425
"10750","Spain",5,"STRPNE_33D",2024,0,0,2545.999992362
"10751","Spain",5,"STRPNE_33F",2010,11.9999999911,1.28068303268943,936.9999980323
"10752","Spain",5,"STRPNE_33F",2011,11.9999999715,1.26182965252366,950.999998098
"10753","Spain",5,"STRPNE_33F",2012,12.9999999822,1.23691722284491,1050.9999975827
"10754","Spain",5,"STRPNE_33F",2013,12.9999999654,1.34575569336439,965.999997585
"10755","Spain",5,"STRPNE_33F",2014,13.99999993,1.57303370267416,889.999998487
"10756","Spain",5,"STRPNE_33F",2015,18.999999915,1.87376725430966,1013.9999976678
"10757","Spain",5,"STRPNE_33F",2016,20.9999999286,2.29759299413567,913.9999983548
"10758","Spain",5,"STRPNE_33F",2017,24.9999999264,1.92901234482253,1295.99999676
"10759","Spain",5,"STRPNE_33F",2018,26.9999999676,2.27272727431818,1187.9999977428
"10760","Spain",5,"STRPNE_33F",2019,38.99999993,3.15278900630558,1236.999997526
"10761","Spain",5,"STRPNE_33F",2020,18.9999999642,3.97489539596234,477.999999283
"10762","Spain",5,"STRPNE_33F",2021,10.9999999844,3.20699708801749,342.9999991425
"10763","Spain",5,"STRPNE_33F",2022,12.4219778931,0.879120873692308,1412.9999940654
"10764","Spain",5,"STRPNE_33F",2023,37.528873011,1.61971830323944,2316.999995366
"10765","Spain",5,"STRPNE_33F",2024,45.4642855688,1.78571428535714,2545.999992362
"10766","Spain",5,"STRPNE_34",2010,6.999999987,0.747065101568837,936.9999980323
"10767","Spain",5,"STRPNE_34",2011,7.9999999176,0.84121976168244,950.999998098
"10768","Spain",5,"STRPNE_34",2012,2.9999999393,0.285442430656518,1050.9999975827
"10769","Spain",5,"STRPNE_34",2013,8.9999999166,0.931677012329193,965.999997585
"10770","Spain",5,"STRPNE_34",2014,4.999999975,0.561797750955056,889.999998487
"10771","Spain",5,"STRPNE_34",2015,2.9999999172,0.295857980680473,1013.9999976678
"10772","Spain",5,"STRPNE_34",2016,1.9999999932,0.218818380393873,913.9999983548
"10773","Spain",5,"STRPNE_34",2017,1.9999999008,0.154320980385802,1295.99999676
"10774","Spain",5,"STRPNE_34",2018,8.99999991,0.757575751439394,1187.9999977428
"10775","Spain",5,"STRPNE_34",2019,6.999999924,0.56588520113177,1236.999997526
"10776","Spain",5,"STRPNE_34",2020,1.9999999912,0.418410040627615,477.999999283
"10777","Spain",5,"STRPNE_34",2021,1.9999999691,0.583090371457726,342.9999991425
"10778","Spain",5,"STRPNE_34",2022,4.6582416216,0.329670321384615,1412.9999940654
"10779","Spain",5,"STRPNE_34",2023,17.9485913796,0.774647881549296,2316.999995366
"10780","Spain",5,"STRPNE_34",2024,4.1331168236,0.162337660487013,2545.999992362
"10781","Spain",5,"STRPNE_35",2010,0,0,936.9999980323
"10782","Spain",5,"STRPNE_35",2011,0,0,950.999998098
"10783","Spain",5,"STRPNE_35",2012,0,0,1050.9999975827
"10784","Spain",5,"STRPNE_35",2013,0,0,965.999997585
"10785","Spain",5,"STRPNE_35",2014,0,0,889.999998487
"10786","Spain",5,"STRPNE_35",2017,0,0,1295.99999676
"10787","Spain",5,"STRPNE_35",2019,0,0,1236.999997526
"10788","Spain",5,"STRPNE_35",2020,0,0,477.999999283
"10789","Spain",5,"STRPNE_35",2023,0,0,2316.999995366
"10790","Spain",5,"STRPNE_35",2024,0,0,2545.999992362
"10791","Spain",5,"STRPNE_35A",2012,0,0,1050.9999975827
"10792","Spain",5,"STRPNE_35A",2013,0,0,965.999997585
"10793","Spain",5,"STRPNE_35A",2014,0,0,889.999998487
"10794","Spain",5,"STRPNE_35A",2015,0.9999999048,0.0986193202268244,1013.9999976678
"10795","Spain",5,"STRPNE_35A",2016,0,0,913.9999983548
"10796","Spain",5,"STRPNE_35A",2017,0.9999999504,0.0771604901929012,1295.99999676
"10797","Spain",5,"STRPNE_35A",2019,0,0,1236.999997526
"10798","Spain",5,"STRPNE_35A",2020,0,0,477.999999283
"10799","Spain",5,"STRPNE_35A",2021,0,0,342.9999991425
"10800","Spain",5,"STRPNE_35A",2022,0,0,1412.9999940654
"10801","Spain",5,"STRPNE_35A",2023,0,0,2316.999995366
"10802","Spain",5,"STRPNE_35A",2024,0,0,2545.999992362
"10803","Spain",5,"STRPNE_35B",2010,7.9999999316,0.853788681792956,936.9999980323
"10804","Spain",5,"STRPNE_35B",2011,10.9999999818,1.15667718231335,950.999998098
"10805","Spain",5,"STRPNE_35B",2012,15.9999999215,1.52235965350143,1050.9999975827
"10806","Spain",5,"STRPNE_35B",2013,18.999999942,1.96687370491718,965.999997585
"10807","Spain",5,"STRPNE_35B",2014,18.999999994,2.13483146362921,889.999998487
"10808","Spain",5,"STRPNE_35B",2015,21.9999999336,2.16962524499014,1013.9999976678
"10809","Spain",5,"STRPNE_35B",2016,9.999999966,1.09409190196937,913.9999983548
"10810","Spain",5,"STRPNE_35B",2017,15.999999984,1.23456790308642,1295.99999676
"10811","Spain",5,"STRPNE_35B",2018,23.9999999976,2.02020202383838,1187.9999977428
"10812","Spain",5,"STRPNE_35B",2019,15.9999998793,1.2934518925869,1236.999997526
"10813","Spain",5,"STRPNE_35B",2020,1.9999999912,0.418410040627615,477.999999283
"10814","Spain",5,"STRPNE_35B",2021,4.9999999742,1.45772594364431,342.9999991425
"10815","Spain",5,"STRPNE_35B",2022,29.5021976904,2.08791208876923,1412.9999940654
"10816","Spain",5,"STRPNE_35B",2023,40.7922535146,1.76056338352113,2316.999995366
"10817","Spain",5,"STRPNE_35B",2024,55.1082249936,2.16450216649351,2545.999992362
"10818","Spain",5,"STRPNE_35C",2010,0,0,936.9999980323
"10819","Spain",5,"STRPNE_35C",2011,0,0,950.999998098
"10820","Spain",5,"STRPNE_35C",2013,0.9999999156,0.103519660258799,965.999997585
"10821","Spain",5,"STRPNE_35C",2017,0.9999999504,0.0771604901929012,1295.99999676
"10822","Spain",5,"STRPNE_35C",2022,0,0,1412.9999940654
"10823","Spain",5,"STRPNE_35C",2023,0,0,2316.999995366
"10824","Spain",5,"STRPNE_35C",2024,0,0,2545.999992362
"10825","Spain",5,"STRPNE_35F",2010,4.9999999104,0.533617921120598,936.9999980323
"10826","Spain",5,"STRPNE_35F",2011,10.9999999818,1.15667718231335,950.999998098
"10827","Spain",5,"STRPNE_35F",2012,12.9999999822,1.23691722284491,1050.9999975827
"10828","Spain",5,"STRPNE_35F",2013,8.9999999166,0.931677012329193,965.999997585
"10829","Spain",5,"STRPNE_35F",2014,11.99999994,1.34831460229213,889.999998487
"10830","Spain",5,"STRPNE_35F",2015,18.999999915,1.87376725430966,1013.9999976678
"10831","Spain",5,"STRPNE_35F",2016,17.9999999388,1.96936542354486,913.9999983548
"10832","Spain",5,"STRPNE_35F",2017,14.999999904,1.15740740289352,1295.99999676
"10833","Spain",5,"STRPNE_35F",2018,14.9999999688,1.26262626239899,1187.9999977428
"10834","Spain",5,"STRPNE_35F",2019,19.9999999419,1.61681487323363,1236.999997526
"10835","Spain",5,"STRPNE_35F",2020,5.9999999736,1.25523012188284,477.999999283
"10836","Spain",5,"STRPNE_35F",2021,4.9999999742,1.45772594364431,342.9999991425
"10837","Spain",5,"STRPNE_35F",2022,31.0549449447,2.19780219923077,1412.9999940654
"10838","Spain",5,"STRPNE_35F",2023,35.8971829909,1.54929577309859,2316.999995366
"10839","Spain",5,"STRPNE_35F",2024,39.9534629676,1.56926406470779,2545.999992362
"10840","Spain",5,"STRPNE_36",2013,0,0,965.999997585
"10841","Spain",5,"STRPNE_36",2020,0,0,477.999999283
"10842","Spain",5,"STRPNE_36",2023,1.6316900201,0.0704225301408451,2316.999995366
"10843","Spain",5,"STRPNE_37",2010,0,0,936.9999980323
"10844","Spain",5,"STRPNE_37",2011,0,0,950.999998098
"10845","Spain",5,"STRPNE_37",2012,0,0,1050.9999975827
"10846","Spain",5,"STRPNE_37",2013,1.9999999278,0.207039330517598,965.999997585
"10847","Spain",5,"STRPNE_37",2014,0.999999995,0.112359550191011,889.999998487
"10848","Spain",5,"STRPNE_37",2015,0,0,1013.9999976678
"10849","Spain",5,"STRPNE_37",2016,0.9999999966,0.109409190196937,913.9999983548
"10850","Spain",5,"STRPNE_37",2017,2.9999999808,0.231481480578704,1295.99999676
"10851","Spain",5,"STRPNE_37",2018,0,0,1187.9999977428
"10852","Spain",5,"STRPNE_37",2019,0,0,1236.999997526
"10853","Spain",5,"STRPNE_37",2020,0,0,477.999999283
"10854","Spain",5,"STRPNE_37",2021,0,0,342.9999991425
"10855","Spain",5,"STRPNE_37",2022,3.1054943673,0.219780210923077,1412.9999940654
"10856","Spain",5,"STRPNE_37",2023,3.2633802719,0.14084507028169,2316.999995366
"10857","Spain",5,"STRPNE_37",2024,0,0,2545.999992362
"10858","Spain",5,"STRPNE_38",2010,8.9999999699,0.960512272017076,936.9999980323
"10859","Spain",5,"STRPNE_38",2011,8.9999999073,0.946372231892745,950.999998098
"10860","Spain",5,"STRPNE_38",2012,11.9999999674,1.14176974262607,1050.9999975827
"10861","Spain",5,"STRPNE_38",2013,11.9999999532,1.24223602310559,965.999997585
"10862","Spain",5,"STRPNE_38",2014,11.99999994,1.34831460229213,889.999998487
"10863","Spain",5,"STRPNE_38",2015,14.9999999916,1.47928994340237,1013.9999976678
"10864","Spain",5,"STRPNE_38",2016,6.9999999762,0.765864331378556,913.9999983548
"10865","Spain",5,"STRPNE_38",2017,29.9999999376,2.31481481578704,1295.99999676
"10866","Spain",5,"STRPNE_38",2018,18.9999998892,1.59932659303872,1187.9999977428
"10867","Spain",5,"STRPNE_38",2019,14.9999999255,1.21261115242522,1236.999997526
"10868","Spain",5,"STRPNE_38",2020,8.9999999604,1.88284518282427,477.999999283
"10869","Spain",5,"STRPNE_38",2021,0,0,342.9999991425
"10870","Spain",5,"STRPNE_38",2022,13.9747251474,0.989010984153846,1412.9999940654
"10871","Spain",5,"STRPNE_38",2023,63.6359154179,2.74647887549296,2316.999995366
"10872","Spain",5,"STRPNE_38",2024,66.1298699414,2.59740259779221,2545.999992362
"10873","Spain",5,"STRPNE_39",2014,0,0,889.999998487
"10874","Spain",5,"STRPNE_39",2016,0.9999999966,0.109409190196937,913.9999983548
"10875","Spain",5,"STRPNE_39",2020,0,0,477.999999283
"10876","Spain",5,"STRPNE_39",2021,0,0,342.9999991425
"10877","Spain",5,"STRPNE_39",2022,0,0,1412.9999940654
"10878","Spain",5,"STRPNE_4",2010,16.9999999952,1.81430096381003,936.9999980323
"10879","Spain",5,"STRPNE_4",2011,16.99999992,1.78759200357518,950.999998098
"10880","Spain",5,"STRPNE_4",2012,16.9999999363,1.61750713372027,1050.9999975827
"10881","Spain",5,"STRPNE_4",2013,10.999999941,1.13871635284679,965.999997585
"10882","Spain",5,"STRPNE_4",2014,6.999999965,0.786516851337079,889.999998487
"10883","Spain",5,"STRPNE_4",2015,7.9999999482,0.788954631814596,1013.9999976678
"10884","Spain",5,"STRPNE_4",2016,10.9999999626,1.2035010921663,913.9999983548
"10885","Spain",5,"STRPNE_4",2017,12.9999998736,1.00308641250772,1295.99999676
"10886","Spain",5,"STRPNE_4",2018,9.9999999792,0.841750841599327,1187.9999977428
"10887","Spain",5,"STRPNE_4",2019,8.9999999553,0.727566691455133,1236.999997526
"10888","Spain",5,"STRPNE_4",2020,0.9999999956,0.209205020313807,477.999999283
"10889","Spain",5,"STRPNE_4",2021,0.9999999674,0.291545180728863,342.9999991425
"10890","Spain",5,"STRPNE_4",2022,7.7637361302,0.549450542307692,1412.9999940654
"10891","Spain",5,"STRPNE_4",2023,45.6873238066,1.97183098394366,2316.999995366
"10892","Spain",5,"STRPNE_4",2024,67.507575719,2.65151515795455,2545.999992362
"10893","Spain",5,"STRPNE_40",2010,0,0,936.9999980323
"10894","Spain",5,"STRPNE_40",2013,0,0,965.999997585
"10895","Spain",5,"STRPNE_40",2015,0,0,1013.9999976678
"10896","Spain",5,"STRPNE_40",2017,0,0,1295.99999676
"10897","Spain",5,"STRPNE_40",2022,0,0,1412.9999940654
"10898","Spain",5,"STRPNE_40",2023,1.6316900201,0.0704225301408451,2316.999995366
"10899","Spain",5,"STRPNE_40",2024,0,0,2545.999992362
"10900","Spain",5,"STRPNE_41A",2019,0,0,1236.999997526
"10901","Spain",5,"STRPNE_42",2016,0,0,913.9999983548
"10902","Spain",5,"STRPNE_42",2018,0,0,1187.9999977428
"10903","Spain",5,"STRPNE_42",2022,0,0,1412.9999940654
"10904","Spain",5,"STRPNE_43",2020,0,0,477.999999283
"10905","Spain",5,"STRPNE_43",2023,0,0,2316.999995366
"10906","Spain",5,"STRPNE_43",2024,0,0,2545.999992362
"10907","Spain",5,"STRPNE_45",2016,0,0,913.9999983548
"10908","Spain",5,"STRPNE_46",2015,0,0,1013.9999976678
"10909","Spain",5,"STRPNE_46",2022,0,0,1412.9999940654
"10910","Spain",5,"STRPNE_47F",2016,0,0,913.9999983548
"10911","Spain",5,"STRPNE_5",2010,6.999999987,0.747065101568837,936.9999980323
"10912","Spain",5,"STRPNE_5",2011,4.9999999485,0.525762351051525,950.999998098
"10913","Spain",5,"STRPNE_5",2012,1.9999999245,0.190294950437678,1050.9999975827
"10914","Spain",5,"STRPNE_5",2013,0,0,965.999997585
"10915","Spain",5,"STRPNE_5",2014,0.999999995,0.112359550191011,889.999998487
"10916","Spain",5,"STRPNE_5",2015,0,0,1013.9999976678
"10917","Spain",5,"STRPNE_5",2016,0,0,913.9999983548
"10918","Spain",5,"STRPNE_5",2017,1.9999999008,0.154320980385802,1295.99999676
"10919","Spain",5,"STRPNE_5",2019,0,0,1236.999997526
"10920","Spain",5,"STRPNE_5",2021,0,0,342.9999991425
"10921","Spain",5,"STRPNE_5",2022,0,0,1412.9999940654
"10922","Spain",5,"STRPNE_5",2023,0,0,2316.999995366
"10923","Spain",5,"STRPNE_5",2024,0,0,2545.999992362
"10924","Spain",5,"STRPNE_6",2010,0,0,936.9999980323
"10925","Spain",5,"STRPNE_6",2011,0,0,950.999998098
"10926","Spain",5,"STRPNE_6",2012,0,0,1050.9999975827
"10927","Spain",5,"STRPNE_6",2013,0,0,965.999997585
"10928","Spain",5,"STRPNE_6",2014,0,0,889.999998487
"10929","Spain",5,"STRPNE_6",2015,0,0,1013.9999976678
"10930","Spain",5,"STRPNE_6",2017,0,0,1295.99999676
"10931","Spain",5,"STRPNE_6",2018,0,0,1187.9999977428
"10932","Spain",5,"STRPNE_6",2019,0,0,1236.999997526
"10933","Spain",5,"STRPNE_6",2020,0,0,477.999999283
"10934","Spain",5,"STRPNE_6",2022,0,0,1412.9999940654
"10935","Spain",5,"STRPNE_6",2023,0,0,2316.999995366
"10936","Spain",5,"STRPNE_6",2024,0,0,2545.999992362
"10937","Spain",5,"STRPNE_6A",2010,16.9999999952,1.81430096381003,936.9999980323
"10938","Spain",5,"STRPNE_6A",2011,13.9999999509,1.47213459294427,950.999998098
"10939","Spain",5,"STRPNE_6A",2012,10.9999999526,1.04662226240723,1050.9999975827
"10940","Spain",5,"STRPNE_6A",2013,7.9999999044,0.828157342070393,965.999997585
"10941","Spain",5,"STRPNE_6A",2014,7.99999996,0.89887640152809,889.999998487
"10942","Spain",5,"STRPNE_6A",2015,6.999999942,0.690335301587771,1013.9999976678
"10943","Spain",5,"STRPNE_6A",2016,9.999999966,1.09409190196937,913.9999983548
"10944","Spain",5,"STRPNE_6A",2017,6.999999912,0.540123451350309,1295.99999676
"10945","Spain",5,"STRPNE_6A",2018,1.9999999008,0.168350160319865,1187.9999977428
"10946","Spain",5,"STRPNE_6A",2019,3.9999999389,0.323362970646726,1236.999997526
"10947","Spain",5,"STRPNE_6A",2020,0.9999999956,0.209205020313807,477.999999283
"10948","Spain",5,"STRPNE_6A",2021,0,0,342.9999991425
"10949","Spain",5,"STRPNE_6A",2022,4.6582416216,0.329670321384615,1412.9999940654
"10950","Spain",5,"STRPNE_6A",2023,0,0,2316.999995366
"10951","Spain",5,"STRPNE_6A",2024,1.377705523,0.0541125501623377,2545.999992362
"10952","Spain",5,"STRPNE_6B",2010,9.9999999145,1.0672358522412,936.9999980323
"10953","Spain",5,"STRPNE_6B",2011,9.9999999921,1.05152471210305,950.999998098
"10954","Spain",5,"STRPNE_6B",2012,9.9999999378,0.951474782188392,1050.9999975827
"10955","Spain",5,"STRPNE_6B",2013,8.9999999166,0.931677012329193,965.999997585
"10956","Spain",5,"STRPNE_6B",2014,2.999999985,0.337078650573034,889.999998487
"10957","Spain",5,"STRPNE_6B",2015,8.9999999544,0.88757396204142,1013.9999976678
"10958","Spain",5,"STRPNE_6B",2016,5.9999999796,0.656455141181619,913.9999983548
"10959","Spain",5,"STRPNE_6B",2017,21.9999999456,1.69753086424383,1295.99999676
"10960","Spain",5,"STRPNE_6B",2018,5.99999994,0.505050500959596,1187.9999977428
"10961","Spain",5,"STRPNE_6B",2019,4.9999998927,0.404203710808407,1236.999997526
"10962","Spain",5,"STRPNE_6B",2020,2.9999999868,0.627615060941422,477.999999283
"10963","Spain",5,"STRPNE_6B",2021,2.9999999708,0.874635562186589,342.9999991425
"10964","Spain",5,"STRPNE_6B",2022,9.3164833845,0.659340652769231,1412.9999940654
"10965","Spain",5,"STRPNE_6B",2023,3.2633802719,0.14084507028169,2316.999995366
"10966","Spain",5,"STRPNE_6B",2024,2.755411046,0.108225100324675,2545.999992362
"10967","Spain",5,"STRPNE_6C",2010,53.9999999131,5.76307364210246,936.9999980323
"10968","Spain",5,"STRPNE_6C",2011,48.9999999708,5.15247109030494,950.999998098
"10969","Spain",5,"STRPNE_6C",2012,68.9999999702,6.5651760350999,1050.9999975827
"10970","Spain",5,"STRPNE_6C",2013,50.999999946,5.27950311319876,965.999997585
"10971","Spain",5,"STRPNE_6C",2014,43.999999958,4.94382022840449,889.999998487
"10972","Spain",5,"STRPNE_6C",2015,36.9999999252,3.6489151883925,1013.9999976678
"10973","Spain",5,"STRPNE_6C",2016,32.9999999792,3.61050328649891,913.9999983548
"10974","Spain",5,"STRPNE_6C",2017,43.9999998912,3.39506172848765,1295.99999676
"10975","Spain",5,"STRPNE_6C",2018,50.9999999652,4.29292929815657,1187.9999977428
"10976","Spain",5,"STRPNE_6C",2019,46.9999999315,3.79951495759903,1236.999997526
"10977","Spain",5,"STRPNE_6C",2020,13.9999999862,2.92887029439331,477.999999283
"10978","Spain",5,"STRPNE_6C",2021,25.9999999756,7.58017493895044,342.9999991425
"10979","Spain",5,"STRPNE_6C",2022,45.0296702334,3.18681319338462,1412.9999940654
"10980","Spain",5,"STRPNE_6C",2023,86.4795773212,3.73239436746479,2316.999995366
"10981","Spain",5,"STRPNE_6C",2024,104.7056276406,4.11255412233766,2545.999992362
"10982","Spain",5,"STRPNE_6D",2010,0,0,936.9999980323
"10983","Spain",5,"STRPNE_6D",2012,0,0,1050.9999975827
"10984","Spain",5,"STRPNE_6D",2013,0,0,965.999997585
"10985","Spain",5,"STRPNE_6D",2014,0,0,889.999998487
"10986","Spain",5,"STRPNE_6D",2015,0,0,1013.9999976678
"10987","Spain",5,"STRPNE_6D",2016,0,0,913.9999983548
"10988","Spain",5,"STRPNE_6D",2017,0,0,1295.99999676
"10989","Spain",5,"STRPNE_6D",2018,0,0,1187.9999977428
"10990","Spain",5,"STRPNE_6D",2019,0,0,1236.999997526
"10991","Spain",5,"STRPNE_6D",2020,0,0,477.999999283
"10992","Spain",5,"STRPNE_6D",2021,0,0,342.9999991425
"10993","Spain",5,"STRPNE_6D",2022,0,0,1412.9999940654
"10994","Spain",5,"STRPNE_6D",2023,0,0,2316.999995366
"10995","Spain",5,"STRPNE_6D",2024,0,0,2545.999992362
"10996","Spain",5,"STRPNE_7",2010,0,0,936.9999980323
"10997","Spain",5,"STRPNE_7",2011,0,0,950.999998098
"10998","Spain",5,"STRPNE_7",2012,0,0,1050.9999975827
"10999","Spain",5,"STRPNE_7",2013,0,0,965.999997585
"11000","Spain",5,"STRPNE_7",2014,0,0,889.999998487
"11001","Spain",5,"STRPNE_7",2016,0,0,913.9999983548
"11002","Spain",5,"STRPNE_7",2019,0,0,1236.999997526
"11003","Spain",5,"STRPNE_7",2022,1.552747113,0.109890100461538,1412.9999940654
"11004","Spain",5,"STRPNE_7",2024,0,0,2545.999992362
"11005","Spain",5,"STRPNE_7A",2012,0,0,1050.9999975827
"11006","Spain",5,"STRPNE_7A",2014,0,0,889.999998487
"11007","Spain",5,"STRPNE_7A",2015,0,0,1013.9999976678
"11008","Spain",5,"STRPNE_7A",2017,0,0,1295.99999676
"11009","Spain",5,"STRPNE_7A",2018,0,0,1187.9999977428
"11010","Spain",5,"STRPNE_7A",2019,0,0,1236.999997526
"11011","Spain",5,"STRPNE_7A",2020,0,0,477.999999283
"11012","Spain",5,"STRPNE_7A",2022,1.552747113,0.109890100461538,1412.9999940654
"11013","Spain",5,"STRPNE_7A",2023,0,0,2316.999995366
"11014","Spain",5,"STRPNE_7A",2024,4.1331168236,0.162337660487013,2545.999992362
"11015","Spain",5,"STRPNE_7B",2010,0,0,936.9999980323
"11016","Spain",5,"STRPNE_7B",2011,0,0,950.999998098
"11017","Spain",5,"STRPNE_7B",2012,0,0,1050.9999975827
"11018","Spain",5,"STRPNE_7B",2013,0,0,965.999997585
"11019","Spain",5,"STRPNE_7B",2014,0,0,889.999998487
"11020","Spain",5,"STRPNE_7B",2015,0.9999999048,0.0986193202268244,1013.9999976678
"11021","Spain",5,"STRPNE_7B",2016,1.9999999932,0.218818380393873,913.9999983548
"11022","Spain",5,"STRPNE_7B",2017,2.9999999808,0.231481480578704,1295.99999676
"11023","Spain",5,"STRPNE_7B",2018,0,0,1187.9999977428
"11024","Spain",5,"STRPNE_7B",2019,5.9999999702,0.485044460970089,1236.999997526
"11025","Spain",5,"STRPNE_7B",2020,1.9999999912,0.418410040627615,477.999999283
"11026","Spain",5,"STRPNE_7B",2021,0,0,342.9999991425
"11027","Spain",5,"STRPNE_7B",2022,4.6582416216,0.329670321384615,1412.9999940654
"11028","Spain",5,"STRPNE_7B",2023,9.7901408157,0.422535210845071,2316.999995366
"11029","Spain",5,"STRPNE_7B",2024,8.2662336472,0.324675320974026,2545.999992362
"11030","Spain",5,"STRPNE_7C",2010,0,0,936.9999980323
"11031","Spain",5,"STRPNE_7C",2011,0,0,950.999998098
"11032","Spain",5,"STRPNE_7C",2012,0,0,1050.9999975827
"11033","Spain",5,"STRPNE_7C",2013,0,0,965.999997585
"11034","Spain",5,"STRPNE_7C",2014,0.999999995,0.112359550191011,889.999998487
"11035","Spain",5,"STRPNE_7C",2015,0,0,1013.9999976678
"11036","Spain",5,"STRPNE_7C",2016,2.9999999898,0.32822757059081,913.9999983548
"11037","Spain",5,"STRPNE_7C",2017,3.9999999312,0.308641970771605,1295.99999676
"11038","Spain",5,"STRPNE_7C",2018,0.9999999504,0.0841750801599327,1187.9999977428
"11039","Spain",5,"STRPNE_7C",2019,6.999999924,0.56588520113177,1236.999997526
"11040","Spain",5,"STRPNE_7C",2020,2.9999999868,0.627615060941422,477.999999283
"11041","Spain",5,"STRPNE_7C",2021,0.9999999674,0.291545180728863,342.9999991425
"11042","Spain",5,"STRPNE_7C",2022,7.7637361302,0.549450542307692,1412.9999940654
"11043","Spain",5,"STRPNE_7C",2023,16.3169013595,0.704225351408451,2316.999995366
"11044","Spain",5,"STRPNE_7C",2024,34.442640621,1.35281385405844,2545.999992362
"11045","Spain",5,"STRPNE_7F",2010,77.999999989,8.32443971748132,936.9999980323
"11046","Spain",5,"STRPNE_7F",2011,73.9999999986,7.78128287556257,950.999998098
"11047","Spain",5,"STRPNE_7F",2012,54.9999999732,5.23311133203616,1050.9999975827
"11048","Spain",5,"STRPNE_7F",2013,43.9999999572,4.55486543138716,965.999997585
"11049","Spain",5,"STRPNE_7F",2014,27.999999949,3.14606741534831,889.999998487
"11050","Spain",5,"STRPNE_7F",2015,19.9999999212,1.97238658453649,1013.9999976678
"11051","Spain",5,"STRPNE_7F",2016,18.9999999354,2.07877461374179,913.9999983548
"11052","Spain",5,"STRPNE_7F",2017,12.9999998736,1.00308641250772,1295.99999676
"11053","Spain",5,"STRPNE_7F",2018,6.9999998904,0.589225581119529,1187.9999977428
"11054","Spain",5,"STRPNE_7F",2019,11.9999999404,0.970088921940178,1236.999997526
"11055","Spain",5,"STRPNE_7F",2020,0,0,477.999999283
"11056","Spain",5,"STRPNE_7F",2021,0.9999999674,0.291545180728863,342.9999991425
"11057","Spain",5,"STRPNE_7F",2022,0,0,1412.9999940654
"11058","Spain",5,"STRPNE_7F",2023,4.895070292,0.211267600422535,2316.999995366
"11059","Spain",5,"STRPNE_7F",2024,4.1331168236,0.162337660487013,2545.999992362
"11060","Spain",5,"STRPNE_8",2010,31.9999999138,3.41515474717183,936.9999980323
"11061","Spain",5,"STRPNE_8",2011,21.9999999636,2.31335436462671,950.999998098
"11062","Spain",5,"STRPNE_8",2012,37.9999999318,3.61560418831589,1050.9999975827
"11063","Spain",5,"STRPNE_8",2013,47.9999999094,4.96894410242236,965.999997585
"11064","Spain",5,"STRPNE_8",2014,51.999999918,5.84269662993258,889.999998487
"11065","Spain",5,"STRPNE_8",2015,101.9999999226,10.0591716131361,1013.9999976678
"11066","Spain",5,"STRPNE_8",2016,113.999999978,12.4726477224508,913.9999983548
"11067","Spain",5,"STRPNE_8",2017,162,12.50000003125,1295.99999676
"11068","Spain",5,"STRPNE_8",2018,163.999999944,13.804713826229,1187.9999977428
"11069","Spain",5,"STRPNE_8",2019,230.999999966,18.6742118373484,1236.999997526
"11070","Spain",5,"STRPNE_8",2020,90.999999982,19.0376569285565,477.999999283
"11071","Spain",5,"STRPNE_8",2021,62.9999999699,18.3673469759184,342.9999991425
"11072","Spain",5,"STRPNE_8",2022,262.4142856941,18.571428648,1412.9999940654
"11073","Spain",5,"STRPNE_8",2023,391.6056337865,16.9014084838028,2316.999995366
"11074","Spain",5,"STRPNE_8",2024,374.7359305166,14.7186147541558,2545.999992362
"11075","Spain",5,"STRPNE_9",2010,0,0,936.9999980323
"11076","Spain",5,"STRPNE_9",2011,0,0,950.999998098
"11077","Spain",5,"STRPNE_9",2012,0,0,1050.9999975827
"11078","Spain",5,"STRPNE_9",2013,0,0,965.999997585
"11079","Spain",5,"STRPNE_9",2014,0,0,889.999998487
"11080","Spain",5,"STRPNE_9",2015,0,0,1013.9999976678
"11081","Spain",5,"STRPNE_9",2016,0,0,913.9999983548
"11082","Spain",5,"STRPNE_9",2017,0,0,1295.99999676
"11083","Spain",5,"STRPNE_9",2018,0,0,1187.9999977428
"11084","Spain",5,"STRPNE_9",2019,0,0,1236.999997526
"11085","Spain",5,"STRPNE_9",2021,0,0,342.9999991425
"11086","Spain",5,"STRPNE_9",2022,0,0,1412.9999940654
"11087","Spain",5,"STRPNE_9",2024,0,0,2545.999992362
"11088","Spain",5,"STRPNE_9A",2010,0,0,936.9999980323
"11089","Spain",5,"STRPNE_9A",2011,0,0,950.999998098
"11090","Spain",5,"STRPNE_9A",2012,0,0,1050.9999975827
"11091","Spain",5,"STRPNE_9A",2013,0,0,965.999997585
"11092","Spain",5,"STRPNE_9A",2014,0,0,889.999998487
"11093","Spain",5,"STRPNE_9A",2015,0,0,1013.9999976678
"11094","Spain",5,"STRPNE_9A",2016,0,0,913.9999983548
"11095","Spain",5,"STRPNE_9A",2017,0,0,1295.99999676
"11096","Spain",5,"STRPNE_9A",2018,0,0,1187.9999977428
"11097","Spain",5,"STRPNE_9A",2019,0,0,1236.999997526
"11098","Spain",5,"STRPNE_9A",2020,0,0,477.999999283
"11099","Spain",5,"STRPNE_9A",2021,0,0,342.9999991425
"11100","Spain",5,"STRPNE_9A",2022,0,0,1412.9999940654
"11101","Spain",5,"STRPNE_9A",2023,0,0,2316.999995366
"11102","Spain",5,"STRPNE_9A",2024,1.377705523,0.0541125501623377,2545.999992362
"11103","Spain",5,"STRPNE_9L",2011,0,0,950.999998098
"11104","Spain",5,"STRPNE_9L",2013,0,0,965.999997585
"11105","Spain",5,"STRPNE_9L",2014,0,0,889.999998487
"11106","Spain",5,"STRPNE_9L",2015,0,0,1013.9999976678
"11107","Spain",5,"STRPNE_9L",2016,0,0,913.9999983548
"11108","Spain",5,"STRPNE_9L",2017,0,0,1295.99999676
"11109","Spain",5,"STRPNE_9L",2018,0,0,1187.9999977428
"11110","Spain",5,"STRPNE_9L",2019,0.9999999538,0.0808407401616815,1236.999997526
"11111","Spain",5,"STRPNE_9L",2020,0,0,477.999999283
"11112","Spain",5,"STRPNE_9L",2021,0,0,342.9999991425
"11113","Spain",5,"STRPNE_9L",2022,1.552747113,0.109890100461538,1412.9999940654
"11114","Spain",5,"STRPNE_9L",2023,0,0,2316.999995366
"11115","Spain",5,"STRPNE_9L",2024,0,0,2545.999992362
"11116","Spain",5,"STRPNE_9N",2010,18.9999999781,2.02774813425827,936.9999980323
"11117","Spain",5,"STRPNE_9N",2011,15.9999999303,1.68243953336488,950.999998098
"11118","Spain",5,"STRPNE_9N",2012,19.9999999807,1.90294957437678,1050.9999975827
"11119","Spain",5,"STRPNE_9N",2013,28.9999999674,3.00207039750518,965.999997585
"11120","Spain",5,"STRPNE_9N",2014,26.999999954,3.0337078651573,889.999998487
"11121","Spain",5,"STRPNE_9N",2015,47.9999999934,4.73372782088757,1013.9999976678
"11122","Spain",5,"STRPNE_9N",2016,44.9999999384,4.92341356886214,913.9999983548
"11123","Spain",5,"STRPNE_9N",2017,40.9999999104,3.16358024790895,1295.99999676
"11124","Spain",5,"STRPNE_9N",2018,45.9999999756,3.8720538773569,1187.9999977428
"11125","Spain",5,"STRPNE_9N",2019,49.9999999166,4.04203718808407,1236.999997526
"11126","Spain",5,"STRPNE_9N",2020,21.9999999988,4.60251046690377,477.999999283
"11127","Spain",5,"STRPNE_9N",2021,8.999999981,2.62390670655977,342.9999991425
"11128","Spain",5,"STRPNE_9N",2022,38.8186812162,2.74725275153846,1412.9999940654
"11129","Spain",5,"STRPNE_9N",2023,68.5309857099,2.95774647591549,2316.999995366
"11130","Spain",5,"STRPNE_9N",2024,132.2597401374,5.19480520558442,2545.999992362
"11131","Spain",5,"STRPNE_9V",2010,17.9999999398,1.92102454403415,936.9999980323
"11132","Spain",5,"STRPNE_9V",2011,11.9999999715,1.26182965252366,950.999998098
"11133","Spain",5,"STRPNE_9V",2012,19.9999999807,1.90294957437678,1050.9999975827
"11134","Spain",5,"STRPNE_9V",2013,9.9999999288,1.03519668258799,965.999997585
"11135","Spain",5,"STRPNE_9V",2014,12.999999935,1.46067415248315,889.999998487
"11136","Spain",5,"STRPNE_9V",2015,7.9999999482,0.788954631814596,1013.9999976678
"11137","Spain",5,"STRPNE_9V",2016,7.9999999728,0.875273521575492,913.9999983548
"11138","Spain",5,"STRPNE_9V",2017,13.9999999536,1.08024691270062,1295.99999676
"11139","Spain",5,"STRPNE_9V",2018,10.9999999296,0.925925921759259,1187.9999977428
"11140","Spain",5,"STRPNE_9V",2019,11.9999999404,0.970088921940178,1236.999997526
"11141","Spain",5,"STRPNE_9V",2020,6.9999999692,1.46443514219665,477.999999283
"11142","Spain",5,"STRPNE_9V",2021,1.9999999691,0.583090371457726,342.9999991425
"11143","Spain",5,"STRPNE_9V",2022,15.5274724017,1.09890109461538,1412.9999940654
"11144","Spain",5,"STRPNE_9V",2023,9.7901408157,0.422535210845071,2316.999995366
"11145","Spain",5,"STRPNE_9V",2024,20.6655843726,0.811688312435065,2545.999992362
"11146","Spain",5,"STRPNE_NTYP",2010,3.9999999658,0.426894340896478,936.9999980323
"11147","Spain",5,"STRPNE_NTYP",2011,2.9999999691,0.315457410630915,950.999998098
"11148","Spain",5,"STRPNE_NTYP",2012,5.9999999837,0.570884871313035,1050.9999975827
"11149","Spain",5,"STRPNE_NTYP",2013,5.9999999766,0.621118011552795,965.999997585
"11150","Spain",5,"STRPNE_NTYP",2014,3.99999998,0.449438200764045,889.999998487
"11151","Spain",5,"STRPNE_NTYP",2015,7.9999999482,0.788954631814596,1013.9999976678
"11152","Spain",5,"STRPNE_NTYP",2016,3.9999999864,0.437636760787746,913.9999983548
"11153","Spain",5,"STRPNE_NTYP",2017,0,0,1295.99999676
"11154","Spain",5,"STRPNE_NTYP",2018,0,0,1187.9999977428
"11155","Spain",5,"STRPNE_NTYP",2019,0,0,1236.999997526
"11156","Spain",5,"STRPNE_NTYP",2020,0,0,477.999999283
"11157","Spain",5,"STRPNE_NTYP",2021,0,0,342.9999991425
"11158","Spain",5,"STRPNE_NTYP",2022,0,0,1412.9999940654
"11159","Spain",5,"STRPNE_NTYP",2023,39.1605632628,1.69014084338028,2316.999995366
"11160","Spain",5,"STRPNE_NTYP",2024,55.1082249936,2.16450216649351,2545.999992362
"11161","Sweden",1,"STRPNE_1",2023,0,0,104.9999999475
"11162","Sweden",1,"STRPNE_10",2023,0,0,104.9999999475
"11163","Sweden",1,"STRPNE_10A",2023,1.2898550704,1.22843340099517,104.9999999475
"11164","Sweden",1,"STRPNE_10B",2023,0,0,104.9999999475
"11165","Sweden",1,"STRPNE_11A",2023,1.2898550704,1.22843340099517,104.9999999475
"11166","Sweden",1,"STRPNE_11A/D",2023,0,0,104.9999999475
"11167","Sweden",1,"STRPNE_12F",2023,0,0,104.9999999475
"11168","Sweden",1,"STRPNE_12F/B",2023,0,0,104.9999999475
"11169","Sweden",1,"STRPNE_14",2023,1.2898550704,1.22843340099517,104.9999999475
"11170","Sweden",1,"STRPNE_15",2023,0,0,104.9999999475
"11171","Sweden",1,"STRPNE_15A",2023,1.2898550704,1.22843340099517,104.9999999475
"11172","Sweden",1,"STRPNE_15B",2023,1.0666666656,1.01587301536508,104.9999999475
"11173","Sweden",1,"STRPNE_15B/C",2023,0,0,104.9999999475
"11174","Sweden",1,"STRPNE_15C",2023,1.2898550704,1.22843340099517,104.9999999475
"11175","Sweden",1,"STRPNE_15F",2023,0,0,104.9999999475
"11176","Sweden",1,"STRPNE_16F",2023,1.2898550704,1.22843340099517,104.9999999475
"11177","Sweden",1,"STRPNE_17F",2023,1.2898550704,1.22843340099517,104.9999999475
"11178","Sweden",1,"STRPNE_18B",2023,0,0,104.9999999475
"11179","Sweden",1,"STRPNE_18C",2023,0,0,104.9999999475
"11180","Sweden",1,"STRPNE_19A",2023,59.2840579665,56.4610076153734,104.9999999475
"11181","Sweden",1,"STRPNE_19F",2023,1.2898550704,1.22843340099517,104.9999999475
"11182","Sweden",1,"STRPNE_20",2023,0,0,104.9999999475
"11183","Sweden",1,"STRPNE_21",2023,0,0,104.9999999475
"11184","Sweden",1,"STRPNE_22A",2023,0,0,104.9999999475
"11185","Sweden",1,"STRPNE_22F",2023,1.0666666656,1.01587301536508,104.9999999475
"11186","Sweden",1,"STRPNE_23A",2023,1.2898550704,1.22843340099517,104.9999999475
"11187","Sweden",1,"STRPNE_23B",2023,2.5797101408,2.45686680199034,104.9999999475
"11188","Sweden",1,"STRPNE_23F",2023,0,0,104.9999999475
"11189","Sweden",1,"STRPNE_24",2023,0,0,104.9999999475
"11190","Sweden",1,"STRPNE_24A",2023,0,0,104.9999999475
"11191","Sweden",1,"STRPNE_24B",2023,0,0,104.9999999475
"11192","Sweden",1,"STRPNE_24F",2023,0,0,104.9999999475
"11193","Sweden",1,"STRPNE_25A",2023,0,0,104.9999999475
"11194","Sweden",1,"STRPNE_27",2023,0,0,104.9999999475
"11195","Sweden",1,"STRPNE_28F",2023,1.2898550704,1.22843340099517,104.9999999475
"11196","Sweden",1,"STRPNE_29",2023,1.0666666656,1.01587301536508,104.9999999475
"11197","Sweden",1,"STRPNE_3",2023,17.6115941954,16.7729468611484,104.9999999475
"11198","Sweden",1,"STRPNE_31",2023,1.0666666656,1.01587301536508,104.9999999475
"11199","Sweden",1,"STRPNE_33C",2023,0,0,104.9999999475
"11200","Sweden",1,"STRPNE_33F",2023,1.0666666656,1.01587301536508,104.9999999475
"11201","Sweden",1,"STRPNE_35",2023,0,0,104.9999999475
"11202","Sweden",1,"STRPNE_35A",2023,0,0,104.9999999475
"11203","Sweden",1,"STRPNE_35B",2023,0,0,104.9999999475
"11204","Sweden",1,"STRPNE_35F",2023,1.2898550704,1.22843340099517,104.9999999475
"11205","Sweden",1,"STRPNE_37",2023,0,0,104.9999999475
"11206","Sweden",1,"STRPNE_38",2023,1.2898550704,1.22843340099517,104.9999999475
"11207","Sweden",1,"STRPNE_4",2023,0,0,104.9999999475
"11208","Sweden",1,"STRPNE_40",2023,0,0,104.9999999475
"11209","Sweden",1,"STRPNE_6A",2023,0,0,104.9999999475
"11210","Sweden",1,"STRPNE_6B",2023,0,0,104.9999999475
"11211","Sweden",1,"STRPNE_6C",2023,1.0666666656,1.01587301536508,104.9999999475
"11212","Sweden",1,"STRPNE_7A",2023,1.2898550704,1.22843340099517,104.9999999475
"11213","Sweden",1,"STRPNE_7C",2023,0,0,104.9999999475
"11214","Sweden",1,"STRPNE_8",2023,2.356521736,2.24430641636025,104.9999999475
"11215","Sweden",1,"STRPNE_9",2023,0,0,104.9999999475
"11216","Sweden",1,"STRPNE_9N",2023,0,0,104.9999999475
"11217","Sweden",1,"STRPNE_NTYP",2023,0,0,104.9999999475
"11218","Sweden",5,"STRPNE_1",2011,4.2616278422,0.581395340988372,732.9999987539
"11219","Sweden",5,"STRPNE_1",2012,9.165487932,1.13154172316832,809.999997732
"11220","Sweden",5,"STRPNE_1",2013,4.1109642924,0.528401581109643,777.9999983662
"11221","Sweden",5,"STRPNE_1",2014,2.0906514918,0.283286110793201,737.9999979336
"11222","Sweden",5,"STRPNE_1",2015,1.0498033359,0.131061590288336,800.9999982378
"11223","Sweden",5,"STRPNE_1",2016,1.0409637888,0.120481920192771,863.9999986176
"11224","Sweden",5,"STRPNE_1",2017,2.064825858,0.24009603060024,859.99999785
"11225","Sweden",5,"STRPNE_1",2018,0,0,852.9999999147
"11226","Sweden",5,"STRPNE_1",2019,1.0828105013,0.125470510351317,862.9999975836
"11227","Sweden",5,"STRPNE_1",2020,0,0,370.999999258
"11228","Sweden",5,"STRPNE_1",2021,0,0,406.9999994302
"11229","Sweden",5,"STRPNE_1",2022,0,0,719.999998416
"11230","Sweden",5,"STRPNE_1",2023,2.1069100152,0.260756190599739,807.9999981416
"11231","Sweden",5,"STRPNE_1",2024,0,0,787.9999981876
"11232","Sweden",5,"STRPNE_10",2011,0,0,732.9999987539
"11233","Sweden",5,"STRPNE_10",2012,1.145685951,0.14144271039604,809.999997732
"11234","Sweden",5,"STRPNE_10",2013,0,0,777.9999983662
"11235","Sweden",5,"STRPNE_10",2014,0,0,737.9999979336
"11236","Sweden",5,"STRPNE_10",2015,0,0,800.9999982378
"11237","Sweden",5,"STRPNE_10",2016,0,0,863.9999986176
"11238","Sweden",5,"STRPNE_10",2018,0,0,852.9999999147
"11239","Sweden",5,"STRPNE_10",2019,0,0,862.9999975836
"11240","Sweden",5,"STRPNE_10",2020,0,0,370.999999258
"11241","Sweden",5,"STRPNE_10",2022,0,0,719.999998416
"11242","Sweden",5,"STRPNE_10",2023,0,0,807.9999981416
"11243","Sweden",5,"STRPNE_10",2024,0,0,787.9999981876
"11244","Sweden",5,"STRPNE_10A",2011,11.719476676,1.59883720271802,732.9999987539
"11245","Sweden",5,"STRPNE_10A",2012,13.748231898,1.69731258475248,809.999997732
"11246","Sweden",5,"STRPNE_10A",2013,16.4438573252,2.11360634443857,777.9999983662
"11247","Sweden",5,"STRPNE_10A",2014,21.9518412912,2.97450424832861,737.9999979336
"11248","Sweden",5,"STRPNE_10A",2015,34.6435124076,4.32503276951507,800.9999982378
"11249","Sweden",5,"STRPNE_10A",2016,26.0240963616,3.01204819481928,863.9999986176
"11250","Sweden",5,"STRPNE_10A",2017,21.68067224,2.52100840630252,859.99999785
"11251","Sweden",5,"STRPNE_10A",2018,20.984009838,2.460024600246,852.9999999147
"11252","Sweden",5,"STRPNE_10A",2019,19.4905896275,2.25846925632371,862.9999975836
"11253","Sweden",5,"STRPNE_10A",2020,9.6782608615,2.60869565521739,370.999999258
"11254","Sweden",5,"STRPNE_10A",2021,12.2657534241,3.01369863421918,406.9999994302
"11255","Sweden",5,"STRPNE_10A",2022,22.202643168,3.08370044678414,719.999998416
"11256","Sweden",5,"STRPNE_10A",2023,18.9621902984,2.34680573539765,807.9999981416
"11257","Sweden",5,"STRPNE_10A",2024,18.9625668268,2.40641711553476,787.9999981876
"11258","Sweden",5,"STRPNE_10B",2011,0,0,732.9999987539
"11259","Sweden",5,"STRPNE_10B",2012,0,0,809.999997732
"11260","Sweden",5,"STRPNE_10B",2013,1.0277410342,0.132100390277411,777.9999983662
"11261","Sweden",5,"STRPNE_10B",2014,1.045325709,0.1416430503966,737.9999979336
"11262","Sweden",5,"STRPNE_10B",2015,1.0498033359,0.131061590288336,800.9999982378
"11263","Sweden",5,"STRPNE_10B",2016,0,0,863.9999986176
"11264","Sweden",5,"STRPNE_10B",2017,2.064825858,0.24009603060024,859.99999785
"11265","Sweden",5,"STRPNE_10B",2018,0,0,852.9999999147
"11266","Sweden",5,"STRPNE_10B",2019,1.0828105013,0.125470510351317,862.9999975836
"11267","Sweden",5,"STRPNE_10B",2020,1.0753623097,0.28985507057971,370.999999258
"11268","Sweden",5,"STRPNE_10B",2021,0,0,406.9999994302
"11269","Sweden",5,"STRPNE_10B",2022,0,0,719.999998416
"11270","Sweden",5,"STRPNE_10B",2023,1.0534549672,0.13037809029987,807.9999981416
"11271","Sweden",5,"STRPNE_10B",2024,1.0534758604,0.133689830307487,787.9999981876
"11272","Sweden",5,"STRPNE_10C",2013,0,0,777.9999983662
"11273","Sweden",5,"STRPNE_10C",2017,0,0,859.99999785
"11274","Sweden",5,"STRPNE_10C",2018,0,0,852.9999999147
"11275","Sweden",5,"STRPNE_10C",2020,0,0,370.999999258
"11276","Sweden",5,"STRPNE_10C",2022,0,0,719.999998416
"11277","Sweden",5,"STRPNE_10C",2023,0,0,807.9999981416
"11278","Sweden",5,"STRPNE_10F",2011,0,0,732.9999987539
"11279","Sweden",5,"STRPNE_10F",2012,0,0,809.999997732
"11280","Sweden",5,"STRPNE_10F",2013,1.0277410342,0.132100390277411,777.9999983662
"11281","Sweden",5,"STRPNE_10F",2014,0,0,737.9999979336
"11282","Sweden",5,"STRPNE_10F",2015,1.0498033359,0.131061590288336,800.9999982378
"11283","Sweden",5,"STRPNE_10F",2016,0,0,863.9999986176
"11284","Sweden",5,"STRPNE_10F",2017,0,0,859.99999785
"11285","Sweden",5,"STRPNE_10F",2018,0,0,852.9999999147
"11286","Sweden",5,"STRPNE_10F",2019,1.0828105013,0.125470510351317,862.9999975836
"11287","Sweden",5,"STRPNE_10F",2020,0,0,370.999999258
"11288","Sweden",5,"STRPNE_10F",2021,0,0,406.9999994302
"11289","Sweden",5,"STRPNE_10F",2024,0,0,787.9999981876
"11290","Sweden",5,"STRPNE_11",2011,0,0,732.9999987539
"11291","Sweden",5,"STRPNE_11",2012,1.145685951,0.14144271039604,809.999997732
"11292","Sweden",5,"STRPNE_11",2013,0,0,777.9999983662
"11293","Sweden",5,"STRPNE_11",2014,0,0,737.9999979336
"11294","Sweden",5,"STRPNE_11",2015,0,0,800.9999982378
"11295","Sweden",5,"STRPNE_11",2016,0,0,863.9999986176
"11296","Sweden",5,"STRPNE_11",2017,0,0,859.99999785
"11297","Sweden",5,"STRPNE_11",2019,0,0,862.9999975836
"11298","Sweden",5,"STRPNE_11",2021,0,0,406.9999994302
"11299","Sweden",5,"STRPNE_11",2022,0,0,719.999998416
"11300","Sweden",5,"STRPNE_11",2023,0,0,807.9999981416
"11301","Sweden",5,"STRPNE_11",2024,0,0,787.9999981876
"11302","Sweden",5,"STRPNE_11A",2011,20.242732507,2.76162790469477,732.9999987539
"11303","Sweden",5,"STRPNE_11A",2012,32.079207843,3.96039604108911,809.999997732
"11304","Sweden",5,"STRPNE_11A",2013,36.9986789428,4.75561426998679,777.9999983662
"11305","Sweden",5,"STRPNE_11A",2014,22.997167074,3.11614730872521,737.9999979336
"11306","Sweden",5,"STRPNE_11A",2015,28.3446919917,3.53866317778506,800.9999982378
"11307","Sweden",5,"STRPNE_11A",2016,30.187951776,3.49397590559036,863.9999986176
"11308","Sweden",5,"STRPNE_11A",2017,29.93997593,3.48139255870348,859.99999785
"11309","Sweden",5,"STRPNE_11A",2018,16.7872078704,1.9680196801968,852.9999999147
"11310","Sweden",5,"STRPNE_11A",2019,34.6499372498,4.01505647124216,862.9999975836
"11311","Sweden",5,"STRPNE_11A",2020,7.527536205,2.02898550405797,370.999999258
"11312","Sweden",5,"STRPNE_11A",2021,20.0712328388,4.93150684690411,406.9999994302
"11313","Sweden",5,"STRPNE_11A",2022,20.088105696,2.79001468613803,719.999998416
"11314","Sweden",5,"STRPNE_11A",2023,33.7105605664,4.17209908959583,807.9999981416
"11315","Sweden",5,"STRPNE_11A",2024,27.3903742616,3.47593582799465,787.9999981876
"11316","Sweden",5,"STRPNE_11A/D",2023,0,0,807.9999981416
"11317","Sweden",5,"STRPNE_11B",2011,0,0,732.9999987539
"11318","Sweden",5,"STRPNE_11B",2013,0,0,777.9999983662
"11319","Sweden",5,"STRPNE_11B",2014,1.045325709,0.1416430503966,737.9999979336
"11320","Sweden",5,"STRPNE_11B",2015,0,0,800.9999982378
"11321","Sweden",5,"STRPNE_11B",2016,1.0409637888,0.120481920192771,863.9999986176
"11322","Sweden",5,"STRPNE_11B",2017,0,0,859.99999785
"11323","Sweden",5,"STRPNE_11B",2018,0,0,852.9999999147
"11324","Sweden",5,"STRPNE_11B",2019,0,0,862.9999975836
"11325","Sweden",5,"STRPNE_11B",2020,0,0,370.999999258
"11326","Sweden",5,"STRPNE_11B",2022,0,0,719.999998416
"11327","Sweden",5,"STRPNE_11B",2023,0,0,807.9999981416
"11328","Sweden",5,"STRPNE_11B",2024,0,0,787.9999981876
"11329","Sweden",5,"STRPNE_11C",2011,0,0,732.9999987539
"11330","Sweden",5,"STRPNE_11C",2012,0,0,809.999997732
"11331","Sweden",5,"STRPNE_11C",2013,0,0,777.9999983662
"11332","Sweden",5,"STRPNE_11C",2014,0,0,737.9999979336
"11333","Sweden",5,"STRPNE_11C",2015,0,0,800.9999982378
"11334","Sweden",5,"STRPNE_11C",2016,0,0,863.9999986176
"11335","Sweden",5,"STRPNE_11C",2017,0,0,859.99999785
"11336","Sweden",5,"STRPNE_11C",2018,2.0984009838,0.2460024600246,852.9999999147
"11337","Sweden",5,"STRPNE_11C",2021,0,0,406.9999994302
"11338","Sweden",5,"STRPNE_11C",2023,0,0,807.9999981416
"11339","Sweden",5,"STRPNE_11D",2011,0,0,732.9999987539
"11340","Sweden",5,"STRPNE_11D",2015,0,0,800.9999982378
"11341","Sweden",5,"STRPNE_11D",2017,0,0,859.99999785
"11342","Sweden",5,"STRPNE_11D",2018,0,0,852.9999999147
"11343","Sweden",5,"STRPNE_11D",2019,0,0,862.9999975836
"11344","Sweden",5,"STRPNE_11D",2020,0,0,370.999999258
"11345","Sweden",5,"STRPNE_11D",2021,1.115068482,0.273972600383562,406.9999994302
"11346","Sweden",5,"STRPNE_11D",2022,0,0,719.999998416
"11347","Sweden",5,"STRPNE_11D",2023,0,0,807.9999981416
"11348","Sweden",5,"STRPNE_11D",2024,0,0,787.9999981876
"11349","Sweden",5,"STRPNE_11E",2019,0,0,862.9999975836
"11350","Sweden",5,"STRPNE_11E",2022,0,0,719.999998416
"11351","Sweden",5,"STRPNE_11E",2024,0,0,787.9999981876
"11352","Sweden",5,"STRPNE_11F",2011,0,0,732.9999987539
"11353","Sweden",5,"STRPNE_11F",2012,0,0,809.999997732
"11354","Sweden",5,"STRPNE_11F",2018,0,0,852.9999999147
"11355","Sweden",5,"STRPNE_11F",2024,0,0,787.9999981876
"11356","Sweden",5,"STRPNE_12",2011,0,0,732.9999987539
"11357","Sweden",5,"STRPNE_12",2012,0,0,809.999997732
"11358","Sweden",5,"STRPNE_12",2013,0,0,777.9999983662
"11359","Sweden",5,"STRPNE_12",2014,0,0,737.9999979336
"11360","Sweden",5,"STRPNE_12",2015,0,0,800.9999982378
"11361","Sweden",5,"STRPNE_12",2016,0,0,863.9999986176
"11362","Sweden",5,"STRPNE_12",2017,0,0,859.99999785
"11363","Sweden",5,"STRPNE_12",2018,0,0,852.9999999147
"11364","Sweden",5,"STRPNE_12",2019,0,0,862.9999975836
"11365","Sweden",5,"STRPNE_12",2022,0,0,719.999998416
"11366","Sweden",5,"STRPNE_12",2024,0,0,787.9999981876
"11367","Sweden",5,"STRPNE_12A",2012,0,0,809.999997732
"11368","Sweden",5,"STRPNE_12A",2013,0,0,777.9999983662
"11369","Sweden",5,"STRPNE_12A",2015,0,0,800.9999982378
"11370","Sweden",5,"STRPNE_12A",2017,0,0,859.99999785
"11371","Sweden",5,"STRPNE_12A",2018,0,0,852.9999999147
"11372","Sweden",5,"STRPNE_12A",2022,0,0,719.999998416
"11373","Sweden",5,"STRPNE_12A",2023,0,0,807.9999981416
"11374","Sweden",5,"STRPNE_12A",2024,0,0,787.9999981876
"11375","Sweden",5,"STRPNE_12B",2011,0,0,732.9999987539
"11376","Sweden",5,"STRPNE_12B",2012,0,0,809.999997732
"11377","Sweden",5,"STRPNE_12B",2013,0,0,777.9999983662
"11378","Sweden",5,"STRPNE_12B",2014,0,0,737.9999979336
"11379","Sweden",5,"STRPNE_12B",2015,0,0,800.9999982378
"11380","Sweden",5,"STRPNE_12B",2016,0,0,863.9999986176
"11381","Sweden",5,"STRPNE_12B",2017,0,0,859.99999785
"11382","Sweden",5,"STRPNE_12B",2018,0,0,852.9999999147
"11383","Sweden",5,"STRPNE_12B",2019,0,0,862.9999975836
"11384","Sweden",5,"STRPNE_12B",2020,0,0,370.999999258
"11385","Sweden",5,"STRPNE_12B",2021,0,0,406.9999994302
"11386","Sweden",5,"STRPNE_12B",2022,0,0,719.999998416
"11387","Sweden",5,"STRPNE_12B",2023,0,0,807.9999981416
"11388","Sweden",5,"STRPNE_12B",2024,0,0,787.9999981876
"11389","Sweden",5,"STRPNE_12F",2011,3.1962209183,0.436046510741279,732.9999987539
"11390","Sweden",5,"STRPNE_12F",2012,4.582743966,0.565770861584158,809.999997732
"11391","Sweden",5,"STRPNE_12F",2013,7.1941875506,0.924702771941876,777.9999983662
"11392","Sweden",5,"STRPNE_12F",2014,8.3626061886,1.1331444731728,737.9999979336
"11393","Sweden",5,"STRPNE_12F",2015,10.4980339998,1.31061598288336,800.9999982378
"11394","Sweden",5,"STRPNE_12F",2016,31.2289156512,3.61445783578313,863.9999986176
"11395","Sweden",5,"STRPNE_12F",2017,17.551020352,2.04081632510204,859.99999785
"11396","Sweden",5,"STRPNE_12F",2018,18.8856088542,2.2140221402214,852.9999999147
"11397","Sweden",5,"STRPNE_12F",2019,17.3249686249,2.00752823562108,862.9999975836
"11398","Sweden",5,"STRPNE_12F",2020,2.1507246194,0.57971014115942,370.999999258
"11399","Sweden",5,"STRPNE_12F",2021,4.4602739687,1.09589041153425,406.9999994302
"11400","Sweden",5,"STRPNE_12F",2022,1.057268664,0.146842870323054,719.999998416
"11401","Sweden",5,"STRPNE_12F",2023,0,0,807.9999981416
"11402","Sweden",5,"STRPNE_12F",2024,0,0,787.9999981876
"11403","Sweden",5,"STRPNE_13",2011,0,0,732.9999987539
"11404","Sweden",5,"STRPNE_13",2012,1.145685951,0.14144271039604,809.999997732
"11405","Sweden",5,"STRPNE_13",2013,0,0,777.9999983662
"11406","Sweden",5,"STRPNE_13",2014,0,0,737.9999979336
"11407","Sweden",5,"STRPNE_13",2015,1.0498033359,0.131061590288336,800.9999982378
"11408","Sweden",5,"STRPNE_13",2016,0,0,863.9999986176
"11409","Sweden",5,"STRPNE_13",2017,0,0,859.99999785
"11410","Sweden",5,"STRPNE_13",2018,0,0,852.9999999147
"11411","Sweden",5,"STRPNE_13",2019,0,0,862.9999975836
"11412","Sweden",5,"STRPNE_13",2020,0,0,370.999999258
"11413","Sweden",5,"STRPNE_13",2021,1.115068482,0.273972600383562,406.9999994302
"11414","Sweden",5,"STRPNE_13",2022,0,0,719.999998416
"11415","Sweden",5,"STRPNE_13",2023,1.0534549672,0.13037809029987,807.9999981416
"11416","Sweden",5,"STRPNE_13",2024,0,0,787.9999981876
"11417","Sweden",5,"STRPNE_14",2011,33.0276162535,4.50581395765988,732.9999987539
"11418","Sweden",5,"STRPNE_14",2012,19.476661896,2.40452616673267,809.999997732
"11419","Sweden",5,"STRPNE_14",2013,7.1941875506,0.924702771941876,777.9999983662
"11420","Sweden",5,"STRPNE_14",2014,12.5439093198,1.69971671475921,737.9999979336
"11421","Sweden",5,"STRPNE_14",2015,7.3486238319,0.917431192018349,800.9999982378
"11422","Sweden",5,"STRPNE_14",2016,1.0409637888,0.120481920192771,863.9999986176
"11423","Sweden",5,"STRPNE_14",2017,4.129651802,0.48019207120048,859.99999785
"11424","Sweden",5,"STRPNE_14",2018,4.1968019676,0.4920049200492,852.9999999147
"11425","Sweden",5,"STRPNE_14",2019,3.2484315902,0.376411541053952,862.9999975836
"11426","Sweden",5,"STRPNE_14",2020,2.1507246194,0.57971014115942,370.999999258
"11427","Sweden",5,"STRPNE_14",2021,0,0,406.9999994302
"11428","Sweden",5,"STRPNE_14",2022,1.057268664,0.146842870323054,719.999998416
"11429","Sweden",5,"STRPNE_14",2023,1.0534549672,0.13037809029987,807.9999981416
"11430","Sweden",5,"STRPNE_14",2024,0,0,787.9999981876
"11431","Sweden",5,"STRPNE_15",2011,0,0,732.9999987539
"11432","Sweden",5,"STRPNE_15",2012,2.291371983,0.282885430792079,809.999997732
"11433","Sweden",5,"STRPNE_15",2013,0,0,777.9999983662
"11434","Sweden",5,"STRPNE_15",2014,0,0,737.9999979336
"11435","Sweden",5,"STRPNE_15",2015,0,0,800.9999982378
"11436","Sweden",5,"STRPNE_15",2016,0,0,863.9999986176
"11437","Sweden",5,"STRPNE_15",2017,0,0,859.99999785
"11438","Sweden",5,"STRPNE_15",2018,0,0,852.9999999147
"11439","Sweden",5,"STRPNE_15",2019,0,0,862.9999975836
"11440","Sweden",5,"STRPNE_15",2020,0,0,370.999999258
"11441","Sweden",5,"STRPNE_15",2021,0,0,406.9999994302
"11442","Sweden",5,"STRPNE_15",2022,0,0,719.999998416
"11443","Sweden",5,"STRPNE_15",2023,0,0,807.9999981416
"11444","Sweden",5,"STRPNE_15",2024,0,0,787.9999981876
"11445","Sweden",5,"STRPNE_15A",2011,1.0654069239,0.145348830247093,732.9999987539
"11446","Sweden",5,"STRPNE_15A",2012,5.728429917,0.707213571980198,809.999997732
"11447","Sweden",5,"STRPNE_15A",2013,12.332892955,1.58520475332893,777.9999983662
"11448","Sweden",5,"STRPNE_15A",2014,11.498583537,1.55807365436261,737.9999979336
"11449","Sweden",5,"STRPNE_15A",2015,16.7968544958,2.09698558461337,800.9999982378
"11450","Sweden",5,"STRPNE_15A",2016,35.3927710656,4.09638554655422,863.9999986176
"11451","Sweden",5,"STRPNE_15A",2017,40.264105564,4.68187275170468,859.99999785
"11452","Sweden",5,"STRPNE_15A",2018,49.3124231193,5.78105781057811,852.9999999147
"11453","Sweden",5,"STRPNE_15A",2019,61.7202007316,7.15181934002509,862.9999975836
"11454","Sweden",5,"STRPNE_15A",2020,23.6579709989,6.37681160275362,370.999999258
"11455","Sweden",5,"STRPNE_15A",2021,15.6109588701,3.83561643536986,406.9999994302
"11456","Sweden",5,"STRPNE_15A",2022,32.775330384,4.55212923001468,719.999998416
"11457","Sweden",5,"STRPNE_15A",2023,44.245110804,5.47588006259452,807.9999981416
"11458","Sweden",5,"STRPNE_15A",2024,35.8181817752,4.54545455045455,787.9999981876
"11459","Sweden",5,"STRPNE_15B",2011,10.6540697521,1.45348837247093,732.9999987539
"11460","Sweden",5,"STRPNE_15B",2012,18.330975945,2.26308345633663,809.999997732
"11461","Sweden",5,"STRPNE_15B",2013,16.4438573252,2.11360634443857,777.9999983662
"11462","Sweden",5,"STRPNE_15B",2014,10.4532577542,1.41643059396601,737.9999979336
"11463","Sweden",5,"STRPNE_15B",2015,12.5976408318,1.57273918346003,800.9999982378
"11464","Sweden",5,"STRPNE_15B",2016,15.6144577824,1.80722891289157,863.9999986176
"11465","Sweden",5,"STRPNE_15B",2017,16.51860738,1.92076830480192,859.99999785
"11466","Sweden",5,"STRPNE_15B",2018,6.2952029514,0.738007380073801,852.9999999147
"11467","Sweden",5,"STRPNE_15B",2019,18.4077791262,2.1329987459724,862.9999975836
"11468","Sweden",5,"STRPNE_15B",2020,10.7536231712,2.8985507257971,370.999999258
"11469","Sweden",5,"STRPNE_15B",2021,7.8054794147,1.91780821268493,406.9999994302
"11470","Sweden",5,"STRPNE_15B",2022,19.03083696,2.64317180581498,719.999998416
"11471","Sweden",5,"STRPNE_15B",2023,10.5345501568,1.3037809629987,807.9999981416
"11472","Sweden",5,"STRPNE_15B",2024,9.481283374,1.20320855276738,787.9999981876
"11473","Sweden",5,"STRPNE_15B/C",2012,0,0,809.999997732
"11474","Sweden",5,"STRPNE_15B/C",2013,0,0,777.9999983662
"11475","Sweden",5,"STRPNE_15B/C",2014,0,0,737.9999979336
"11476","Sweden",5,"STRPNE_15B/C",2015,0,0,800.9999982378
"11477","Sweden",5,"STRPNE_15B/C",2016,0,0,863.9999986176
"11478","Sweden",5,"STRPNE_15B/C",2017,0,0,859.99999785
"11479","Sweden",5,"STRPNE_15B/C",2018,0,0,852.9999999147
"11480","Sweden",5,"STRPNE_15B/C",2019,0,0,862.9999975836
"11481","Sweden",5,"STRPNE_15B/C",2020,0,0,370.999999258
"11482","Sweden",5,"STRPNE_15B/C",2021,0,0,406.9999994302
"11483","Sweden",5,"STRPNE_15B/C",2022,0,0,719.999998416
"11484","Sweden",5,"STRPNE_15B/C",2023,0,0,807.9999981416
"11485","Sweden",5,"STRPNE_15B/C",2024,0,0,787.9999981876
"11486","Sweden",5,"STRPNE_15C",2011,12.7848836732,1.74418604296512,732.9999987539
"11487","Sweden",5,"STRPNE_15C",2012,8.0198019,0.990099002772277,809.999997732
"11488","Sweden",5,"STRPNE_15C",2013,9.2496696968,1.1889035624967,777.9999983662
"11489","Sweden",5,"STRPNE_15C",2014,11.498583537,1.55807365436261,737.9999979336
"11490","Sweden",5,"STRPNE_15C",2015,10.4980339998,1.31061598288336,800.9999982378
"11491","Sweden",5,"STRPNE_15C",2016,9.3686746176,1.08433734173494,863.9999986176
"11492","Sweden",5,"STRPNE_15C",2017,11.356542606,1.32052821330132,859.99999785
"11493","Sweden",5,"STRPNE_15C",2018,8.3936039352,0.984009840098401,852.9999999147
"11494","Sweden",5,"STRPNE_15C",2019,14.0765369484,1.63111668456713,862.9999975836
"11495","Sweden",5,"STRPNE_15C",2020,3.2260869291,0.86956521173913,370.999999258
"11496","Sweden",5,"STRPNE_15C",2021,2.230136964,0.547945200767123,406.9999994302
"11497","Sweden",5,"STRPNE_15C",2022,13.744493352,1.90895741419971,719.999998416
"11498","Sweden",5,"STRPNE_15C",2023,12.641460172,1.56453715359844,807.9999981416
"11499","Sweden",5,"STRPNE_15C",2024,6.3208555564,0.80213903184492,787.9999981876
"11500","Sweden",5,"STRPNE_15F",2011,0,0,732.9999987539
"11501","Sweden",5,"STRPNE_15F",2012,1.145685951,0.14144271039604,809.999997732
"11502","Sweden",5,"STRPNE_15F",2013,1.0277410342,0.132100390277411,777.9999983662
"11503","Sweden",5,"STRPNE_15F",2014,0,0,737.9999979336
"11504","Sweden",5,"STRPNE_15F",2015,0,0,800.9999982378
"11505","Sweden",5,"STRPNE_15F",2016,0,0,863.9999986176
"11506","Sweden",5,"STRPNE_15F",2017,0,0,859.99999785
"11507","Sweden",5,"STRPNE_15F",2018,0,0,852.9999999147
"11508","Sweden",5,"STRPNE_15F",2021,0,0,406.9999994302
"11509","Sweden",5,"STRPNE_15F",2022,0,0,719.999998416
"11510","Sweden",5,"STRPNE_15F",2023,1.0534549672,0.13037809029987,807.9999981416
"11511","Sweden",5,"STRPNE_15F",2024,0,0,787.9999981876
"11512","Sweden",5,"STRPNE_16",2011,0,0,732.9999987539
"11513","Sweden",5,"STRPNE_16",2012,0,0,809.999997732
"11514","Sweden",5,"STRPNE_16",2013,0,0,777.9999983662
"11515","Sweden",5,"STRPNE_16",2014,0,0,737.9999979336
"11516","Sweden",5,"STRPNE_16",2016,0,0,863.9999986176
"11517","Sweden",5,"STRPNE_16",2017,0,0,859.99999785
"11518","Sweden",5,"STRPNE_16",2018,0,0,852.9999999147
"11519","Sweden",5,"STRPNE_16",2019,0,0,862.9999975836
"11520","Sweden",5,"STRPNE_16",2022,0,0,719.999998416
"11521","Sweden",5,"STRPNE_16",2023,0,0,807.9999981416
"11522","Sweden",5,"STRPNE_16",2024,0,0,787.9999981876
"11523","Sweden",5,"STRPNE_16A",2013,0,0,777.9999983662
"11524","Sweden",5,"STRPNE_16A",2014,0,0,737.9999979336
"11525","Sweden",5,"STRPNE_16A",2015,0,0,800.9999982378
"11526","Sweden",5,"STRPNE_16A",2017,0,0,859.99999785
"11527","Sweden",5,"STRPNE_16A",2018,0,0,852.9999999147
"11528","Sweden",5,"STRPNE_16A",2019,0,0,862.9999975836
"11529","Sweden",5,"STRPNE_16A",2021,0,0,406.9999994302
"11530","Sweden",5,"STRPNE_16A",2022,0,0,719.999998416
"11531","Sweden",5,"STRPNE_16A",2023,0,0,807.9999981416
"11532","Sweden",5,"STRPNE_16A",2024,0,0,787.9999981876
"11533","Sweden",5,"STRPNE_16F",2011,9.5886627549,1.30813953222384,732.9999987539
"11534","Sweden",5,"STRPNE_16F",2012,8.0198019,0.990099002772277,809.999997732
"11535","Sweden",5,"STRPNE_16F",2013,11.305151843,1.45310435305152,777.9999983662
"11536","Sweden",5,"STRPNE_16F",2014,14.6345608854,1.98300283555241,737.9999979336
"11537","Sweden",5,"STRPNE_16F",2015,18.8964613278,2.35910878519004,800.9999982378
"11538","Sweden",5,"STRPNE_16F",2016,16.6554216576,1.92771084308434,863.9999986176
"11539","Sweden",5,"STRPNE_16F",2017,16.51860738,1.92076830480192,859.99999785
"11540","Sweden",5,"STRPNE_16F",2018,17.8364083623,2.0910209102091,852.9999999147
"11541","Sweden",5,"STRPNE_16F",2019,16.2421580373,1.88205771526976,862.9999975836
"11542","Sweden",5,"STRPNE_16F",2020,5.3768115856,1.44927536289855,370.999999258
"11543","Sweden",5,"STRPNE_16F",2021,11.1506849014,2.73972602383562,406.9999994302
"11544","Sweden",5,"STRPNE_16F",2022,8.458149744,1.17474302258443,719.999998416
"11545","Sweden",5,"STRPNE_16F",2023,5.2672750784,0.651890481499348,807.9999981416
"11546","Sweden",5,"STRPNE_16F",2024,12.6417111916,1.60427807368984,787.9999981876
"11547","Sweden",5,"STRPNE_17",2011,0,0,732.9999987539
"11548","Sweden",5,"STRPNE_17",2012,0,0,809.999997732
"11549","Sweden",5,"STRPNE_17",2013,0,0,777.9999983662
"11550","Sweden",5,"STRPNE_17",2014,0,0,737.9999979336
"11551","Sweden",5,"STRPNE_17",2017,0,0,859.99999785
"11552","Sweden",5,"STRPNE_17",2022,1.057268664,0.146842870323054,719.999998416
"11553","Sweden",5,"STRPNE_17A",2011,0,0,732.9999987539
"11554","Sweden",5,"STRPNE_17A",2012,0,0,809.999997732
"11555","Sweden",5,"STRPNE_17A",2013,0,0,777.9999983662
"11556","Sweden",5,"STRPNE_17A",2014,1.045325709,0.1416430503966,737.9999979336
"11557","Sweden",5,"STRPNE_17A",2015,0,0,800.9999982378
"11558","Sweden",5,"STRPNE_17A",2016,0,0,863.9999986176
"11559","Sweden",5,"STRPNE_17A",2017,0,0,859.99999785
"11560","Sweden",5,"STRPNE_17A",2018,0,0,852.9999999147
"11561","Sweden",5,"STRPNE_17A",2019,1.0828105013,0.125470510351317,862.9999975836
"11562","Sweden",5,"STRPNE_17A",2020,0,0,370.999999258
"11563","Sweden",5,"STRPNE_17A",2021,0,0,406.9999994302
"11564","Sweden",5,"STRPNE_17A",2022,0,0,719.999998416
"11565","Sweden",5,"STRPNE_17A",2023,0,0,807.9999981416
"11566","Sweden",5,"STRPNE_17A",2024,0,0,787.9999981876
"11567","Sweden",5,"STRPNE_17A/35B/C",2023,0,0,807.9999981416
"11568","Sweden",5,"STRPNE_17F",2011,3.1962209183,0.436046510741279,732.9999987539
"11569","Sweden",5,"STRPNE_17F",2012,2.291371983,0.282885430792079,809.999997732
"11570","Sweden",5,"STRPNE_17F",2013,3.0832231804,0.396301180832232,777.9999983662
"11571","Sweden",5,"STRPNE_17F",2014,4.1813030574,0.566572231586402,737.9999979336
"11572","Sweden",5,"STRPNE_17F",2015,8.3984272479,1.04849279230668,800.9999982378
"11573","Sweden",5,"STRPNE_17F",2016,5.2048192032,0.602409630963855,863.9999986176
"11574","Sweden",5,"STRPNE_17F",2017,8.25930369,0.960384152400961,859.99999785
"11575","Sweden",5,"STRPNE_17F",2018,12.5904059028,1.4760147601476,852.9999999147
"11576","Sweden",5,"STRPNE_17F",2019,11.9109158595,1.38017565386449,862.9999975836
"11577","Sweden",5,"STRPNE_17F",2020,7.527536205,2.02898550405797,370.999999258
"11578","Sweden",5,"STRPNE_17F",2021,10.0356164194,2.46575342345205,406.9999994302
"11579","Sweden",5,"STRPNE_17F",2022,1.057268664,0.146842870323054,719.999998416
"11580","Sweden",5,"STRPNE_17F",2023,4.2138200304,0.521512381199478,807.9999981416
"11581","Sweden",5,"STRPNE_17F",2024,4.213903678,0.534759351229946,787.9999981876
"11582","Sweden",5,"STRPNE_18",2011,0,0,732.9999987539
"11583","Sweden",5,"STRPNE_18",2012,2.291371983,0.282885430792079,809.999997732
"11584","Sweden",5,"STRPNE_18",2013,0,0,777.9999983662
"11585","Sweden",5,"STRPNE_18",2014,0,0,737.9999979336
"11586","Sweden",5,"STRPNE_18",2019,0,0,862.9999975836
"11587","Sweden",5,"STRPNE_18",2021,0,0,406.9999994302
"11588","Sweden",5,"STRPNE_18",2022,0,0,719.999998416
"11589","Sweden",5,"STRPNE_18",2023,0,0,807.9999981416
"11590","Sweden",5,"STRPNE_18",2024,0,0,787.9999981876
"11591","Sweden",5,"STRPNE_18A",2011,1.0654069239,0.145348830247093,732.9999987539
"11592","Sweden",5,"STRPNE_18A",2012,2.291371983,0.282885430792079,809.999997732
"11593","Sweden",5,"STRPNE_18A",2013,0,0,777.9999983662
"11594","Sweden",5,"STRPNE_18A",2014,0,0,737.9999979336
"11595","Sweden",5,"STRPNE_18A",2015,0,0,800.9999982378
"11596","Sweden",5,"STRPNE_18A",2016,0,0,863.9999986176
"11597","Sweden",5,"STRPNE_18A",2017,0,0,859.99999785
"11598","Sweden",5,"STRPNE_18A",2018,2.0984009838,0.2460024600246,852.9999999147
"11599","Sweden",5,"STRPNE_18A",2019,0,0,862.9999975836
"11600","Sweden",5,"STRPNE_18A",2020,0,0,370.999999258
"11601","Sweden",5,"STRPNE_18A",2021,0,0,406.9999994302
"11602","Sweden",5,"STRPNE_18A",2022,1.057268664,0.146842870323054,719.999998416
"11603","Sweden",5,"STRPNE_18A",2023,1.0534549672,0.13037809029987,807.9999981416
"11604","Sweden",5,"STRPNE_18A",2024,3.1604277388,0.40106951092246,787.9999981876
"11605","Sweden",5,"STRPNE_18B",2011,0,0,732.9999987539
"11606","Sweden",5,"STRPNE_18B",2012,2.291371983,0.282885430792079,809.999997732
"11607","Sweden",5,"STRPNE_18B",2013,0,0,777.9999983662
"11608","Sweden",5,"STRPNE_18B",2014,1.045325709,0.1416430503966,737.9999979336
"11609","Sweden",5,"STRPNE_18B",2017,1.032412886,0.12004801030012,859.99999785
"11610","Sweden",5,"STRPNE_18B",2018,0,0,852.9999999147
"11611","Sweden",5,"STRPNE_18B",2019,1.0828105013,0.125470510351317,862.9999975836
"11612","Sweden",5,"STRPNE_18B",2020,0,0,370.999999258
"11613","Sweden",5,"STRPNE_18B",2022,1.057268664,0.146842870323054,719.999998416
"11614","Sweden",5,"STRPNE_18B",2024,0,0,787.9999981876
"11615","Sweden",5,"STRPNE_18C",2011,12.7848836732,1.74418604296512,732.9999987539
"11616","Sweden",5,"STRPNE_18C",2012,5.728429917,0.707213571980198,809.999997732
"11617","Sweden",5,"STRPNE_18C",2013,11.305151843,1.45310435305152,777.9999983662
"11618","Sweden",5,"STRPNE_18C",2014,4.1813030574,0.566572231586402,737.9999979336
"11619","Sweden",5,"STRPNE_18C",2015,5.2490169999,0.655307991441678,800.9999982378
"11620","Sweden",5,"STRPNE_18C",2016,7.2867469536,0.843373491349398,863.9999986176
"11621","Sweden",5,"STRPNE_18C",2017,0,0,859.99999785
"11622","Sweden",5,"STRPNE_18C",2018,3.1476014757,0.3690036900369,852.9999999147
"11623","Sweden",5,"STRPNE_18C",2019,3.2484315902,0.376411541053952,862.9999975836
"11624","Sweden",5,"STRPNE_18C",2020,0,0,370.999999258
"11625","Sweden",5,"STRPNE_18C",2021,1.115068482,0.273972600383562,406.9999994302
"11626","Sweden",5,"STRPNE_18C",2022,1.057268664,0.146842870323054,719.999998416
"11627","Sweden",5,"STRPNE_18C",2023,3.1603649824,0.391134280899609,807.9999981416
"11628","Sweden",5,"STRPNE_18C",2024,0,0,787.9999981876
"11629","Sweden",5,"STRPNE_18F",2011,0,0,732.9999987539
"11630","Sweden",5,"STRPNE_18F",2013,0,0,777.9999983662
"11631","Sweden",5,"STRPNE_18F",2015,0,0,800.9999982378
"11632","Sweden",5,"STRPNE_18F",2016,0,0,863.9999986176
"11633","Sweden",5,"STRPNE_18F",2023,0,0,807.9999981416
"11634","Sweden",5,"STRPNE_18F",2024,0,0,787.9999981876
"11635","Sweden",5,"STRPNE_19",2011,3.1962209183,0.436046510741279,732.9999987539
"11636","Sweden",5,"STRPNE_19",2012,3.437057934,0.424328141188119,809.999997732
"11637","Sweden",5,"STRPNE_19",2013,0,0,777.9999983662
"11638","Sweden",5,"STRPNE_19",2014,0,0,737.9999979336
"11639","Sweden",5,"STRPNE_19",2016,0,0,863.9999986176
"11640","Sweden",5,"STRPNE_19",2017,0,0,859.99999785
"11641","Sweden",5,"STRPNE_19",2018,0,0,852.9999999147
"11642","Sweden",5,"STRPNE_19",2019,0,0,862.9999975836
"11643","Sweden",5,"STRPNE_19",2020,0,0,370.999999258
"11644","Sweden",5,"STRPNE_19",2021,0,0,406.9999994302
"11645","Sweden",5,"STRPNE_19",2022,0,0,719.999998416
"11646","Sweden",5,"STRPNE_19",2023,0,0,807.9999981416
"11647","Sweden",5,"STRPNE_19",2024,0,0,787.9999981876
"11648","Sweden",5,"STRPNE_19A",2011,67.1206395042,9.15697675556686,732.9999987539
"11649","Sweden",5,"STRPNE_19A",2012,58.42998585,7.21357852019802,809.999997732
"11650","Sweden",5,"STRPNE_19A",2013,60.6367238964,7.79392339636724,777.9999983662
"11651","Sweden",5,"STRPNE_19A",2014,55.402266267,7.50708217101983,737.9999979336
"11652","Sweden",5,"STRPNE_19A",2015,71.3866316472,8.91218873960681,800.9999982378
"11653","Sweden",5,"STRPNE_19A",2016,48.925301184,5.66265060906024,863.9999986176
"11654","Sweden",5,"STRPNE_19A",2017,74.333733468,8.64345740160864,859.99999785
"11655","Sweden",5,"STRPNE_19A",2018,94.428044271,11.070110701107,852.9999999147
"11656","Sweden",5,"STRPNE_19A",2019,83.3764115343,9.66122963705144,862.9999975836
"11657","Sweden",5,"STRPNE_19A",2020,33.3362318604,8.98550725797102,370.999999258
"11658","Sweden",5,"STRPNE_19A",2021,53.5232876651,13.150684948411,406.9999994302
"11659","Sweden",5,"STRPNE_19A",2022,138.502202616,19.2364170723201,719.999998416
"11660","Sweden",5,"STRPNE_19A",2023,178.033898264,22.033898350678,807.9999981416
"11661","Sweden",5,"STRPNE_19A",2024,164.3422459636,20.8556150179679,787.9999981876
"11662","Sweden",5,"STRPNE_19B",2014,0,0,737.9999979336
"11663","Sweden",5,"STRPNE_19B",2016,0,0,863.9999986176
"11664","Sweden",5,"STRPNE_19B",2018,0,0,852.9999999147
"11665","Sweden",5,"STRPNE_19B",2021,0,0,406.9999994302
"11666","Sweden",5,"STRPNE_19B",2022,0,0,719.999998416
"11667","Sweden",5,"STRPNE_19B",2023,0,0,807.9999981416
"11668","Sweden",5,"STRPNE_19C",2011,0,0,732.9999987539
"11669","Sweden",5,"STRPNE_19C",2012,0,0,809.999997732
"11670","Sweden",5,"STRPNE_19C",2013,0,0,777.9999983662
"11671","Sweden",5,"STRPNE_19C",2014,0,0,737.9999979336
"11672","Sweden",5,"STRPNE_19C",2017,0,0,859.99999785
"11673","Sweden",5,"STRPNE_19C",2020,0,0,370.999999258
"11674","Sweden",5,"STRPNE_19C",2024,0,0,787.9999981876
"11675","Sweden",5,"STRPNE_19F",2011,10.6540697521,1.45348837247093,732.9999987539
"11676","Sweden",5,"STRPNE_19F",2012,17.185289913,2.12164073594059,809.999997732
"11677","Sweden",5,"STRPNE_19F",2013,9.2496696968,1.1889035624967,777.9999983662
"11678","Sweden",5,"STRPNE_19F",2014,8.3626061886,1.1331444731728,737.9999979336
"11679","Sweden",5,"STRPNE_19F",2015,5.2490169999,0.655307991441678,800.9999982378
"11680","Sweden",5,"STRPNE_19F",2016,21.8602409472,2.53012048404819,863.9999986176
"11681","Sweden",5,"STRPNE_19F",2017,6.194477746,0.72028811180072,859.99999785
"11682","Sweden",5,"STRPNE_19F",2018,9.4428044271,1.1070110701107,852.9999999147
"11683","Sweden",5,"STRPNE_19F",2019,3.2484315902,0.376411541053952,862.9999975836
"11684","Sweden",5,"STRPNE_19F",2020,2.1507246194,0.57971014115942,370.999999258
"11685","Sweden",5,"STRPNE_19F",2021,0,0,406.9999994302
"11686","Sweden",5,"STRPNE_19F",2022,9.51541848,1.32158590290749,719.999998416
"11687","Sweden",5,"STRPNE_19F",2023,1.0534549672,0.13037809029987,807.9999981416
"11688","Sweden",5,"STRPNE_19F",2024,5.2673796172,0.668449191537433,787.9999981876
"11689","Sweden",5,"STRPNE_2",2011,0,0,732.9999987539
"11690","Sweden",5,"STRPNE_2",2012,1.145685951,0.14144271039604,809.999997732
"11691","Sweden",5,"STRPNE_2",2013,0,0,777.9999983662
"11692","Sweden",5,"STRPNE_2",2015,0,0,800.9999982378
"11693","Sweden",5,"STRPNE_2",2016,0,0,863.9999986176
"11694","Sweden",5,"STRPNE_2",2019,0,0,862.9999975836
"11695","Sweden",5,"STRPNE_2",2022,0,0,719.999998416
"11696","Sweden",5,"STRPNE_2",2024,0,0,787.9999981876
"11697","Sweden",5,"STRPNE_20",2011,1.0654069239,0.145348830247093,732.9999987539
"11698","Sweden",5,"STRPNE_20",2012,0,0,809.999997732
"11699","Sweden",5,"STRPNE_20",2013,2.0554821462,0.264200790554822,777.9999983662
"11700","Sweden",5,"STRPNE_20",2014,0,0,737.9999979336
"11701","Sweden",5,"STRPNE_20",2015,1.0498033359,0.131061590288336,800.9999982378
"11702","Sweden",5,"STRPNE_20",2016,1.0409637888,0.120481920192771,863.9999986176
"11703","Sweden",5,"STRPNE_20",2017,1.032412886,0.12004801030012,859.99999785
"11704","Sweden",5,"STRPNE_20",2018,4.1968019676,0.4920049200492,852.9999999147
"11705","Sweden",5,"STRPNE_20",2019,4.3312420915,0.50188205140527,862.9999975836
"11706","Sweden",5,"STRPNE_20",2020,2.1507246194,0.57971014115942,370.999999258
"11707","Sweden",5,"STRPNE_20",2021,1.115068482,0.273972600383562,406.9999994302
"11708","Sweden",5,"STRPNE_20",2022,5.286343608,0.734214391615272,719.999998416
"11709","Sweden",5,"STRPNE_20",2023,1.0534549672,0.13037809029987,807.9999981416
"11710","Sweden",5,"STRPNE_20",2024,1.0534758604,0.133689830307487,787.9999981876
"11711","Sweden",5,"STRPNE_21",2011,0,0,732.9999987539
"11712","Sweden",5,"STRPNE_21",2012,0,0,809.999997732
"11713","Sweden",5,"STRPNE_21",2013,0,0,777.9999983662
"11714","Sweden",5,"STRPNE_21",2014,2.0906514918,0.283286110793201,737.9999979336
"11715","Sweden",5,"STRPNE_21",2015,0,0,800.9999982378
"11716","Sweden",5,"STRPNE_21",2016,0,0,863.9999986176
"11717","Sweden",5,"STRPNE_21",2017,0,0,859.99999785
"11718","Sweden",5,"STRPNE_21",2018,2.0984009838,0.2460024600246,852.9999999147
"11719","Sweden",5,"STRPNE_21",2019,2.1656210026,0.250941020702635,862.9999975836
"11720","Sweden",5,"STRPNE_21",2020,3.2260869291,0.86956521173913,370.999999258
"11721","Sweden",5,"STRPNE_21",2021,0,0,406.9999994302
"11722","Sweden",5,"STRPNE_21",2022,0,0,719.999998416
"11723","Sweden",5,"STRPNE_21",2023,0,0,807.9999981416
"11724","Sweden",5,"STRPNE_21",2024,2.1069517996,0.267379670614973,787.9999981876
"11725","Sweden",5,"STRPNE_22",2011,1.0654069239,0.145348830247093,732.9999987539
"11726","Sweden",5,"STRPNE_22",2012,2.291371983,0.282885430792079,809.999997732
"11727","Sweden",5,"STRPNE_22",2013,0,0,777.9999983662
"11728","Sweden",5,"STRPNE_22",2014,0,0,737.9999979336
"11729","Sweden",5,"STRPNE_22",2015,0,0,800.9999982378
"11730","Sweden",5,"STRPNE_22",2016,0,0,863.9999986176
"11731","Sweden",5,"STRPNE_22",2017,0,0,859.99999785
"11732","Sweden",5,"STRPNE_22",2018,0,0,852.9999999147
"11733","Sweden",5,"STRPNE_22",2019,1.0828105013,0.125470510351317,862.9999975836
"11734","Sweden",5,"STRPNE_22",2022,0,0,719.999998416
"11735","Sweden",5,"STRPNE_22",2023,0,0,807.9999981416
"11736","Sweden",5,"STRPNE_22A",2011,0,0,732.9999987539
"11737","Sweden",5,"STRPNE_22A",2012,0,0,809.999997732
"11738","Sweden",5,"STRPNE_22A",2013,0,0,777.9999983662
"11739","Sweden",5,"STRPNE_22A",2014,0,0,737.9999979336
"11740","Sweden",5,"STRPNE_22A",2015,0,0,800.9999982378
"11741","Sweden",5,"STRPNE_22A",2016,0,0,863.9999986176
"11742","Sweden",5,"STRPNE_22A",2017,0,0,859.99999785
"11743","Sweden",5,"STRPNE_22A",2018,0,0,852.9999999147
"11744","Sweden",5,"STRPNE_22A",2019,0,0,862.9999975836
"11745","Sweden",5,"STRPNE_22A",2020,0,0,370.999999258
"11746","Sweden",5,"STRPNE_22A",2022,1.057268664,0.146842870323054,719.999998416
"11747","Sweden",5,"STRPNE_22A",2023,0,0,807.9999981416
"11748","Sweden",5,"STRPNE_22A",2024,0,0,787.9999981876
"11749","Sweden",5,"STRPNE_22F",2011,89.4941860056,12.2093023407558,732.9999987539
"11750","Sweden",5,"STRPNE_22F",2012,97.383309723,12.0226308636634,809.999997732
"11751","Sweden",5,"STRPNE_22F",2013,94.552179581,12.1532364755218,777.9999983662
"11752","Sweden",5,"STRPNE_22F",2014,90.9433427346,12.3229462045042,737.9999979336
"11753","Sweden",5,"STRPNE_22F",2015,80.8348623111,10.0917431322018,800.9999982378
"11754","Sweden",5,"STRPNE_22F",2016,94.7277108288,10.9638554375422,863.9999986176
"11755","Sweden",5,"STRPNE_22F",2017,91.88475382,10.6842737267107,859.99999785
"11756","Sweden",5,"STRPNE_22F",2018,87.0836408277,10.2091020910209,852.9999999147
"11757","Sweden",5,"STRPNE_22F",2019,57.3889585538,6.64993727861982,862.9999975836
"11758","Sweden",5,"STRPNE_22F",2020,29.0347825845,7.82608696565217,370.999999258
"11759","Sweden",5,"STRPNE_22F",2021,18.9561643568,4.65753424652055,406.9999994302
"11760","Sweden",5,"STRPNE_22F",2022,26.43171804,3.67107195807636,719.999998416
"11761","Sweden",5,"STRPNE_22F",2023,43.191655756,5.34550196229465,807.9999981416
"11762","Sweden",5,"STRPNE_22F",2024,47.4064171064,6.0160427938369,787.9999981876
"11763","Sweden",5,"STRPNE_23",2011,0,0,732.9999987539
"11764","Sweden",5,"STRPNE_23",2012,1.145685951,0.14144271039604,809.999997732
"11765","Sweden",5,"STRPNE_23",2013,1.0277410342,0.132100390277411,777.9999983662
"11766","Sweden",5,"STRPNE_23",2014,0,0,737.9999979336
"11767","Sweden",5,"STRPNE_23",2015,0,0,800.9999982378
"11768","Sweden",5,"STRPNE_23",2016,0,0,863.9999986176
"11769","Sweden",5,"STRPNE_23",2017,0,0,859.99999785
"11770","Sweden",5,"STRPNE_23",2018,0,0,852.9999999147
"11771","Sweden",5,"STRPNE_23",2019,0,0,862.9999975836
"11772","Sweden",5,"STRPNE_23",2020,0,0,370.999999258
"11773","Sweden",5,"STRPNE_23",2021,0,0,406.9999994302
"11774","Sweden",5,"STRPNE_23",2022,0,0,719.999998416
"11775","Sweden",5,"STRPNE_23",2024,0,0,787.9999981876
"11776","Sweden",5,"STRPNE_23A",2011,26.6351744169,3.63372093617733,732.9999987539
"11777","Sweden",5,"STRPNE_23A",2012,37.807637841,4.66760962306931,809.999997732
"11778","Sweden",5,"STRPNE_23A",2013,21.5825627296,2.77410832582563,777.9999983662
"11779","Sweden",5,"STRPNE_23A",2014,39.7223795988,5.38243627507082,737.9999979336
"11780","Sweden",5,"STRPNE_23A",2015,24.1454783277,3.01441677663172,800.9999982378
"11781","Sweden",5,"STRPNE_23A",2016,20.819277072,2.40963855385542,863.9999986176
"11782","Sweden",5,"STRPNE_23A",2017,39.231692592,4.56182473140456,859.99999785
"11783","Sweden",5,"STRPNE_23A",2018,40.9188191841,4.79704797047971,852.9999999147
"11784","Sweden",5,"STRPNE_23A",2019,37.89836884,4.39146801229611,862.9999975836
"11785","Sweden",5,"STRPNE_23A",2020,11.8289854809,3.18840579637681,370.999999258
"11786","Sweden",5,"STRPNE_23A",2021,13.3808219061,3.28767123460274,406.9999994302
"11787","Sweden",5,"STRPNE_23A",2022,27.488986776,3.81791483839941,719.999998416
"11788","Sweden",5,"STRPNE_23A",2023,32.6571055992,4.04172099929596,807.9999981416
"11789","Sweden",5,"STRPNE_23A",2024,30.5508020792,3.87700534891711,787.9999981876
"11790","Sweden",5,"STRPNE_23B",2011,2.1308139211,0.290697670494186,732.9999987539
"11791","Sweden",5,"STRPNE_23B",2012,8.0198019,0.990099002772277,809.999997732
"11792","Sweden",5,"STRPNE_23B",2013,16.4438573252,2.11360634443857,777.9999983662
"11793","Sweden",5,"STRPNE_23B",2014,30.3144475536,4.10764873150142,737.9999979336
"11794","Sweden",5,"STRPNE_23B",2015,34.6435124076,4.32503276951507,800.9999982378
"11795","Sweden",5,"STRPNE_23B",2016,30.187951776,3.49397590559036,863.9999986176
"11796","Sweden",5,"STRPNE_23B",2017,38.199279706,4.44177672110444,859.99999785
"11797","Sweden",5,"STRPNE_23B",2018,23.0824108218,2.7060270602706,852.9999999147
"11798","Sweden",5,"STRPNE_23B",2019,29.2358844844,3.38770388948557,862.9999975836
"11799","Sweden",5,"STRPNE_23B",2020,17.2057970665,4.63768115927536,370.999999258
"11800","Sweden",5,"STRPNE_23B",2021,8.9205479374,2.19178082306849,406.9999994302
"11801","Sweden",5,"STRPNE_23B",2022,28.54625544,3.96475770872247,719.999998416
"11802","Sweden",5,"STRPNE_23B",2023,13.69491522,1.6949152538983,807.9999981416
"11803","Sweden",5,"STRPNE_23B",2024,24.2299465228,3.07486631707219,787.9999981876
"11804","Sweden",5,"STRPNE_23F",2011,39.4200580901,5.37790697914244,732.9999987539
"11805","Sweden",5,"STRPNE_23F",2012,24.059405862,2.97029702831683,809.999997732
"11806","Sweden",5,"STRPNE_23F",2013,9.2496696968,1.1889035624967,777.9999983662
"11807","Sweden",5,"STRPNE_23F",2014,7.3172804058,0.991501412776204,737.9999979336
"11808","Sweden",5,"STRPNE_23F",2015,3.1494101679,0.393184790865007,800.9999982378
"11809","Sweden",5,"STRPNE_23F",2016,2.081927664,0.240963850385542,863.9999986176
"11810","Sweden",5,"STRPNE_23F",2017,4.129651802,0.48019207120048,859.99999785
"11811","Sweden",5,"STRPNE_23F",2018,2.0984009838,0.2460024600246,852.9999999147
"11812","Sweden",5,"STRPNE_23F",2019,2.1656210026,0.250941020702635,862.9999975836
"11813","Sweden",5,"STRPNE_23F",2020,1.0753623097,0.28985507057971,370.999999258
"11814","Sweden",5,"STRPNE_23F",2021,1.115068482,0.273972600383562,406.9999994302
"11815","Sweden",5,"STRPNE_23F",2022,1.057268664,0.146842870323054,719.999998416
"11816","Sweden",5,"STRPNE_23F",2023,1.0534549672,0.13037809029987,807.9999981416
"11817","Sweden",5,"STRPNE_23F",2024,1.0534758604,0.133689830307487,787.9999981876
"11818","Sweden",5,"STRPNE_24",2011,0,0,732.9999987539
"11819","Sweden",5,"STRPNE_24",2012,0,0,809.999997732
"11820","Sweden",5,"STRPNE_24",2013,0,0,777.9999983662
"11821","Sweden",5,"STRPNE_24",2014,0,0,737.9999979336
"11822","Sweden",5,"STRPNE_24",2019,1.0828105013,0.125470510351317,862.9999975836
"11823","Sweden",5,"STRPNE_24",2023,0,0,807.9999981416
"11824","Sweden",5,"STRPNE_24",2024,0,0,787.9999981876
"11825","Sweden",5,"STRPNE_24A",2011,0,0,732.9999987539
"11826","Sweden",5,"STRPNE_24A",2012,0,0,809.999997732
"11827","Sweden",5,"STRPNE_24A",2013,0,0,777.9999983662
"11828","Sweden",5,"STRPNE_24A",2014,0,0,737.9999979336
"11829","Sweden",5,"STRPNE_24A",2015,0,0,800.9999982378
"11830","Sweden",5,"STRPNE_24A",2016,0,0,863.9999986176
"11831","Sweden",5,"STRPNE_24A",2017,0,0,859.99999785
"11832","Sweden",5,"STRPNE_24A",2018,0,0,852.9999999147
"11833","Sweden",5,"STRPNE_24A",2019,0,0,862.9999975836
"11834","Sweden",5,"STRPNE_24A",2020,0,0,370.999999258
"11835","Sweden",5,"STRPNE_24A",2021,0,0,406.9999994302
"11836","Sweden",5,"STRPNE_24A",2022,0,0,719.999998416
"11837","Sweden",5,"STRPNE_24A",2023,0,0,807.9999981416
"11838","Sweden",5,"STRPNE_24A",2024,0,0,787.9999981876
"11839","Sweden",5,"STRPNE_24B",2011,0,0,732.9999987539
"11840","Sweden",5,"STRPNE_24B",2012,0,0,809.999997732
"11841","Sweden",5,"STRPNE_24B",2016,0,0,863.9999986176
"11842","Sweden",5,"STRPNE_24B",2017,1.032412886,0.12004801030012,859.99999785
"11843","Sweden",5,"STRPNE_24B",2018,0,0,852.9999999147
"11844","Sweden",5,"STRPNE_24B",2019,0,0,862.9999975836
"11845","Sweden",5,"STRPNE_24B",2021,0,0,406.9999994302
"11846","Sweden",5,"STRPNE_24B",2022,0,0,719.999998416
"11847","Sweden",5,"STRPNE_24B",2023,0,0,807.9999981416
"11848","Sweden",5,"STRPNE_24B",2024,0,0,787.9999981876
"11849","Sweden",5,"STRPNE_24F",2011,3.1962209183,0.436046510741279,732.9999987539
"11850","Sweden",5,"STRPNE_24F",2012,4.582743966,0.565770861584158,809.999997732
"11851","Sweden",5,"STRPNE_24F",2013,5.1387054044,0.660501981387054,777.9999983662
"11852","Sweden",5,"STRPNE_24F",2014,9.4079319714,1.2747875335694,737.9999979336
"11853","Sweden",5,"STRPNE_24F",2015,18.8964613278,2.35910878519004,800.9999982378
"11854","Sweden",5,"STRPNE_24F",2016,42.6795180192,4.93975903790361,863.9999986176
"11855","Sweden",5,"STRPNE_24F",2017,29.93997593,3.48139255870348,859.99999785
"11856","Sweden",5,"STRPNE_24F",2018,22.0332103299,2.5830258302583,852.9999999147
"11857","Sweden",5,"STRPNE_24F",2019,11.9109158595,1.38017565386449,862.9999975836
"11858","Sweden",5,"STRPNE_24F",2020,4.3014492388,1.15942028231884,370.999999258
"11859","Sweden",5,"STRPNE_24F",2021,4.4602739687,1.09589041153425,406.9999994302
"11860","Sweden",5,"STRPNE_24F",2022,8.458149744,1.17474302258443,719.999998416
"11861","Sweden",5,"STRPNE_24F",2023,4.2138200304,0.521512381199478,807.9999981416
"11862","Sweden",5,"STRPNE_24F",2024,7.3743314956,0.935828872152407,787.9999981876
"11863","Sweden",5,"STRPNE_25",2024,0,0,787.9999981876
"11864","Sweden",5,"STRPNE_25A",2011,0,0,732.9999987539
"11865","Sweden",5,"STRPNE_25A",2012,0,0,809.999997732
"11866","Sweden",5,"STRPNE_25A",2013,0,0,777.9999983662
"11867","Sweden",5,"STRPNE_25A",2014,0,0,737.9999979336
"11868","Sweden",5,"STRPNE_25A",2015,0,0,800.9999982378
"11869","Sweden",5,"STRPNE_25A",2016,0,0,863.9999986176
"11870","Sweden",5,"STRPNE_25A",2017,0,0,859.99999785
"11871","Sweden",5,"STRPNE_25A",2018,0,0,852.9999999147
"11872","Sweden",5,"STRPNE_25A",2019,0,0,862.9999975836
"11873","Sweden",5,"STRPNE_25A",2022,0,0,719.999998416
"11874","Sweden",5,"STRPNE_25A",2023,0,0,807.9999981416
"11875","Sweden",5,"STRPNE_25A",2024,0,0,787.9999981876
"11876","Sweden",5,"STRPNE_25F",2011,0,0,732.9999987539
"11877","Sweden",5,"STRPNE_25F",2012,0,0,809.999997732
"11878","Sweden",5,"STRPNE_25F",2014,0,0,737.9999979336
"11879","Sweden",5,"STRPNE_25F",2015,0,0,800.9999982378
"11880","Sweden",5,"STRPNE_25F",2016,0,0,863.9999986176
"11881","Sweden",5,"STRPNE_25F",2017,0,0,859.99999785
"11882","Sweden",5,"STRPNE_25F",2018,0,0,852.9999999147
"11883","Sweden",5,"STRPNE_25F",2019,0,0,862.9999975836
"11884","Sweden",5,"STRPNE_25F",2020,0,0,370.999999258
"11885","Sweden",5,"STRPNE_25F",2023,0,0,807.9999981416
"11886","Sweden",5,"STRPNE_25F",2024,0,0,787.9999981876
"11887","Sweden",5,"STRPNE_27",2011,0,0,732.9999987539
"11888","Sweden",5,"STRPNE_27",2012,0,0,809.999997732
"11889","Sweden",5,"STRPNE_27",2013,0,0,777.9999983662
"11890","Sweden",5,"STRPNE_27",2014,0,0,737.9999979336
"11891","Sweden",5,"STRPNE_27",2015,0,0,800.9999982378
"11892","Sweden",5,"STRPNE_27",2016,0,0,863.9999986176
"11893","Sweden",5,"STRPNE_27",2017,0,0,859.99999785
"11894","Sweden",5,"STRPNE_27",2018,0,0,852.9999999147
"11895","Sweden",5,"STRPNE_27",2019,0,0,862.9999975836
"11896","Sweden",5,"STRPNE_27",2020,0,0,370.999999258
"11897","Sweden",5,"STRPNE_27",2021,0,0,406.9999994302
"11898","Sweden",5,"STRPNE_27",2022,0,0,719.999998416
"11899","Sweden",5,"STRPNE_27",2023,0,0,807.9999981416
"11900","Sweden",5,"STRPNE_28",2014,0,0,737.9999979336
"11901","Sweden",5,"STRPNE_28",2015,0,0,800.9999982378
"11902","Sweden",5,"STRPNE_28",2022,1.057268664,0.146842870323054,719.999998416
"11903","Sweden",5,"STRPNE_28A",2011,0,0,732.9999987539
"11904","Sweden",5,"STRPNE_28A",2012,0,0,809.999997732
"11905","Sweden",5,"STRPNE_28A",2013,0,0,777.9999983662
"11906","Sweden",5,"STRPNE_28A",2014,1.045325709,0.1416430503966,737.9999979336
"11907","Sweden",5,"STRPNE_28A",2015,0,0,800.9999982378
"11908","Sweden",5,"STRPNE_28A",2016,0,0,863.9999986176
"11909","Sweden",5,"STRPNE_28A",2017,0,0,859.99999785
"11910","Sweden",5,"STRPNE_28A",2018,0,0,852.9999999147
"11911","Sweden",5,"STRPNE_28A",2019,1.0828105013,0.125470510351317,862.9999975836
"11912","Sweden",5,"STRPNE_28A",2020,0,0,370.999999258
"11913","Sweden",5,"STRPNE_28A",2021,0,0,406.9999994302
"11914","Sweden",5,"STRPNE_28A",2022,0,0,719.999998416
"11915","Sweden",5,"STRPNE_28A",2023,0,0,807.9999981416
"11916","Sweden",5,"STRPNE_28F",2012,0,0,809.999997732
"11917","Sweden",5,"STRPNE_28F",2013,0,0,777.9999983662
"11918","Sweden",5,"STRPNE_28F",2014,0,0,737.9999979336
"11919","Sweden",5,"STRPNE_28F",2017,0,0,859.99999785
"11920","Sweden",5,"STRPNE_28F",2019,1.0828105013,0.125470510351317,862.9999975836
"11921","Sweden",5,"STRPNE_28F",2021,0,0,406.9999994302
"11922","Sweden",5,"STRPNE_28F",2024,0,0,787.9999981876
"11923","Sweden",5,"STRPNE_29",2011,0,0,732.9999987539
"11924","Sweden",5,"STRPNE_29",2012,0,0,809.999997732
"11925","Sweden",5,"STRPNE_29",2013,0,0,777.9999983662
"11926","Sweden",5,"STRPNE_29",2014,0,0,737.9999979336
"11927","Sweden",5,"STRPNE_29",2015,1.0498033359,0.131061590288336,800.9999982378
"11928","Sweden",5,"STRPNE_29",2016,0,0,863.9999986176
"11929","Sweden",5,"STRPNE_29",2017,0,0,859.99999785
"11930","Sweden",5,"STRPNE_29",2018,0,0,852.9999999147
"11931","Sweden",5,"STRPNE_29",2019,1.0828105013,0.125470510351317,862.9999975836
"11932","Sweden",5,"STRPNE_29",2020,1.0753623097,0.28985507057971,370.999999258
"11933","Sweden",5,"STRPNE_29",2021,0,0,406.9999994302
"11934","Sweden",5,"STRPNE_29",2022,0,0,719.999998416
"11935","Sweden",5,"STRPNE_29",2023,1.0534549672,0.13037809029987,807.9999981416
"11936","Sweden",5,"STRPNE_29",2024,1.0534758604,0.133689830307487,787.9999981876
"11937","Sweden",5,"STRPNE_3",2011,71.3822674197,9.73837210655523,732.9999987539
"11938","Sweden",5,"STRPNE_3",2012,118.005657651,14.5685997507921,809.999997732
"11939","Sweden",5,"STRPNE_3",2013,132.5785997136,17.040951155786,777.9999983662
"11940","Sweden",5,"STRPNE_3",2014,105.57790362,14.3059490400567,737.9999979336
"11941","Sweden",5,"STRPNE_3",2015,111.2791611348,13.8925295105636,800.9999982378
"11942","Sweden",5,"STRPNE_3",2016,134.2843373088,15.5421686948675,863.9999986176
"11943","Sweden",5,"STRPNE_3",2017,122.857142808,14.2857143157143,859.99999785
"11944","Sweden",5,"STRPNE_3",2018,147.9372693579,17.3431734317343,852.9999999147
"11945","Sweden",5,"STRPNE_3",2019,133.1856963201,15.432873313212,862.9999975836
"11946","Sweden",5,"STRPNE_3",2020,54.8434782399,14.7826087195652,370.999999258
"11947","Sweden",5,"STRPNE_3",2021,79.1698629953,19.4520548172329,406.9999994302
"11948","Sweden",5,"STRPNE_3",2022,135.330396408,18.795888431351,719.999998416
"11949","Sweden",5,"STRPNE_3",2023,158.0182529176,19.5567145149804,807.9999981416
"11950","Sweden",5,"STRPNE_3",2024,145.3796791368,18.4491979024332,787.9999981876
"11951","Sweden",5,"STRPNE_31",2011,2.1308139211,0.290697670494186,732.9999987539
"11952","Sweden",5,"STRPNE_31",2012,4.582743966,0.565770861584158,809.999997732
"11953","Sweden",5,"STRPNE_31",2013,11.305151843,1.45310435305152,777.9999983662
"11954","Sweden",5,"STRPNE_31",2014,4.1813030574,0.566572231586402,737.9999979336
"11955","Sweden",5,"STRPNE_31",2015,9.4482306639,1.17955439259502,800.9999982378
"11956","Sweden",5,"STRPNE_31",2016,13.5325301184,1.56626506250602,863.9999986176
"11957","Sweden",5,"STRPNE_31",2017,15.486194408,1.8007202845018,859.99999785
"11958","Sweden",5,"STRPNE_31",2018,15.7380073785,1.8450184501845,852.9999999147
"11959","Sweden",5,"STRPNE_31",2019,11.9109158595,1.38017565386449,862.9999975836
"11960","Sweden",5,"STRPNE_31",2020,8.6028985147,2.31884057463768,370.999999258
"11961","Sweden",5,"STRPNE_31",2021,3.345205446,0.821917801150685,406.9999994302
"11962","Sweden",5,"STRPNE_31",2022,5.286343608,0.734214391615272,719.999998416
"11963","Sweden",5,"STRPNE_31",2023,6.3207300456,0.782268571799218,807.9999981416
"11964","Sweden",5,"STRPNE_31",2024,8.4278074348,1.06951871245989,787.9999981876
"11965","Sweden",5,"STRPNE_32A",2013,0,0,777.9999983662
"11966","Sweden",5,"STRPNE_32A",2015,0,0,800.9999982378
"11967","Sweden",5,"STRPNE_33",2011,0,0,732.9999987539
"11968","Sweden",5,"STRPNE_33",2012,0,0,809.999997732
"11969","Sweden",5,"STRPNE_33",2013,0,0,777.9999983662
"11970","Sweden",5,"STRPNE_33",2014,0,0,737.9999979336
"11971","Sweden",5,"STRPNE_33",2015,0,0,800.9999982378
"11972","Sweden",5,"STRPNE_33",2017,0,0,859.99999785
"11973","Sweden",5,"STRPNE_33",2018,0,0,852.9999999147
"11974","Sweden",5,"STRPNE_33",2019,0,0,862.9999975836
"11975","Sweden",5,"STRPNE_33",2022,0,0,719.999998416
"11976","Sweden",5,"STRPNE_33",2023,0,0,807.9999981416
"11977","Sweden",5,"STRPNE_33",2024,0,0,787.9999981876
"11978","Sweden",5,"STRPNE_33A",2011,0,0,732.9999987539
"11979","Sweden",5,"STRPNE_33A",2012,0,0,809.999997732
"11980","Sweden",5,"STRPNE_33A",2013,0,0,777.9999983662
"11981","Sweden",5,"STRPNE_33A",2014,0,0,737.9999979336
"11982","Sweden",5,"STRPNE_33A",2015,0,0,800.9999982378
"11983","Sweden",5,"STRPNE_33A",2016,0,0,863.9999986176
"11984","Sweden",5,"STRPNE_33A",2017,0,0,859.99999785
"11985","Sweden",5,"STRPNE_33A",2018,1.0492004919,0.1230012300123,852.9999999147
"11986","Sweden",5,"STRPNE_33A",2019,1.0828105013,0.125470510351317,862.9999975836
"11987","Sweden",5,"STRPNE_33A",2020,0,0,370.999999258
"11988","Sweden",5,"STRPNE_33A",2021,1.115068482,0.273972600383562,406.9999994302
"11989","Sweden",5,"STRPNE_33A",2022,0,0,719.999998416
"11990","Sweden",5,"STRPNE_33A",2024,0,0,787.9999981876
"11991","Sweden",5,"STRPNE_33B",2013,0,0,777.9999983662
"11992","Sweden",5,"STRPNE_33B",2014,0,0,737.9999979336
"11993","Sweden",5,"STRPNE_33B",2015,0,0,800.9999982378
"11994","Sweden",5,"STRPNE_33B",2017,0,0,859.99999785
"11995","Sweden",5,"STRPNE_33B",2018,0,0,852.9999999147
"11996","Sweden",5,"STRPNE_33B",2019,0,0,862.9999975836
"11997","Sweden",5,"STRPNE_33B",2021,0,0,406.9999994302
"11998","Sweden",5,"STRPNE_33B",2024,0,0,787.9999981876
"11999","Sweden",5,"STRPNE_33C",2024,0,0,787.9999981876
"12000","Sweden",5,"STRPNE_33D",2016,0,0,863.9999986176
"12001","Sweden",5,"STRPNE_33D",2017,0,0,859.99999785
"12002","Sweden",5,"STRPNE_33D",2018,0,0,852.9999999147
"12003","Sweden",5,"STRPNE_33D",2020,0,0,370.999999258
"12004","Sweden",5,"STRPNE_33D",2021,0,0,406.9999994302
"12005","Sweden",5,"STRPNE_33D",2024,0,0,787.9999981876
"12006","Sweden",5,"STRPNE_33F",2011,29.8313953352,4.0697674469186,732.9999987539
"12007","Sweden",5,"STRPNE_33F",2012,33.224893875,4.10183876148515,809.999997732
"12008","Sweden",5,"STRPNE_33F",2013,36.9986789428,4.75561426998679,777.9999983662
"12009","Sweden",5,"STRPNE_33F",2014,34.4957506848,4.67422097308782,737.9999979336
"12010","Sweden",5,"STRPNE_33F",2015,38.8427260716,4.84927917066841,800.9999982378
"12011","Sweden",5,"STRPNE_33F",2016,29.1469879008,3.37349397539759,863.9999986176
"12012","Sweden",5,"STRPNE_33F",2017,15.486194408,1.8007202845018,859.99999785
"12013","Sweden",5,"STRPNE_33F",2018,14.6888068866,1.7220172201722,852.9999999147
"12014","Sweden",5,"STRPNE_33F",2019,14.0765369484,1.63111668456713,862.9999975836
"12015","Sweden",5,"STRPNE_33F",2020,5.3768115856,1.44927536289855,370.999999258
"12016","Sweden",5,"STRPNE_33F",2021,4.4602739687,1.09589041153425,406.9999994302
"12017","Sweden",5,"STRPNE_33F",2022,3.171806136,0.440528630969163,719.999998416
"12018","Sweden",5,"STRPNE_33F",2023,3.1603649824,0.391134280899609,807.9999981416
"12019","Sweden",5,"STRPNE_33F",2024,4.213903678,0.534759351229946,787.9999981876
"12020","Sweden",5,"STRPNE_34",2011,0,0,732.9999987539
"12021","Sweden",5,"STRPNE_34",2012,0,0,809.999997732
"12022","Sweden",5,"STRPNE_34",2013,1.0277410342,0.132100390277411,777.9999983662
"12023","Sweden",5,"STRPNE_34",2014,2.0906514918,0.283286110793201,737.9999979336
"12024","Sweden",5,"STRPNE_34",2015,2.0996067519,0.262123190576671,800.9999982378
"12025","Sweden",5,"STRPNE_34",2016,2.081927664,0.240963850385542,863.9999986176
"12026","Sweden",5,"STRPNE_34",2017,4.129651802,0.48019207120048,859.99999785
"12027","Sweden",5,"STRPNE_34",2018,1.0492004919,0.1230012300123,852.9999999147
"12028","Sweden",5,"STRPNE_34",2019,3.2484315902,0.376411541053952,862.9999975836
"12029","Sweden",5,"STRPNE_34",2020,0,0,370.999999258
"12030","Sweden",5,"STRPNE_34",2021,0,0,406.9999994302
"12031","Sweden",5,"STRPNE_34",2022,2.1145374,0.293685750646109,719.999998416
"12032","Sweden",5,"STRPNE_34",2023,1.0534549672,0.13037809029987,807.9999981416
"12033","Sweden",5,"STRPNE_34",2024,2.1069517996,0.267379670614973,787.9999981876
"12034","Sweden",5,"STRPNE_35",2011,0,0,732.9999987539
"12035","Sweden",5,"STRPNE_35",2012,2.291371983,0.282885430792079,809.999997732
"12036","Sweden",5,"STRPNE_35",2013,0,0,777.9999983662
"12037","Sweden",5,"STRPNE_35",2014,0,0,737.9999979336
"12038","Sweden",5,"STRPNE_35",2017,0,0,859.99999785
"12039","Sweden",5,"STRPNE_35",2019,1.0828105013,0.125470510351317,862.9999975836
"12040","Sweden",5,"STRPNE_35",2020,0,0,370.999999258
"12041","Sweden",5,"STRPNE_35",2023,0,0,807.9999981416
"12042","Sweden",5,"STRPNE_35",2024,0,0,787.9999981876
"12043","Sweden",5,"STRPNE_35A",2012,0,0,809.999997732
"12044","Sweden",5,"STRPNE_35A",2013,0,0,777.9999983662
"12045","Sweden",5,"STRPNE_35A",2014,1.045325709,0.1416430503966,737.9999979336
"12046","Sweden",5,"STRPNE_35A",2015,0,0,800.9999982378
"12047","Sweden",5,"STRPNE_35A",2016,0,0,863.9999986176
"12048","Sweden",5,"STRPNE_35A",2017,2.064825858,0.24009603060024,859.99999785
"12049","Sweden",5,"STRPNE_35A",2019,0,0,862.9999975836
"12050","Sweden",5,"STRPNE_35A",2020,0,0,370.999999258
"12051","Sweden",5,"STRPNE_35A",2021,0,0,406.9999994302
"12052","Sweden",5,"STRPNE_35A",2022,0,0,719.999998416
"12053","Sweden",5,"STRPNE_35A",2023,0,0,807.9999981416
"12054","Sweden",5,"STRPNE_35A",2024,0,0,787.9999981876
"12055","Sweden",5,"STRPNE_35B",2011,4.2616278422,0.581395340988372,732.9999987539
"12056","Sweden",5,"STRPNE_35B",2012,11.456859915,1.4144271539604,809.999997732
"12057","Sweden",5,"STRPNE_35B",2013,9.2496696968,1.1889035624967,777.9999983662
"12058","Sweden",5,"STRPNE_35B",2014,11.498583537,1.55807365436261,737.9999979336
"12059","Sweden",5,"STRPNE_35B",2015,11.5478374158,1.44167758317169,800.9999982378
"12060","Sweden",5,"STRPNE_35B",2016,18.7373493216,2.16867469346988,863.9999986176
"12061","Sweden",5,"STRPNE_35B",2017,13.421368464,1.56062424390156,859.99999785
"12062","Sweden",5,"STRPNE_35B",2018,14.6888068866,1.7220172201722,852.9999999147
"12063","Sweden",5,"STRPNE_35B",2019,10.8281053582,1.25470514351317,862.9999975836
"12064","Sweden",5,"STRPNE_35B",2020,10.7536231712,2.8985507257971,370.999999258
"12065","Sweden",5,"STRPNE_35B",2021,8.9205479374,2.19178082306849,406.9999994302
"12066","Sweden",5,"STRPNE_35B",2022,9.51541848,1.32158590290749,719.999998416
"12067","Sweden",5,"STRPNE_35B",2023,12.641460172,1.56453715359844,807.9999981416
"12068","Sweden",5,"STRPNE_35B",2024,8.4278074348,1.06951871245989,787.9999981876
"12069","Sweden",5,"STRPNE_35C",2011,0,0,732.9999987539
"12070","Sweden",5,"STRPNE_35C",2013,0,0,777.9999983662
"12071","Sweden",5,"STRPNE_35C",2017,0,0,859.99999785
"12072","Sweden",5,"STRPNE_35C",2022,0,0,719.999998416
"12073","Sweden",5,"STRPNE_35C",2023,0,0,807.9999981416
"12074","Sweden",5,"STRPNE_35C",2024,0,0,787.9999981876
"12075","Sweden",5,"STRPNE_35F",2011,22.3735465014,3.05232558518895,732.9999987539
"12076","Sweden",5,"STRPNE_35F",2012,37.807637841,4.66760962306931,809.999997732
"12077","Sweden",5,"STRPNE_35F",2013,29.8044913922,3.83091149804491,777.9999983662
"12078","Sweden",5,"STRPNE_35F",2014,24.0424928568,3.25779036912181,737.9999979336
"12079","Sweden",5,"STRPNE_35F",2015,27.2948885757,3.40760157749672,800.9999982378
"12080","Sweden",5,"STRPNE_35F",2016,34.3518071904,3.97590361636145,863.9999986176
"12081","Sweden",5,"STRPNE_35F",2017,24.777911156,2.88115246720288,859.99999785
"12082","Sweden",5,"STRPNE_35F",2018,22.0332103299,2.5830258302583,852.9999999147
"12083","Sweden",5,"STRPNE_35F",2019,23.8218318053,2.76035131772898,862.9999975836
"12084","Sweden",5,"STRPNE_35F",2020,7.527536205,2.02898550405797,370.999999258
"12085","Sweden",5,"STRPNE_35F",2021,14.4958903881,3.5616438349863,406.9999994302
"12086","Sweden",5,"STRPNE_35F",2022,21.145374432,2.93685756646109,719.999998416
"12087","Sweden",5,"STRPNE_35F",2023,20.0156453464,2.47718383569752,807.9999981416
"12088","Sweden",5,"STRPNE_35F",2024,21.0695187052,2.67379679614973,787.9999981876
"12089","Sweden",5,"STRPNE_36",2013,0,0,777.9999983662
"12090","Sweden",5,"STRPNE_36",2020,0,0,370.999999258
"12091","Sweden",5,"STRPNE_36",2023,0,0,807.9999981416
"12092","Sweden",5,"STRPNE_37",2011,0,0,732.9999987539
"12093","Sweden",5,"STRPNE_37",2012,0,0,809.999997732
"12094","Sweden",5,"STRPNE_37",2013,0,0,777.9999983662
"12095","Sweden",5,"STRPNE_37",2014,0,0,737.9999979336
"12096","Sweden",5,"STRPNE_37",2015,1.0498033359,0.131061590288336,800.9999982378
"12097","Sweden",5,"STRPNE_37",2016,0,0,863.9999986176
"12098","Sweden",5,"STRPNE_37",2017,0,0,859.99999785
"12099","Sweden",5,"STRPNE_37",2018,0,0,852.9999999147
"12100","Sweden",5,"STRPNE_37",2019,0,0,862.9999975836
"12101","Sweden",5,"STRPNE_37",2020,1.0753623097,0.28985507057971,370.999999258
"12102","Sweden",5,"STRPNE_37",2021,1.115068482,0.273972600383562,406.9999994302
"12103","Sweden",5,"STRPNE_37",2022,1.057268664,0.146842870323054,719.999998416
"12104","Sweden",5,"STRPNE_37",2023,0,0,807.9999981416
"12105","Sweden",5,"STRPNE_37",2024,0,0,787.9999981876
"12106","Sweden",5,"STRPNE_38",2011,5.3270348394,0.726744181235465,732.9999987539
"12107","Sweden",5,"STRPNE_38",2012,12.602545947,1.55586987435644,809.999997732
"12108","Sweden",5,"STRPNE_38",2013,10.2774108088,1.32100396277411,777.9999983662
"12109","Sweden",5,"STRPNE_38",2014,4.1813030574,0.566572231586402,737.9999979336
"12110","Sweden",5,"STRPNE_38",2015,9.4482306639,1.17955439259502,800.9999982378
"12111","Sweden",5,"STRPNE_38",2016,4.1638554144,0.481927710771084,863.9999986176
"12112","Sweden",5,"STRPNE_38",2017,7.226890718,0.84033613210084,859.99999785
"12113","Sweden",5,"STRPNE_38",2018,1.0492004919,0.1230012300123,852.9999999147
"12114","Sweden",5,"STRPNE_38",2019,8.6624842693,1.00376411281054,862.9999975836
"12115","Sweden",5,"STRPNE_38",2020,3.2260869291,0.86956521173913,370.999999258
"12116","Sweden",5,"STRPNE_38",2021,0,0,406.9999994302
"12117","Sweden",5,"STRPNE_38",2022,1.057268664,0.146842870323054,719.999998416
"12118","Sweden",5,"STRPNE_38",2023,3.1603649824,0.391134280899609,807.9999981416
"12119","Sweden",5,"STRPNE_38",2024,10.5347593132,1.33689839307487,787.9999981876
"12120","Sweden",5,"STRPNE_39",2014,0,0,737.9999979336
"12121","Sweden",5,"STRPNE_39",2016,0,0,863.9999986176
"12122","Sweden",5,"STRPNE_39",2020,0,0,370.999999258
"12123","Sweden",5,"STRPNE_39",2021,0,0,406.9999994302
"12124","Sweden",5,"STRPNE_39",2022,0,0,719.999998416
"12125","Sweden",5,"STRPNE_4",2011,18.1119185859,2.47093023420058,732.9999987539
"12126","Sweden",5,"STRPNE_4",2012,14.89391793,1.83875530514851,809.999997732
"12127","Sweden",5,"STRPNE_4",2013,14.3883751012,1.84940554388375,777.9999983662
"12128","Sweden",5,"STRPNE_4",2014,5.2266288402,0.708215291983003,737.9999979336
"12129","Sweden",5,"STRPNE_4",2015,5.2490169999,0.655307991441678,800.9999982378
"12130","Sweden",5,"STRPNE_4",2016,3.1228915392,0.361445780578313,863.9999986176
"12131","Sweden",5,"STRPNE_4",2017,6.194477746,0.72028811180072,859.99999785
"12132","Sweden",5,"STRPNE_4",2018,5.2460024595,0.615006150061501,852.9999999147
"12133","Sweden",5,"STRPNE_4",2019,4.3312420915,0.50188205140527,862.9999975836
"12134","Sweden",5,"STRPNE_4",2020,0,0,370.999999258
"12135","Sweden",5,"STRPNE_4",2021,6.6904109327,1.64383561230137,406.9999994302
"12136","Sweden",5,"STRPNE_4",2022,5.286343608,0.734214391615272,719.999998416
"12137","Sweden",5,"STRPNE_4",2023,3.1603649824,0.391134280899609,807.9999981416
"12138","Sweden",5,"STRPNE_4",2024,5.2673796172,0.668449191537433,787.9999981876
"12139","Sweden",5,"STRPNE_40",2013,0,0,777.9999983662
"12140","Sweden",5,"STRPNE_40",2015,0,0,800.9999982378
"12141","Sweden",5,"STRPNE_40",2017,0,0,859.99999785
"12142","Sweden",5,"STRPNE_40",2022,0,0,719.999998416
"12143","Sweden",5,"STRPNE_40",2023,0,0,807.9999981416
"12144","Sweden",5,"STRPNE_40",2024,0,0,787.9999981876
"12145","Sweden",5,"STRPNE_41A",2019,0,0,862.9999975836
"12146","Sweden",5,"STRPNE_42",2016,0,0,863.9999986176
"12147","Sweden",5,"STRPNE_42",2018,0,0,852.9999999147
"12148","Sweden",5,"STRPNE_42",2022,0,0,719.999998416
"12149","Sweden",5,"STRPNE_43",2020,0,0,370.999999258
"12150","Sweden",5,"STRPNE_43",2023,0,0,807.9999981416
"12151","Sweden",5,"STRPNE_43",2024,0,0,787.9999981876
"12152","Sweden",5,"STRPNE_45",2016,0,0,863.9999986176
"12153","Sweden",5,"STRPNE_46",2015,0,0,800.9999982378
"12154","Sweden",5,"STRPNE_46",2022,0,0,719.999998416
"12155","Sweden",5,"STRPNE_47F",2016,0,0,863.9999986176
"12156","Sweden",5,"STRPNE_5",2011,0,0,732.9999987539
"12157","Sweden",5,"STRPNE_5",2012,1.145685951,0.14144271039604,809.999997732
"12158","Sweden",5,"STRPNE_5",2013,0,0,777.9999983662
"12159","Sweden",5,"STRPNE_5",2014,0,0,737.9999979336
"12160","Sweden",5,"STRPNE_5",2015,0,0,800.9999982378
"12161","Sweden",5,"STRPNE_5",2016,0,0,863.9999986176
"12162","Sweden",5,"STRPNE_5",2017,2.064825858,0.24009603060024,859.99999785
"12163","Sweden",5,"STRPNE_5",2019,0,0,862.9999975836
"12164","Sweden",5,"STRPNE_5",2021,0,0,406.9999994302
"12165","Sweden",5,"STRPNE_5",2022,0,0,719.999998416
"12166","Sweden",5,"STRPNE_5",2023,0,0,807.9999981416
"12167","Sweden",5,"STRPNE_5",2024,0,0,787.9999981876
"12168","Sweden",5,"STRPNE_6",2011,0,0,732.9999987539
"12169","Sweden",5,"STRPNE_6",2012,2.291371983,0.282885430792079,809.999997732
"12170","Sweden",5,"STRPNE_6",2013,0,0,777.9999983662
"12171","Sweden",5,"STRPNE_6",2014,0,0,737.9999979336
"12172","Sweden",5,"STRPNE_6",2015,0,0,800.9999982378
"12173","Sweden",5,"STRPNE_6",2017,0,0,859.99999785
"12174","Sweden",5,"STRPNE_6",2018,0,0,852.9999999147
"12175","Sweden",5,"STRPNE_6",2019,0,0,862.9999975836
"12176","Sweden",5,"STRPNE_6",2020,0,0,370.999999258
"12177","Sweden",5,"STRPNE_6",2022,0,0,719.999998416
"12178","Sweden",5,"STRPNE_6",2023,0,0,807.9999981416
"12179","Sweden",5,"STRPNE_6",2024,0,0,787.9999981876
"12180","Sweden",5,"STRPNE_6A",2011,45.8125,6.250000010625,732.9999987539
"12181","Sweden",5,"STRPNE_6A",2012,11.456859915,1.4144271539604,809.999997732
"12182","Sweden",5,"STRPNE_6A",2013,20.5548216176,2.64200792554822,777.9999983662
"12183","Sweden",5,"STRPNE_6A",2014,6.271954623,0.849858352379603,737.9999979336
"12184","Sweden",5,"STRPNE_6A",2015,7.3486238319,0.917431192018349,800.9999982378
"12185","Sweden",5,"STRPNE_6A",2016,6.2457830784,0.722891561156626,863.9999986176
"12186","Sweden",5,"STRPNE_6A",2017,10.324129634,1.2004801930012,859.99999785
"12187","Sweden",5,"STRPNE_6A",2018,2.0984009838,0.2460024600246,852.9999999147
"12188","Sweden",5,"STRPNE_6A",2019,4.3312420915,0.50188205140527,862.9999975836
"12189","Sweden",5,"STRPNE_6A",2020,3.2260869291,0.86956521173913,370.999999258
"12190","Sweden",5,"STRPNE_6A",2021,5.5753424507,1.36986301191781,406.9999994302
"12191","Sweden",5,"STRPNE_6A",2022,0,0,719.999998416
"12192","Sweden",5,"STRPNE_6A",2023,3.1603649824,0.391134280899609,807.9999981416
"12193","Sweden",5,"STRPNE_6A",2024,2.1069517996,0.267379670614973,787.9999981876
"12194","Sweden",5,"STRPNE_6B",2011,22.3735465014,3.05232558518895,732.9999987539
"12195","Sweden",5,"STRPNE_6B",2012,16.039603881,1.98019801554455,809.999997732
"12196","Sweden",5,"STRPNE_6B",2013,13.360634067,1.71730515360634,777.9999983662
"12197","Sweden",5,"STRPNE_6B",2014,15.6798866682,2.12464589594901,737.9999979336
"12198","Sweden",5,"STRPNE_6B",2015,7.3486238319,0.917431192018349,800.9999982378
"12199","Sweden",5,"STRPNE_6B",2016,3.1228915392,0.361445780578313,863.9999986176
"12200","Sweden",5,"STRPNE_6B",2017,10.324129634,1.2004801930012,859.99999785
"12201","Sweden",5,"STRPNE_6B",2018,5.2460024595,0.615006150061501,852.9999999147
"12202","Sweden",5,"STRPNE_6B",2019,4.3312420915,0.50188205140527,862.9999975836
"12203","Sweden",5,"STRPNE_6B",2020,3.2260869291,0.86956521173913,370.999999258
"12204","Sweden",5,"STRPNE_6B",2021,4.4602739687,1.09589041153425,406.9999994302
"12205","Sweden",5,"STRPNE_6B",2022,2.1145374,0.293685750646109,719.999998416
"12206","Sweden",5,"STRPNE_6B",2023,0,0,807.9999981416
"12207","Sweden",5,"STRPNE_6B",2024,4.213903678,0.534759351229946,787.9999981876
"12208","Sweden",5,"STRPNE_6C",2011,36.2238371718,4.94186046840116,732.9999987539
"12209","Sweden",5,"STRPNE_6C",2012,33.224893875,4.10183876148515,809.999997732
"12210","Sweden",5,"STRPNE_6C",2013,50.3593130098,6.47291942359313,777.9999983662
"12211","Sweden",5,"STRPNE_6C",2014,47.0396600046,6.37393768784703,737.9999979336
"12212","Sweden",5,"STRPNE_6C",2015,56.6893839834,7.07732635557012,800.9999982378
"12213","Sweden",5,"STRPNE_6C",2016,53.0891565984,6.14457831983133,863.9999986176
"12214","Sweden",5,"STRPNE_6C",2017,54.717887086,6.36254502590636,859.99999785
"12215","Sweden",5,"STRPNE_6C",2018,52.460024595,6.15006150061501,852.9999999147
"12216","Sweden",5,"STRPNE_6C",2019,53.057716376,6.14805521721455,862.9999975836
"12217","Sweden",5,"STRPNE_6C",2020,36.5623188266,9.85507247971015,370.999999258
"12218","Sweden",5,"STRPNE_6C",2021,33.4520547856,8.21917809150685,406.9999994302
"12219","Sweden",5,"STRPNE_6C",2022,69.77973564,9.69162997132159,719.999998416
"12220","Sweden",5,"STRPNE_6C",2023,92.7040417192,11.4732725163885,807.9999981416
"12221","Sweden",5,"STRPNE_6C",2024,106.4010694652,13.5026738210561,787.9999981876
"12222","Sweden",5,"STRPNE_6D",2012,0,0,809.999997732
"12223","Sweden",5,"STRPNE_6D",2013,0,0,777.9999983662
"12224","Sweden",5,"STRPNE_6D",2014,0,0,737.9999979336
"12225","Sweden",5,"STRPNE_6D",2015,0,0,800.9999982378
"12226","Sweden",5,"STRPNE_6D",2016,0,0,863.9999986176
"12227","Sweden",5,"STRPNE_6D",2017,0,0,859.99999785
"12228","Sweden",5,"STRPNE_6D",2018,0,0,852.9999999147
"12229","Sweden",5,"STRPNE_6D",2019,0,0,862.9999975836
"12230","Sweden",5,"STRPNE_6D",2020,0,0,370.999999258
"12231","Sweden",5,"STRPNE_6D",2021,1.115068482,0.273972600383562,406.9999994302
"12232","Sweden",5,"STRPNE_6D",2022,0,0,719.999998416
"12233","Sweden",5,"STRPNE_6D",2023,0,0,807.9999981416
"12234","Sweden",5,"STRPNE_6D",2024,0,0,787.9999981876
"12235","Sweden",5,"STRPNE_7",2011,0,0,732.9999987539
"12236","Sweden",5,"STRPNE_7",2012,1.145685951,0.14144271039604,809.999997732
"12237","Sweden",5,"STRPNE_7",2013,0,0,777.9999983662
"12238","Sweden",5,"STRPNE_7",2014,0,0,737.9999979336
"12239","Sweden",5,"STRPNE_7",2016,0,0,863.9999986176
"12240","Sweden",5,"STRPNE_7",2019,0,0,862.9999975836
"12241","Sweden",5,"STRPNE_7",2022,0,0,719.999998416
"12242","Sweden",5,"STRPNE_7",2024,0,0,787.9999981876
"12243","Sweden",5,"STRPNE_7A",2012,0,0,809.999997732
"12244","Sweden",5,"STRPNE_7A",2014,0,0,737.9999979336
"12245","Sweden",5,"STRPNE_7A",2015,0,0,800.9999982378
"12246","Sweden",5,"STRPNE_7A",2017,0,0,859.99999785
"12247","Sweden",5,"STRPNE_7A",2018,0,0,852.9999999147
"12248","Sweden",5,"STRPNE_7A",2019,2.1656210026,0.250941020702635,862.9999975836
"12249","Sweden",5,"STRPNE_7A",2020,1.0753623097,0.28985507057971,370.999999258
"12250","Sweden",5,"STRPNE_7A",2022,0,0,719.999998416
"12251","Sweden",5,"STRPNE_7A",2023,0,0,807.9999981416
"12252","Sweden",5,"STRPNE_7A",2024,0,0,787.9999981876
"12253","Sweden",5,"STRPNE_7B",2011,0,0,732.9999987539
"12254","Sweden",5,"STRPNE_7B",2012,1.145685951,0.14144271039604,809.999997732
"12255","Sweden",5,"STRPNE_7B",2013,1.0277410342,0.132100390277411,777.9999983662
"12256","Sweden",5,"STRPNE_7B",2014,1.045325709,0.1416430503966,737.9999979336
"12257","Sweden",5,"STRPNE_7B",2015,0,0,800.9999982378
"12258","Sweden",5,"STRPNE_7B",2016,0,0,863.9999986176
"12259","Sweden",5,"STRPNE_7B",2017,0,0,859.99999785
"12260","Sweden",5,"STRPNE_7B",2018,0,0,852.9999999147
"12261","Sweden",5,"STRPNE_7B",2019,2.1656210026,0.250941020702635,862.9999975836
"12262","Sweden",5,"STRPNE_7B",2020,1.0753623097,0.28985507057971,370.999999258
"12263","Sweden",5,"STRPNE_7B",2021,0,0,406.9999994302
"12264","Sweden",5,"STRPNE_7B",2022,0,0,719.999998416
"12265","Sweden",5,"STRPNE_7B",2023,0,0,807.9999981416
"12266","Sweden",5,"STRPNE_7B",2024,0,0,787.9999981876
"12267","Sweden",5,"STRPNE_7C",2011,0,0,732.9999987539
"12268","Sweden",5,"STRPNE_7C",2012,0,0,809.999997732
"12269","Sweden",5,"STRPNE_7C",2013,0,0,777.9999983662
"12270","Sweden",5,"STRPNE_7C",2014,1.045325709,0.1416430503966,737.9999979336
"12271","Sweden",5,"STRPNE_7C",2015,3.1494101679,0.393184790865007,800.9999982378
"12272","Sweden",5,"STRPNE_7C",2016,3.1228915392,0.361445780578313,863.9999986176
"12273","Sweden",5,"STRPNE_7C",2017,2.064825858,0.24009603060024,859.99999785
"12274","Sweden",5,"STRPNE_7C",2018,2.0984009838,0.2460024600246,852.9999999147
"12275","Sweden",5,"STRPNE_7C",2019,7.579673768,0.878293602459222,862.9999975836
"12276","Sweden",5,"STRPNE_7C",2020,2.1507246194,0.57971014115942,370.999999258
"12277","Sweden",5,"STRPNE_7C",2021,7.8054794147,1.91780821268493,406.9999994302
"12278","Sweden",5,"STRPNE_7C",2022,8.458149744,1.17474302258443,719.999998416
"12279","Sweden",5,"STRPNE_7C",2023,9.4810951088,1.17340286269883,807.9999981416
"12280","Sweden",5,"STRPNE_7C",2024,10.5347593132,1.33689839307487,787.9999981876
"12281","Sweden",5,"STRPNE_7F",2011,36.2238371718,4.94186046840116,732.9999987539
"12282","Sweden",5,"STRPNE_7F",2012,38.953323873,4.80905234346535,809.999997732
"12283","Sweden",5,"STRPNE_7F",2013,28.7767502802,3.6988110977675,777.9999983662
"12284","Sweden",5,"STRPNE_7F",2014,34.4957506848,4.67422097308782,737.9999979336
"12285","Sweden",5,"STRPNE_7F",2015,17.8466579118,2.2280471849017,800.9999982378
"12286","Sweden",5,"STRPNE_7F",2016,12.4915662432,1.44578313231325,863.9999986176
"12287","Sweden",5,"STRPNE_7F",2017,6.194477746,0.72028811180072,859.99999785
"12288","Sweden",5,"STRPNE_7F",2018,5.2460024595,0.615006150061501,852.9999999147
"12289","Sweden",5,"STRPNE_7F",2019,9.7452947706,1.12923462316186,862.9999975836
"12290","Sweden",5,"STRPNE_7F",2020,2.1507246194,0.57971014115942,370.999999258
"12291","Sweden",5,"STRPNE_7F",2021,0,0,406.9999994302
"12292","Sweden",5,"STRPNE_7F",2022,3.171806136,0.440528630969163,719.999998416
"12293","Sweden",5,"STRPNE_7F",2023,1.0534549672,0.13037809029987,807.9999981416
"12294","Sweden",5,"STRPNE_7F",2024,3.1604277388,0.40106951092246,787.9999981876
"12295","Sweden",5,"STRPNE_8",2011,12.7848836732,1.74418604296512,732.9999987539
"12296","Sweden",5,"STRPNE_8",2012,13.748231898,1.69731258475248,809.999997732
"12297","Sweden",5,"STRPNE_8",2013,14.3883751012,1.84940554388375,777.9999983662
"12298","Sweden",5,"STRPNE_8",2014,16.725212451,2.26628895634561,737.9999979336
"12299","Sweden",5,"STRPNE_8",2015,34.6435124076,4.32503276951507,800.9999982378
"12300","Sweden",5,"STRPNE_8",2016,40.5975903552,4.69879518751807,863.9999986176
"12301","Sweden",5,"STRPNE_8",2017,55.750300058,6.48259304620648,859.99999785
"12302","Sweden",5,"STRPNE_8",2018,74.4932349249,8.73308733087331,852.9999999147
"12303","Sweden",5,"STRPNE_8",2019,77.9623587689,9.03387705529485,862.9999975836
"12304","Sweden",5,"STRPNE_8",2020,38.713043446,10.4347826208696,370.999999258
"12305","Sweden",5,"STRPNE_8",2021,34.5671232676,8.49315069189041,406.9999994302
"12306","Sweden",5,"STRPNE_8",2022,60.26431716,8.3700440684141,719.999998416
"12307","Sweden",5,"STRPNE_8",2023,54.7796609608,6.77966102559322,807.9999981416
"12308","Sweden",5,"STRPNE_8",2024,40.032085532,5.08021391168449,787.9999981876
"12309","Sweden",5,"STRPNE_9",2011,0,0,732.9999987539
"12310","Sweden",5,"STRPNE_9",2012,1.145685951,0.14144271039604,809.999997732
"12311","Sweden",5,"STRPNE_9",2013,0,0,777.9999983662
"12312","Sweden",5,"STRPNE_9",2014,0,0,737.9999979336
"12313","Sweden",5,"STRPNE_9",2015,0,0,800.9999982378
"12314","Sweden",5,"STRPNE_9",2016,0,0,863.9999986176
"12315","Sweden",5,"STRPNE_9",2017,0,0,859.99999785
"12316","Sweden",5,"STRPNE_9",2018,0,0,852.9999999147
"12317","Sweden",5,"STRPNE_9",2019,0,0,862.9999975836
"12318","Sweden",5,"STRPNE_9",2021,0,0,406.9999994302
"12319","Sweden",5,"STRPNE_9",2022,0,0,719.999998416
"12320","Sweden",5,"STRPNE_9",2024,0,0,787.9999981876
"12321","Sweden",5,"STRPNE_9A",2011,0,0,732.9999987539
"12322","Sweden",5,"STRPNE_9A",2012,1.145685951,0.14144271039604,809.999997732
"12323","Sweden",5,"STRPNE_9A",2013,0,0,777.9999983662
"12324","Sweden",5,"STRPNE_9A",2014,0,0,737.9999979336
"12325","Sweden",5,"STRPNE_9A",2015,0,0,800.9999982378
"12326","Sweden",5,"STRPNE_9A",2016,0,0,863.9999986176
"12327","Sweden",5,"STRPNE_9A",2017,0,0,859.99999785
"12328","Sweden",5,"STRPNE_9A",2018,0,0,852.9999999147
"12329","Sweden",5,"STRPNE_9A",2019,0,0,862.9999975836
"12330","Sweden",5,"STRPNE_9A",2020,0,0,370.999999258
"12331","Sweden",5,"STRPNE_9A",2021,0,0,406.9999994302
"12332","Sweden",5,"STRPNE_9A",2022,1.057268664,0.146842870323054,719.999998416
"12333","Sweden",5,"STRPNE_9A",2023,0,0,807.9999981416
"12334","Sweden",5,"STRPNE_9A",2024,0,0,787.9999981876
"12335","Sweden",5,"STRPNE_9L",2011,1.0654069239,0.145348830247093,732.9999987539
"12336","Sweden",5,"STRPNE_9L",2013,1.0277410342,0.132100390277411,777.9999983662
"12337","Sweden",5,"STRPNE_9L",2014,0,0,737.9999979336
"12338","Sweden",5,"STRPNE_9L",2015,0,0,800.9999982378
"12339","Sweden",5,"STRPNE_9L",2016,0,0,863.9999986176
"12340","Sweden",5,"STRPNE_9L",2017,0,0,859.99999785
"12341","Sweden",5,"STRPNE_9L",2018,0,0,852.9999999147
"12342","Sweden",5,"STRPNE_9L",2019,0,0,862.9999975836
"12343","Sweden",5,"STRPNE_9L",2020,0,0,370.999999258
"12344","Sweden",5,"STRPNE_9L",2021,0,0,406.9999994302
"12345","Sweden",5,"STRPNE_9L",2022,0,0,719.999998416
"12346","Sweden",5,"STRPNE_9L",2023,0,0,807.9999981416
"12347","Sweden",5,"STRPNE_9L",2024,0,0,787.9999981876
"12348","Sweden",5,"STRPNE_9N",2011,28.765988338,3.92441860667151,732.9999987539
"12349","Sweden",5,"STRPNE_9N",2012,33.224893875,4.10183876148515,809.999997732
"12350","Sweden",5,"STRPNE_9N",2013,35.9709379086,4.62351387970938,777.9999983662
"12351","Sweden",5,"STRPNE_9N",2014,42.8583568734,5.80736544626062,737.9999979336
"12352","Sweden",5,"STRPNE_9N",2015,51.4403669034,6.42201835412844,800.9999982378
"12353","Sweden",5,"STRPNE_9N",2016,59.3349396768,6.86746988098795,863.9999986176
"12354","Sweden",5,"STRPNE_9N",2017,47.490996368,5.52220889380552,859.99999785
"12355","Sweden",5,"STRPNE_9N",2018,38.8204182003,4.5510455104551,852.9999999147
"12356","Sweden",5,"STRPNE_9N",2019,43.3124215191,5.0188205840527,862.9999975836
"12357","Sweden",5,"STRPNE_9N",2020,10.7536231712,2.8985507257971,370.999999258
"12358","Sweden",5,"STRPNE_9N",2021,11.1506849014,2.73972602383562,406.9999994302
"12359","Sweden",5,"STRPNE_9N",2022,17.973568224,2.49632892549192,719.999998416
"12360","Sweden",5,"STRPNE_9N",2023,22.1225553616,2.73794002629726,807.9999981416
"12361","Sweden",5,"STRPNE_9N",2024,11.5882352524,1.47058823338235,787.9999981876
"12362","Sweden",5,"STRPNE_9V",2011,28.765988338,3.92441860667151,732.9999987539
"12363","Sweden",5,"STRPNE_9V",2012,24.059405862,2.97029702831683,809.999997732
"12364","Sweden",5,"STRPNE_9V",2013,8.2219286626,1.05680317221929,777.9999983662
"12365","Sweden",5,"STRPNE_9V",2014,7.3172804058,0.991501412776204,737.9999979336
"12366","Sweden",5,"STRPNE_9V",2015,8.3984272479,1.04849279230668,800.9999982378
"12367","Sweden",5,"STRPNE_9V",2016,4.1638554144,0.481927710771084,863.9999986176
"12368","Sweden",5,"STRPNE_9V",2017,2.064825858,0.24009603060024,859.99999785
"12369","Sweden",5,"STRPNE_9V",2018,1.0492004919,0.1230012300123,852.9999999147
"12370","Sweden",5,"STRPNE_9V",2019,3.2484315902,0.376411541053952,862.9999975836
"12371","Sweden",5,"STRPNE_9V",2020,2.1507246194,0.57971014115942,370.999999258
"12372","Sweden",5,"STRPNE_9V",2021,1.115068482,0.273972600383562,406.9999994302
"12373","Sweden",5,"STRPNE_9V",2022,2.1145374,0.293685750646109,719.999998416
"12374","Sweden",5,"STRPNE_9V",2023,1.0534549672,0.13037809029987,807.9999981416
"12375","Sweden",5,"STRPNE_9V",2024,0,0,787.9999981876
"12376","Sweden",5,"STRPNE_NTYP",2011,0,0,732.9999987539
"12377","Sweden",5,"STRPNE_NTYP",2012,0,0,809.999997732
"12378","Sweden",5,"STRPNE_NTYP",2013,0,0,777.9999983662
"12379","Sweden",5,"STRPNE_NTYP",2014,0,0,737.9999979336
"12380","Sweden",5,"STRPNE_NTYP",2015,0,0,800.9999982378
"12381","Sweden",5,"STRPNE_NTYP",2016,0,0,863.9999986176
"12382","Sweden",5,"STRPNE_NTYP",2017,0,0,859.99999785
"12383","Sweden",5,"STRPNE_NTYP",2018,0,0,852.9999999147
"12384","Sweden",5,"STRPNE_NTYP",2019,0,0,862.9999975836
"12385","Sweden",5,"STRPNE_NTYP",2020,0,0,370.999999258
"12386","Sweden",5,"STRPNE_NTYP",2021,0,0,406.9999994302
"12387","Sweden",5,"STRPNE_NTYP",2022,0,0,719.999998416
"12388","Sweden",5,"STRPNE_NTYP",2023,0,0,807.9999981416
"12389","Sweden",5,"STRPNE_NTYP",2024,1.0534758604,0.133689830307487,787.9999981876
"12390","United Kingdom",1,"STRPNE_1",2011,25.9112874732,9.02832317048182,286.9999997111
"12391","United Kingdom",1,"STRPNE_1",2012,23.8115922468,8.4139902078553,282.9999995076
"12392","United Kingdom",1,"STRPNE_1",2013,7.2222222038,2.23598210916503,322.9999996063
"12393","United Kingdom",1,"STRPNE_1",2014,2.5128129214,0.985416833356413,254.9999996287
"12394","United Kingdom",1,"STRPNE_1",2015,0,0,286.9999997191
"12395","United Kingdom",1,"STRPNE_1",2016,0,0,301.9999995772
"12396","United Kingdom",1,"STRPNE_1",2017,0,0,263.9999996604
"12397","United Kingdom",1,"STRPNE_1",2018,0,0,290.9999996049
"12398","United Kingdom",1,"STRPNE_1",2019,1.2121212,0.462641680021472,261.999999642
"12399","United Kingdom",1,"STRPNE_10A",2011,8.6850088084,3.02613547635627,286.9999997111
"12400","United Kingdom",1,"STRPNE_10A",2012,15.9500332984,5.63605417885227,282.9999995076
"12401","United Kingdom",1,"STRPNE_10A",2013,12.8148148083,3.96743493000613,322.9999996063
"12402","United Kingdom",1,"STRPNE_10A",2014,12.5681056392,4.92866888529417,254.9999996287
"12403","United Kingdom",1,"STRPNE_10A",2015,20.1749999862,7.02961672681052,286.9999997191
"12404","United Kingdom",1,"STRPNE_10A",2016,31.2314522194,10.3415404844782,301.9999995772
"12405","United Kingdom",1,"STRPNE_10A",2017,29.3883495108,11.1319505865925,263.9999996604
"12406","United Kingdom",1,"STRPNE_10A",2018,29.3982124941,10.1024785340257,290.9999996049
"12407","United Kingdom",1,"STRPNE_10A",2019,32.132788549,12.2644231270636,261.999999642
"12408","United Kingdom",1,"STRPNE_10B",2011,0,0,286.9999997111
"12409","United Kingdom",1,"STRPNE_10B",2012,0,0,282.9999995076
"12410","United Kingdom",1,"STRPNE_10B",2013,0,0,322.9999996063
"12411","United Kingdom",1,"STRPNE_10B",2014,0,0,254.9999996287
"12412","United Kingdom",1,"STRPNE_10B",2015,0,0,286.9999997191
"12413","United Kingdom",1,"STRPNE_10B",2016,0,0,301.9999995772
"12414","United Kingdom",1,"STRPNE_10B",2017,0,0,263.9999996604
"12415","United Kingdom",1,"STRPNE_10B",2018,1.1052631464,0.379815514742492,290.9999996049
"12416","United Kingdom",1,"STRPNE_10B",2019,0,0,261.999999642
"12417","United Kingdom",1,"STRPNE_10F",2019,0,0,261.999999642
"12418","United Kingdom",1,"STRPNE_11A",2011,6.1707230916,2.15007773442912,286.9999997111
"12419","United Kingdom",1,"STRPNE_11A",2012,4.4431711932,1.57002515933951,282.9999995076
"12420","United Kingdom",1,"STRPNE_11A",2013,4.4999999928,1.3931888539582,322.9999996063
"12421","United Kingdom",1,"STRPNE_11A",2014,5.025625854,1.97083367110498,254.9999996287
"12422","United Kingdom",1,"STRPNE_11A",2015,6.3833333142,2.22415795137549,286.9999997191
"12423","United Kingdom",1,"STRPNE_11A",2016,6.6871663549,2.21429349810001,301.9999995772
"12424","United Kingdom",1,"STRPNE_11A",2017,3.2496532392,1.23092925885615,263.9999996604
"12425","United Kingdom",1,"STRPNE_11A",2018,5.5814299698,1.91801717435673,290.9999996049
"12426","United Kingdom",1,"STRPNE_11A",2019,4.848484848,1.8505667384065,261.999999642
"12427","United Kingdom",1,"STRPNE_11B",2012,0,0,282.9999995076
"12428","United Kingdom",1,"STRPNE_11B",2017,0,0,263.9999996604
"12429","United Kingdom",1,"STRPNE_11D",2016,1.10218977,0.364963500510949,301.9999995772
"12430","United Kingdom",1,"STRPNE_11F",2018,0,0,290.9999996049
"12431","United Kingdom",1,"STRPNE_12",2013,0,0,322.9999996063
"12432","United Kingdom",1,"STRPNE_12",2014,0,0,254.9999996287
"12433","United Kingdom",1,"STRPNE_12",2015,0,0,286.9999997191
"12434","United Kingdom",1,"STRPNE_12",2017,0,0,263.9999996604
"12435","United Kingdom",1,"STRPNE_12",2019,0,0,261.999999642
"12436","United Kingdom",1,"STRPNE_12A",2013,0,0,322.9999996063
"12437","United Kingdom",1,"STRPNE_12A",2015,0,0,286.9999997191
"12438","United Kingdom",1,"STRPNE_12A",2017,0,0,263.9999996604
"12439","United Kingdom",1,"STRPNE_12B",2012,0,0,282.9999995076
"12440","United Kingdom",1,"STRPNE_12B",2014,1.2543859614,0.491916064010386,254.9999996287
"12441","United Kingdom",1,"STRPNE_12B",2015,0,0,286.9999997191
"12442","United Kingdom",1,"STRPNE_12B",2016,0,0,301.9999995772
"12443","United Kingdom",1,"STRPNE_12B",2017,0,0,263.9999996604
"12444","United Kingdom",1,"STRPNE_12B",2019,0,0,261.999999642
"12445","United Kingdom",1,"STRPNE_12F",2011,7.3991181521,2.57808995106206,286.9999997111
"12446","United Kingdom",1,"STRPNE_12F",2012,3.190006641,1.12721082916975,282.9999995076
"12447","United Kingdom",1,"STRPNE_12F",2013,22.7592592437,7.04621030075571,322.9999996063
"12448","United Kingdom",1,"STRPNE_12F",2014,22.603193359,8.86399740859295,254.9999996287
"12449","United Kingdom",1,"STRPNE_12F",2015,52.1249999862,18.162020918891,286.9999997191
"12450","United Kingdom",1,"STRPNE_12F",2016,39.0701601273,12.937139133112,301.9999995772
"12451","United Kingdom",1,"STRPNE_12F",2017,35.7815533902,13.553618725844,263.9999996604
"12452","United Kingdom",1,"STRPNE_12F",2018,32.4935451759,11.1661667422741,290.9999996049
"12453","United Kingdom",1,"STRPNE_12F",2019,13.0030643344,4.96300166113265,261.999999642
"12454","United Kingdom",1,"STRPNE_13",2015,0,0,286.9999997191
"12455","United Kingdom",1,"STRPNE_13",2016,0,0,301.9999995772
"12456","United Kingdom",1,"STRPNE_13",2019,0,0,261.999999642
"12457","United Kingdom",1,"STRPNE_14",2011,0,0,286.9999997111
"12458","United Kingdom",1,"STRPNE_14",2012,5.1268487482,1.8116073346715,282.9999995076
"12459","United Kingdom",1,"STRPNE_14",2013,0,0,322.9999996063
"12460","United Kingdom",1,"STRPNE_14",2014,1.2543859614,0.491916064010386,254.9999996287
"12461","United Kingdom",1,"STRPNE_14",2015,0,0,286.9999997191
"12462","United Kingdom",1,"STRPNE_14",2016,0,0,301.9999995772
"12463","United Kingdom",1,"STRPNE_14",2017,0,0,263.9999996604
"12464","United Kingdom",1,"STRPNE_14",2018,1.1052631464,0.379815514742492,290.9999996049
"12465","United Kingdom",1,"STRPNE_14",2019,1.2121212,0.462641680021472,261.999999642
"12466","United Kingdom",1,"STRPNE_15",2011,0,0,286.9999997111
"12467","United Kingdom",1,"STRPNE_15",2012,0,0,282.9999995076
"12468","United Kingdom",1,"STRPNE_15",2013,0,0,322.9999996063
"12469","United Kingdom",1,"STRPNE_15",2014,8.7928247368,3.44816656847178,254.9999996287
"12470","United Kingdom",1,"STRPNE_15",2016,0,0,301.9999995772
"12471","United Kingdom",1,"STRPNE_15",2017,0,0,263.9999996604
"12472","United Kingdom",1,"STRPNE_15",2018,0,0,290.9999996049
"12473","United Kingdom",1,"STRPNE_15",2019,0,0,261.999999642
"12474","United Kingdom",1,"STRPNE_15A",2011,9.884656071,3.44413103865857,286.9999997111
"12475","United Kingdom",1,"STRPNE_15A",2012,21.1910726129,7.48801153702154,282.9999995076
"12476","United Kingdom",1,"STRPNE_15A",2013,25.0740740454,7.76287123094812,322.9999996063
"12477","United Kingdom",1,"STRPNE_15A",2014,12.5559826353,4.92391476611078,254.9999996287
"12478","United Kingdom",1,"STRPNE_15A",2015,9.575,3.33623693706324,286.9999997191
"12479","United Kingdom",1,"STRPNE_15A",2016,10.043087463,3.32552565465574,301.9999995772
"12480","United Kingdom",1,"STRPNE_15A",2017,16.2482662902,6.15464632996257,263.9999996604
"12481","United Kingdom",1,"STRPNE_15A",2018,10.0575968055,3.45621883819777,290.9999996049
"12482","United Kingdom",1,"STRPNE_15A",2019,14.4133469422,5.50127746637198,261.999999642
"12483","United Kingdom",1,"STRPNE_15B",2011,6.1419753025,2.14006108316468,286.9999997111
"12484","United Kingdom",1,"STRPNE_15B",2012,12.190539622,4.30761118134653,282.9999995076
"12485","United Kingdom",1,"STRPNE_15B",2013,23.1666666502,7.17234262490325,322.9999996063
"12486","United Kingdom",1,"STRPNE_15B",2014,15.0687955679,5.90933160385935,254.9999996287
"12487","United Kingdom",1,"STRPNE_15B",2015,0,0,286.9999997191
"12488","United Kingdom",1,"STRPNE_15B",2016,0,0,301.9999995772
"12489","United Kingdom",1,"STRPNE_15B",2017,5.4278779398,2.05601437378115,263.9999996604
"12490","United Kingdom",1,"STRPNE_15B",2018,17.7944389143,6.1149274702612,290.9999996049
"12491","United Kingdom",1,"STRPNE_15B",2019,17.9176029884,6.83877977590948,261.999999642
"12492","United Kingdom",1,"STRPNE_15B/C",2012,0,0,282.9999995076
"12493","United Kingdom",1,"STRPNE_15B/C",2013,0,0,322.9999996063
"12494","United Kingdom",1,"STRPNE_15B/C",2014,0,0,254.9999996287
"12495","United Kingdom",1,"STRPNE_15B/C",2015,17.0333333291,5.93495935392728,286.9999997191
"12496","United Kingdom",1,"STRPNE_15B/C",2016,27.9495587556,9.25482079295675,301.9999995772
"12497","United Kingdom",1,"STRPNE_15B/C",2017,17.1782246742,6.50690329405206,263.9999996604
"12498","United Kingdom",1,"STRPNE_15B/C",2018,8.9523336591,3.07640332345528,290.9999996049
"12499","United Kingdom",1,"STRPNE_15B/C",2019,7.272727264,2.77585010455631,261.999999642
"12500","United Kingdom",1,"STRPNE_15C",2011,8.6275132126,3.00610216769499,286.9999997111
"12501","United Kingdom",1,"STRPNE_15C",2012,8.3168554076,2.93881817034302,282.9999995076
"12502","United Kingdom",1,"STRPNE_15C",2013,5.3148148086,1.64545350312017,322.9999996063
"12503","United Kingdom",1,"STRPNE_15C",2014,1.2543859614,0.491916064010386,254.9999996287
"12504","United Kingdom",1,"STRPNE_15C",2015,0,0,286.9999997191
"12505","United Kingdom",1,"STRPNE_15C",2016,0,0,301.9999995772
"12506","United Kingdom",1,"STRPNE_15C",2017,1.071428565,0.405844153931154,263.9999996604
"12507","United Kingdom",1,"STRPNE_15C",2018,2.265640497,0.778570618582864,290.9999996049
"12508","United Kingdom",1,"STRPNE_15C",2019,0,0,261.999999642
"12509","United Kingdom",1,"STRPNE_15F",2013,0,0,322.9999996063
"12510","United Kingdom",1,"STRPNE_15F",2016,4.4087591102,1.4598540120438,301.9999995772
"12511","United Kingdom",1,"STRPNE_16",2011,0,0,286.9999997111
"12512","United Kingdom",1,"STRPNE_16",2012,0,0,282.9999995076
"12513","United Kingdom",1,"STRPNE_16",2013,0,0,322.9999996063
"12514","United Kingdom",1,"STRPNE_16",2017,0,0,263.9999996604
"12515","United Kingdom",1,"STRPNE_16",2019,0,0,261.999999642
"12516","United Kingdom",1,"STRPNE_16F",2011,3.7139329706,1.29405330116325,286.9999997111
"12517","United Kingdom",1,"STRPNE_16F",2012,1.9368420888,0.684396498999989,282.9999995076
"12518","United Kingdom",1,"STRPNE_16F",2013,3.814814811,1.18105721846744,322.9999996063
"12519","United Kingdom",1,"STRPNE_16F",2014,1.2543859614,0.491916064010386,254.9999996287
"12520","United Kingdom",1,"STRPNE_16F",2015,2.133333328,0.743321717800694,286.9999997191
"12521","United Kingdom",1,"STRPNE_16F",2016,0,0,301.9999995772
"12522","United Kingdom",1,"STRPNE_16F",2017,2.14285713,0.811688307862308,263.9999996604
"12523","United Kingdom",1,"STRPNE_16F",2018,1.1603773506,0.398755103840372,290.9999996049
"12524","United Kingdom",1,"STRPNE_16F",2019,2.35818861,0.900071989779488,261.999999642
"12525","United Kingdom",1,"STRPNE_17F",2011,2.4855379101,0.866041084530311,286.9999997111
"12526","United Kingdom",1,"STRPNE_17F",2012,3.190006641,1.12721082916975,282.9999995076
"12527","United Kingdom",1,"STRPNE_17F",2013,0,0,322.9999996063
"12528","United Kingdom",1,"STRPNE_17F",2014,2.5087719228,0.983832128020772,254.9999996287
"12529","United Kingdom",1,"STRPNE_17F",2015,1.0583333291,0.368757257887052,286.9999997191
"12530","United Kingdom",1,"STRPNE_17F",2016,0,0,301.9999995772
"12531","United Kingdom",1,"STRPNE_17F",2017,0,0,263.9999996604
"12532","United Kingdom",1,"STRPNE_17F",2018,1.1052631464,0.379815514742492,290.9999996049
"12533","United Kingdom",1,"STRPNE_17F",2019,4.7163772462,1.80014398955898,261.999999642
"12534","United Kingdom",1,"STRPNE_18",2013,0,0,322.9999996063
"12535","United Kingdom",1,"STRPNE_18",2014,0,0,254.9999996287
"12536","United Kingdom",1,"STRPNE_18",2017,0,0,263.9999996604
"12537","United Kingdom",1,"STRPNE_18A",2011,0,0,286.9999997111
"12538","United Kingdom",1,"STRPNE_18A",2014,1.2543859614,0.491916064010386,254.9999996287
"12539","United Kingdom",1,"STRPNE_18A",2017,0,0,263.9999996604
"12540","United Kingdom",1,"STRPNE_18B",2015,0,0,286.9999997191
"12541","United Kingdom",1,"STRPNE_18B",2017,0,0,263.9999996604
"12542","United Kingdom",1,"STRPNE_18C",2011,2.4855379101,0.866041084530311,286.9999997111
"12543","United Kingdom",1,"STRPNE_18C",2012,1.2531645522,0.442814330169759,282.9999995076
"12544","United Kingdom",1,"STRPNE_18C",2013,3.4074073928,1.0549248906976,322.9999996063
"12545","United Kingdom",1,"STRPNE_18C",2014,0,0,254.9999996287
"12546","United Kingdom",1,"STRPNE_18C",2015,0,0,286.9999997191
"12547","United Kingdom",1,"STRPNE_18C",2016,1.1268656615,0.373134325522388,301.9999995772
"12548","United Kingdom",1,"STRPNE_18C",2017,0,0,263.9999996604
"12549","United Kingdom",1,"STRPNE_18C",2018,0,0,290.9999996049
"12550","United Kingdom",1,"STRPNE_18C",2019,0,0,261.999999642
"12551","United Kingdom",1,"STRPNE_18F",2012,0,0,282.9999995076
"12552","United Kingdom",1,"STRPNE_19",2011,0,0,286.9999997111
"12553","United Kingdom",1,"STRPNE_19",2012,0,0,282.9999995076
"12554","United Kingdom",1,"STRPNE_19",2013,0,0,322.9999996063
"12555","United Kingdom",1,"STRPNE_19",2016,0,0,301.9999995772
"12556","United Kingdom",1,"STRPNE_19",2018,0,0,290.9999996049
"12557","United Kingdom",1,"STRPNE_19A",2011,33.2529100383,11.5863798159488,286.9999997111
"12558","United Kingdom",1,"STRPNE_19A",2012,26.3179213611,9.29961887169305,282.9999995076
"12559","United Kingdom",1,"STRPNE_19A",2013,15.259259244,4.72422887386975,322.9999996063
"12560","United Kingdom",1,"STRPNE_19A",2014,11.3015966739,4.4319987021004,254.9999996287
"12561","United Kingdom",1,"STRPNE_19A",2015,10.6249999862,3.70209059114954,286.9999997191
"12562","United Kingdom",1,"STRPNE_19A",2016,15.6280640479,5.1748556522448,301.9999995772
"12563","United Kingdom",1,"STRPNE_19A",2017,11.785714275,4.46428571596997,263.9999996604
"12564","United Kingdom",1,"STRPNE_19A",2018,9.0074478465,3.09534290677997,290.9999996049
"12565","United Kingdom",1,"STRPNE_19A",2019,11.8569969244,4.52557135137464,261.999999642
"12566","United Kingdom",1,"STRPNE_19F",2011,2.4855379101,0.866041084530311,286.9999997111
"12567","United Kingdom",1,"STRPNE_19F",2012,4.4431711932,1.57002515933951,282.9999995076
"12568","United Kingdom",1,"STRPNE_19F",2013,0,0,322.9999996063
"12569","United Kingdom",1,"STRPNE_19F",2014,5.0296668526,1.97241837644062,254.9999996287
"12570","United Kingdom",1,"STRPNE_19F",2015,5.308333328,1.84959349588694,286.9999997191
"12571","United Kingdom",1,"STRPNE_19F",2016,1.1268656615,0.373134325522388,301.9999995772
"12572","United Kingdom",1,"STRPNE_19F",2017,3.2850207948,1.24432606023702,263.9999996604
"12573","United Kingdom",1,"STRPNE_19F",2018,9.0074478465,3.09534290677997,290.9999996049
"12574","United Kingdom",1,"STRPNE_19F",2019,7.0085120764,2.67500461296814,261.999999642
"12575","United Kingdom",1,"STRPNE_2",2012,0,0,282.9999995076
"12576","United Kingdom",1,"STRPNE_2",2016,1.10218977,0.364963500510949,301.9999995772
"12577","United Kingdom",1,"STRPNE_20",2011,1.2283950605,0.428012216632936,286.9999997111
"12578","United Kingdom",1,"STRPNE_20",2012,0,0,282.9999995076
"12579","United Kingdom",1,"STRPNE_20",2013,0,0,322.9999996063
"12580","United Kingdom",1,"STRPNE_20",2014,1.25842696,0.493500769346027,254.9999996287
"12581","United Kingdom",1,"STRPNE_20",2015,1.0583333291,0.368757257887052,286.9999997191
"12582","United Kingdom",1,"STRPNE_20",2016,3.3312452166,1.10306133154429,301.9999995772
"12583","United Kingdom",1,"STRPNE_20",2017,3.2850207948,1.24432606023702,263.9999996604
"12584","United Kingdom",1,"STRPNE_20",2018,1.1603773506,0.398755103840372,290.9999996049
"12585","United Kingdom",1,"STRPNE_20",2019,0,0,261.999999642
"12586","United Kingdom",1,"STRPNE_21",2011,3.6851851815,1.28403664989881,286.9999997111
"12587","United Kingdom",1,"STRPNE_21",2012,3.190006641,1.12721082916975,282.9999995076
"12588","United Kingdom",1,"STRPNE_21",2013,8.7222222014,2.70037839381777,322.9999996063
"12589","United Kingdom",1,"STRPNE_21",2014,6.2800118154,2.46274973511537,254.9999996287
"12590","United Kingdom",1,"STRPNE_21",2015,3.1916666571,1.11207897568775,286.9999997191
"12591","United Kingdom",1,"STRPNE_21",2016,3.3312452166,1.10306133154429,301.9999995772
"12592","United Kingdom",1,"STRPNE_21",2017,4.391816904,1.66356701123086,263.9999996604
"12593","United Kingdom",1,"STRPNE_21",2018,8.9523336591,3.07640332345528,290.9999996049
"12594","United Kingdom",1,"STRPNE_21",2019,4.6503234402,1.77493261318865,261.999999642
"12595","United Kingdom",1,"STRPNE_22",2012,0,0,282.9999995076
"12596","United Kingdom",1,"STRPNE_22",2014,0,0,254.9999996287
"12597","United Kingdom",1,"STRPNE_22",2018,0,0,290.9999996049
"12598","United Kingdom",1,"STRPNE_22F",2011,28.3105819984,9.86431429508641,286.9999997111
"12599","United Kingdom",1,"STRPNE_22F",2012,14.6968687363,5.19323984518428,282.9999995076
"12600","United Kingdom",1,"STRPNE_22F",2013,25.0740740454,7.76287123094812,322.9999996063
"12601","United Kingdom",1,"STRPNE_22F",2014,18.8521584787,7.39300333574518,254.9999996287
"12602","United Kingdom",1,"STRPNE_22F",2015,13.841666656,4.82288037266462,286.9999997191
"12603","United Kingdom",1,"STRPNE_22F",2016,16.8042814924,5.56433162779006,301.9999995772
"12604","United Kingdom",1,"STRPNE_22F",2017,9.748959759,3.69278779225027,263.9999996604
"12605","United Kingdom",1,"STRPNE_22F",2018,12.4334657355,4.27266864343001,290.9999996049
"12606","United Kingdom",1,"STRPNE_22F",2019,14.1491317546,5.4004319747838,261.999999642
"12607","United Kingdom",1,"STRPNE_23",2018,0,0,290.9999996049
"12608","United Kingdom",1,"STRPNE_23",2019,0,0,261.999999642
"12609","United Kingdom",1,"STRPNE_23A",2011,1.2571428496,0.438028867897375,286.9999997111
"12610","United Kingdom",1,"STRPNE_23A",2012,1.9368420888,0.684396498999989,282.9999995076
"12611","United Kingdom",1,"STRPNE_23A",2013,1.9074073952,0.590528606044864,322.9999996063
"12612","United Kingdom",1,"STRPNE_23A",2014,3.7671988828,1.4773328973668,254.9999996287
"12613","United Kingdom",1,"STRPNE_23A",2015,2.1249999851,0.740418113999942,286.9999997191
"12614","United Kingdom",1,"STRPNE_23A",2016,5.6096524462,1.8575008126005,301.9999995772
"12615","United Kingdom",1,"STRPNE_23A",2017,1.1067961092,0.419240950993842,263.9999996604
"12616","United Kingdom",1,"STRPNE_23A",2018,2.2105263096,0.75963103525818,290.9999996049
"12617","United Kingdom",1,"STRPNE_23A",2019,4.6503234402,1.77493261318865,261.999999642
"12618","United Kingdom",1,"STRPNE_23B",2011,3.6851851815,1.28403664989881,286.9999997111
"12619","United Kingdom",1,"STRPNE_23B",2012,14.6968687363,5.19323984518428,282.9999995076
"12620","United Kingdom",1,"STRPNE_23B",2013,8.7222222014,2.70037839381777,322.9999996063
"12621","United Kingdom",1,"STRPNE_23B",2014,22.6072343576,8.86558211392859,254.9999996287
"12622","United Kingdom",1,"STRPNE_23B",2015,17.0083333291,5.92624855252503,286.9999997191
"12623","United Kingdom",1,"STRPNE_23B",2016,20.1602026156,6.67556378934579,301.9999995772
"12624","United Kingdom",1,"STRPNE_23B",2017,19.4625520002,7.37217879743785,263.9999996604
"12625","United Kingdom",1,"STRPNE_23B",2018,21.4409135943,7.36801155443677,290.9999996049
"12626","United Kingdom",1,"STRPNE_23B",2019,23.7800476446,9.07635407522647,261.999999642
"12627","United Kingdom",1,"STRPNE_23F",2011,1.2571428496,0.438028867897375,286.9999997111
"12628","United Kingdom",1,"STRPNE_23F",2012,1.2531645522,0.442814330169759,282.9999995076
"12629","United Kingdom",1,"STRPNE_23F",2013,0,0,322.9999996063
"12630","United Kingdom",1,"STRPNE_23F",2014,0,0,254.9999996287
"12631","United Kingdom",1,"STRPNE_23F",2015,1.0583333291,0.368757257887052,286.9999997191
"12632","United Kingdom",1,"STRPNE_23F",2016,0,0,301.9999995772
"12633","United Kingdom",1,"STRPNE_23F",2017,0,0,263.9999996604
"12634","United Kingdom",1,"STRPNE_23F",2018,0,0,290.9999996049
"12635","United Kingdom",1,"STRPNE_23F",2019,0,0,261.999999642
"12636","United Kingdom",1,"STRPNE_24",2011,0,0,286.9999997111
"12637","United Kingdom",1,"STRPNE_24",2012,0,0,282.9999995076
"12638","United Kingdom",1,"STRPNE_24",2013,0,0,322.9999996063
"12639","United Kingdom",1,"STRPNE_24",2015,1.066666656,0.37166085611289,286.9999997191
"12640","United Kingdom",1,"STRPNE_24",2016,0,0,301.9999995772
"12641","United Kingdom",1,"STRPNE_24",2018,0,0,290.9999996049
"12642","United Kingdom",1,"STRPNE_24",2019,0,0,261.999999642
"12643","United Kingdom",1,"STRPNE_24A",2011,0,0,286.9999997111
"12644","United Kingdom",1,"STRPNE_24A",2012,0,0,282.9999995076
"12645","United Kingdom",1,"STRPNE_24A",2013,0,0,322.9999996063
"12646","United Kingdom",1,"STRPNE_24A",2014,0,0,254.9999996287
"12647","United Kingdom",1,"STRPNE_24A",2016,1.1268656615,0.373134325522388,301.9999995772
"12648","United Kingdom",1,"STRPNE_24A",2017,0,0,263.9999996604
"12649","United Kingdom",1,"STRPNE_24A",2018,0,0,290.9999996049
"12650","United Kingdom",1,"STRPNE_24A",2019,1.2121212,0.462641680021472,261.999999642
"12651","United Kingdom",1,"STRPNE_24B",2011,0,0,286.9999997111
"12652","United Kingdom",1,"STRPNE_24B",2012,0,0,282.9999995076
"12653","United Kingdom",1,"STRPNE_24B",2013,0,0,322.9999996063
"12654","United Kingdom",1,"STRPNE_24B",2014,1.25842696,0.493500769346027,254.9999996287
"12655","United Kingdom",1,"STRPNE_24B",2015,1.066666656,0.37166085611289,286.9999997191
"12656","United Kingdom",1,"STRPNE_24B",2016,0,0,301.9999995772
"12657","United Kingdom",1,"STRPNE_24B",2017,0,0,263.9999996604
"12658","United Kingdom",1,"STRPNE_24B",2018,1.1603773506,0.398755103840372,290.9999996049
"12659","United Kingdom",1,"STRPNE_24B",2019,0,0,261.999999642
"12660","United Kingdom",1,"STRPNE_24F",2011,3.6851851815,1.28403664989881,286.9999997111
"12661","United Kingdom",1,"STRPNE_24F",2012,12.7600266291,4.50884333968252,282.9999995076
"12662","United Kingdom",1,"STRPNE_24F",2013,34.6111110832,10.7155142803056,322.9999996063
"12663","United Kingdom",1,"STRPNE_24F",2014,23.8454563165,9.35115935341994,254.9999996287
"12664","United Kingdom",1,"STRPNE_24F",2015,18.0749999851,6.29790940863792,286.9999997191
"12665","United Kingdom",1,"STRPNE_24F",2016,8.940897693,2.96056215414479,301.9999995772
"12666","United Kingdom",1,"STRPNE_24F",2017,7.606102614,2.88109947870614,263.9999996604
"12667","United Kingdom",1,"STRPNE_24F",2018,17.8495531017,6.13386705358588,290.9999996049
"12668","United Kingdom",1,"STRPNE_24F",2019,7.272727264,2.77585010455631,261.999999642
"12669","United Kingdom",1,"STRPNE_25A",2011,0,0,286.9999997111
"12670","United Kingdom",1,"STRPNE_25A",2013,0,0,322.9999996063
"12671","United Kingdom",1,"STRPNE_25A",2014,0,0,254.9999996287
"12672","United Kingdom",1,"STRPNE_25A",2015,0,0,286.9999997191
"12673","United Kingdom",1,"STRPNE_25A",2017,1.071428565,0.405844153931154,263.9999996604
"12674","United Kingdom",1,"STRPNE_25A",2018,0,0,290.9999996049
"12675","United Kingdom",1,"STRPNE_27",2011,2.514285708,0.876057738860952,286.9999997111
"12676","United Kingdom",1,"STRPNE_27",2012,2.5063291044,0.885628660339518,282.9999995076
"12677","United Kingdom",1,"STRPNE_27",2013,7.4999999997,2.32198142688596,322.9999996063
"12678","United Kingdom",1,"STRPNE_27",2014,2.5168539312,0.987001543084211,254.9999996287
"12679","United Kingdom",1,"STRPNE_27",2015,3.175,1.10627177808624,286.9999997191
"12680","United Kingdom",1,"STRPNE_27",2016,5.5109488953,1.82481751755474,301.9999995772
"12681","United Kingdom",1,"STRPNE_27",2017,4.4271844596,1.67696381261173,263.9999996604
"12682","United Kingdom",1,"STRPNE_27",2018,1.1052631464,0.379815514742492,290.9999996049
"12683","United Kingdom",1,"STRPNE_27",2019,4.5842696604,1.74972124681832,261.999999642
"12684","United Kingdom",1,"STRPNE_28",2013,0,0,322.9999996063
"12685","United Kingdom",1,"STRPNE_28A",2015,0,0,286.9999997191
"12686","United Kingdom",1,"STRPNE_28A",2017,1.1067961092,0.419240950993842,263.9999996604
"12687","United Kingdom",1,"STRPNE_28A",2018,0,0,290.9999996049
"12688","United Kingdom",1,"STRPNE_28F",2013,1.4999999976,0.464396284652733,322.9999996063
"12689","United Kingdom",1,"STRPNE_28F",2017,0,0,263.9999996604
"12690","United Kingdom",1,"STRPNE_28F",2018,0,0,290.9999996049
"12691","United Kingdom",1,"STRPNE_28F",2019,0,0,261.999999642
"12692","United Kingdom",1,"STRPNE_29",2011,0,0,286.9999997111
"12693","United Kingdom",1,"STRPNE_29",2012,1.2531645522,0.442814330169759,282.9999995076
"12694","United Kingdom",1,"STRPNE_29",2013,0,0,322.9999996063
"12695","United Kingdom",1,"STRPNE_29",2014,0,0,254.9999996287
"12696","United Kingdom",1,"STRPNE_29",2015,1.0583333291,0.368757257887052,286.9999997191
"12697","United Kingdom",1,"STRPNE_29",2017,2.1782246742,0.825085104924996,263.9999996604
"12698","United Kingdom",1,"STRPNE_29",2018,0,0,290.9999996049
"12699","United Kingdom",1,"STRPNE_3",2011,22.2835978676,7.76431982231049,286.9999997111
"12700","United Kingdom",1,"STRPNE_3",2012,14.8110592842,5.23358986218028,282.9999995076
"12701","United Kingdom",1,"STRPNE_3",2013,22.3518518461,6.92007797936358,322.9999996063
"12702","United Kingdom",1,"STRPNE_3",2014,8.7847427427,3.44499715901619,254.9999996287
"12703","United Kingdom",1,"STRPNE_3",2015,14.883333328,5.18583043295017,286.9999997191
"12704","United Kingdom",1,"STRPNE_3",2016,23.2446889474,7.69691688077568,301.9999995772
"12705","United Kingdom",1,"STRPNE_3",2017,19.674757281,7.45255958572306,263.9999996604
"12706","United Kingdom",1,"STRPNE_3",2018,18.1802383089,6.24750458198759,290.9999996049
"12707","United Kingdom",1,"STRPNE_3",2019,21.2897514328,8.12585933659946,261.999999642
"12708","United Kingdom",1,"STRPNE_31",2011,2.456790121,0.856024433265873,286.9999997111
"12709","United Kingdom",1,"STRPNE_31",2012,1.2531645522,0.442814330169759,282.9999995076
"12710","United Kingdom",1,"STRPNE_31",2013,0,0,322.9999996063
"12711","United Kingdom",1,"STRPNE_31",2014,0,0,254.9999996287
"12712","United Kingdom",1,"STRPNE_31",2015,1.066666656,0.37166085611289,286.9999997191
"12713","United Kingdom",1,"STRPNE_31",2016,3.3312452166,1.10306133154429,301.9999995772
"12714","United Kingdom",1,"STRPNE_31",2017,1.1067961092,0.419240950993842,263.9999996604
"12715","United Kingdom",1,"STRPNE_31",2018,1.1603773506,0.398755103840372,290.9999996049
"12716","United Kingdom",1,"STRPNE_31",2019,0,0,261.999999642
"12717","United Kingdom",1,"STRPNE_33",2011,0,0,286.9999997111
"12718","United Kingdom",1,"STRPNE_33",2013,0,0,322.9999996063
"12719","United Kingdom",1,"STRPNE_33",2014,0,0,254.9999996287
"12720","United Kingdom",1,"STRPNE_33",2017,0,0,263.9999996604
"12721","United Kingdom",1,"STRPNE_33A",2012,0,0,282.9999995076
"12722","United Kingdom",1,"STRPNE_33A",2014,0,0,254.9999996287
"12723","United Kingdom",1,"STRPNE_33A",2015,0,0,286.9999997191
"12724","United Kingdom",1,"STRPNE_33B",2013,0,0,322.9999996063
"12725","United Kingdom",1,"STRPNE_33B",2017,1.1067961092,0.419240950993842,263.9999996604
"12726","United Kingdom",1,"STRPNE_33B",2019,0,0,261.999999642
"12727","United Kingdom",1,"STRPNE_33F",2011,18.627160484,6.49029982674233,286.9999997111
"12728","United Kingdom",1,"STRPNE_33F",2012,26.2037308415,9.25926886469705,282.9999995076
"12729","United Kingdom",1,"STRPNE_33F",2013,26.1666666571,8.10113519783101,322.9999996063
"12730","United Kingdom",1,"STRPNE_33F",2014,15.0930415788,5.91883984344182,254.9999996287
"12731","United Kingdom",1,"STRPNE_33F",2015,20.191666656,7.03542392883711,286.9999997191
"12732","United Kingdom",1,"STRPNE_33F",2016,16.631550267,5.50713585770999,301.9999995772
"12733","United Kingdom",1,"STRPNE_33F",2017,16.2128987346,6.1412495285817,263.9999996604
"12734","United Kingdom",1,"STRPNE_33F",2018,19.2303872847,6.6083805191786,290.9999996049
"12735","United Kingdom",1,"STRPNE_33F",2019,12.9370105386,4.93779028865545,261.999999642
"12736","United Kingdom",1,"STRPNE_34",2011,0,0,286.9999997111
"12737","United Kingdom",1,"STRPNE_34",2012,0,0,282.9999995076
"12738","United Kingdom",1,"STRPNE_34",2013,0,0,322.9999996063
"12739","United Kingdom",1,"STRPNE_34",2014,0,0,254.9999996287
"12740","United Kingdom",1,"STRPNE_34",2015,0,0,286.9999997191
"12741","United Kingdom",1,"STRPNE_34",2016,0,0,301.9999995772
"12742","United Kingdom",1,"STRPNE_34",2017,0,0,263.9999996604
"12743","United Kingdom",1,"STRPNE_34",2018,1.1052631464,0.379815514742492,290.9999996049
"12744","United Kingdom",1,"STRPNE_34",2019,0,0,261.999999642
"12745","United Kingdom",1,"STRPNE_35",2019,0,0,261.999999642
"12746","United Kingdom",1,"STRPNE_35A",2014,1.25842696,0.493500769346027,254.9999996287
"12747","United Kingdom",1,"STRPNE_35B",2011,3.7426807685,1.30406995549389,286.9999997111
"12748","United Kingdom",1,"STRPNE_35B",2012,3.873684196,1.36879300450174,282.9999995076
"12749","United Kingdom",1,"STRPNE_35B",2013,6.8148148062,2.1098497877729,322.9999996063
"12750","United Kingdom",1,"STRPNE_35B",2014,3.7752808912,1.48050231243024,254.9999996287
"12751","United Kingdom",1,"STRPNE_35B",2015,6.3583333142,2.21544714997324,286.9999997191
"12752","United Kingdom",1,"STRPNE_35B",2016,4.4087591102,1.4598540120438,301.9999995772
"12753","United Kingdom",1,"STRPNE_35B",2017,4.3210818192,1.63677341846912,263.9999996604
"12754","United Kingdom",1,"STRPNE_35B",2018,2.3207547135,0.797510211907547,290.9999996049
"12755","United Kingdom",1,"STRPNE_35B",2019,3.5042560302,1.33750230343063,261.999999642
"12756","United Kingdom",1,"STRPNE_35F",2011,7.4566137479,2.59812325972334,286.9999997111
"12757","United Kingdom",1,"STRPNE_35F",2012,4.4431711932,1.57002515933951,282.9999995076
"12758","United Kingdom",1,"STRPNE_35F",2013,7.2222222038,2.23598210916503,322.9999996063
"12759","United Kingdom",1,"STRPNE_35F",2014,6.2759708056,2.46116502538757,254.9999996287
"12760","United Kingdom",1,"STRPNE_35F",2015,4.2583333291,1.48373983737555,286.9999997191
"12761","United Kingdom",1,"STRPNE_35F",2016,10.0677633696,3.33369648466718,301.9999995772
"12762","United Kingdom",1,"STRPNE_35F",2017,3.2850207948,1.24432606023702,263.9999996604
"12763","United Kingdom",1,"STRPNE_35F",2018,6.9071499363,2.37359104662476,290.9999996049
"12764","United Kingdom",1,"STRPNE_35F",2019,4.848484848,1.8505667384065,261.999999642
"12765","United Kingdom",1,"STRPNE_37",2016,0,0,301.9999995772
"12766","United Kingdom",1,"STRPNE_38",2011,7.3991181521,2.57808995106206,286.9999997111
"12767","United Kingdom",1,"STRPNE_38",2012,9.0005329626,3.18040034567501,282.9999995076
"12768","United Kingdom",1,"STRPNE_38",2013,5.7222222062,1.7715858245123,322.9999996063
"12769","United Kingdom",1,"STRPNE_38",2014,8.7847427427,3.44499715901619,254.9999996287
"12770","United Kingdom",1,"STRPNE_38",2015,8.508333328,2.96457607537543,286.9999997191
"12771","United Kingdom",1,"STRPNE_38",2016,2.2537313381,0.746268656044776,301.9999995772
"12772","United Kingdom",1,"STRPNE_38",2017,2.14285713,0.811688307862308,263.9999996604
"12773","United Kingdom",1,"STRPNE_38",2018,3.3709036602,1.15838613909855,290.9999996049
"12774","United Kingdom",1,"STRPNE_38",2019,7.206673458,2.75063872818599,261.999999642
"12775","United Kingdom",1,"STRPNE_39",2011,0,0,286.9999997111
"12776","United Kingdom",1,"STRPNE_4",2011,2.456790121,0.856024433265873,286.9999997111
"12777","United Kingdom",1,"STRPNE_4",2012,0,0,282.9999995076
"12778","United Kingdom",1,"STRPNE_4",2013,3.4074073928,1.0549248906976,322.9999996063
"12779","United Kingdom",1,"STRPNE_4",2014,0,0,254.9999996287
"12780","United Kingdom",1,"STRPNE_4",2015,0,0,286.9999997191
"12781","United Kingdom",1,"STRPNE_4",2016,0,0,301.9999995772
"12782","United Kingdom",1,"STRPNE_4",2017,0,0,263.9999996604
"12783","United Kingdom",1,"STRPNE_4",2018,0,0,290.9999996049
"12784","United Kingdom",1,"STRPNE_4",2019,1.2121212,0.462641680021472,261.999999642
"12785","United Kingdom",1,"STRPNE_40",2011,0,0,286.9999997111
"12786","United Kingdom",1,"STRPNE_45",2016,0,0,301.9999995772
"12787","United Kingdom",1,"STRPNE_47F",2017,0,0,263.9999996604
"12788","United Kingdom",1,"STRPNE_5",2011,1.2571428496,0.438028867897375,286.9999997111
"12789","United Kingdom",1,"STRPNE_5",2012,0,0,282.9999995076
"12790","United Kingdom",1,"STRPNE_5",2013,0,0,322.9999996063
"12791","United Kingdom",1,"STRPNE_5",2014,0,0,254.9999996287
"12792","United Kingdom",1,"STRPNE_5",2015,1.066666656,0.37166085611289,286.9999997191
"12793","United Kingdom",1,"STRPNE_5",2016,1.10218977,0.364963500510949,301.9999995772
"12794","United Kingdom",1,"STRPNE_5",2018,0,0,290.9999996049
"12795","United Kingdom",1,"STRPNE_6",2011,0,0,286.9999997111
"12796","United Kingdom",1,"STRPNE_6",2013,0,0,322.9999996063
"12797","United Kingdom",1,"STRPNE_6",2017,0,0,263.9999996604
"12798","United Kingdom",1,"STRPNE_6",2018,0,0,290.9999996049
"12799","United Kingdom",1,"STRPNE_6",2019,0,0,261.999999642
"12800","United Kingdom",1,"STRPNE_6A",2011,1.2571428496,0.438028867897375,286.9999997111
"12801","United Kingdom",1,"STRPNE_6A",2012,2.5063291044,0.885628660339518,282.9999995076
"12802","United Kingdom",1,"STRPNE_6A",2013,0,0,322.9999996063
"12803","United Kingdom",1,"STRPNE_6A",2014,0,0,254.9999996287
"12804","United Kingdom",1,"STRPNE_6A",2015,0,0,286.9999997191
"12805","United Kingdom",1,"STRPNE_6A",2016,1.1268656615,0.373134325522388,301.9999995772
"12806","United Kingdom",1,"STRPNE_6A",2017,0,0,263.9999996604
"12807","United Kingdom",1,"STRPNE_6A",2018,0,0,290.9999996049
"12808","United Kingdom",1,"STRPNE_6A",2019,0,0,261.999999642
"12809","United Kingdom",1,"STRPNE_6B",2011,1.2571428496,0.438028867897375,286.9999997111
"12810","United Kingdom",1,"STRPNE_6B",2012,0,0,282.9999995076
"12811","United Kingdom",1,"STRPNE_6B",2013,3.4074073928,1.0549248906976,322.9999996063
"12812","United Kingdom",1,"STRPNE_6B",2014,0,0,254.9999996287
"12813","United Kingdom",1,"STRPNE_6B",2015,0,0,286.9999997191
"12814","United Kingdom",1,"STRPNE_6B",2016,0,0,301.9999995772
"12815","United Kingdom",1,"STRPNE_6B",2017,0,0,263.9999996604
"12816","United Kingdom",1,"STRPNE_6B",2018,0,0,290.9999996049
"12817","United Kingdom",1,"STRPNE_6B",2019,0,0,261.999999642
"12818","United Kingdom",1,"STRPNE_6C",2011,1.2283950605,0.428012216632936,286.9999997111
"12819","United Kingdom",1,"STRPNE_6C",2012,7.6331778625,2.69723599850925,282.9999995076
"12820","United Kingdom",1,"STRPNE_6C",2013,2.9999999952,0.928792569305466,322.9999996063
"12821","United Kingdom",1,"STRPNE_6C",2014,5.025625854,1.97083367110498,254.9999996287
"12822","United Kingdom",1,"STRPNE_6C",2015,2.133333328,0.743321717800694,286.9999997191
"12823","United Kingdom",1,"STRPNE_6C",2016,3.3312452166,1.10306133154429,301.9999995772
"12824","United Kingdom",1,"STRPNE_6C",2017,3.2850207948,1.24432606023702,263.9999996604
"12825","United Kingdom",1,"STRPNE_6C",2018,1.1052631464,0.379815514742492,290.9999996049
"12826","United Kingdom",1,"STRPNE_6C",2019,1.14606741,0.437430309758015,261.999999642
"12827","United Kingdom",1,"STRPNE_6D",2015,1.066666656,0.37166085611289,286.9999997191
"12828","United Kingdom",1,"STRPNE_7",2011,2.456790121,0.856024433265873,286.9999997111
"12829","United Kingdom",1,"STRPNE_7",2013,0,0,322.9999996063
"12830","United Kingdom",1,"STRPNE_7",2017,0,0,263.9999996604
"12831","United Kingdom",1,"STRPNE_7",2018,0,0,290.9999996049
"12832","United Kingdom",1,"STRPNE_7",2019,0,0,261.999999642
"12833","United Kingdom",1,"STRPNE_7A",2012,0,0,282.9999995076
"12834","United Kingdom",1,"STRPNE_7B",2012,1.2531645522,0.442814330169759,282.9999995076
"12835","United Kingdom",1,"STRPNE_7B",2018,0,0,290.9999996049
"12836","United Kingdom",1,"STRPNE_7B",2019,0,0,261.999999642
"12837","United Kingdom",1,"STRPNE_7C",2011,0,0,286.9999997111
"12838","United Kingdom",1,"STRPNE_7C",2012,0,0,282.9999995076
"12839","United Kingdom",1,"STRPNE_7C",2015,0,0,286.9999997191
"12840","United Kingdom",1,"STRPNE_7C",2017,1.071428565,0.405844153931154,263.9999996604
"12841","United Kingdom",1,"STRPNE_7C",2018,2.3207547135,0.797510211907547,290.9999996049
"12842","United Kingdom",1,"STRPNE_7C",2019,9.4988082882,3.62549935159515,261.999999642
"12843","United Kingdom",1,"STRPNE_7F",2011,43.5400352512,15.1707440052363,286.9999997111
"12844","United Kingdom",1,"STRPNE_7F",2012,15.8358427505,5.59570416185627,282.9999995076
"12845","United Kingdom",1,"STRPNE_7F",2013,15.4074073853,4.77009517154175,322.9999996063
"12846","United Kingdom",1,"STRPNE_7F",2014,5.0337078624,1.97400308616842,254.9999996287
"12847","United Kingdom",1,"STRPNE_7F",2015,2.1249999851,0.740418113999942,286.9999997191
"12848","United Kingdom",1,"STRPNE_7F",2016,3.3312452166,1.10306133154429,301.9999995772
"12849","United Kingdom",1,"STRPNE_7F",2017,1.1067961092,0.419240950993842,263.9999996604
"12850","United Kingdom",1,"STRPNE_7F",2018,0,0,290.9999996049
"12851","United Kingdom",1,"STRPNE_7F",2019,0,0,261.999999642
"12852","United Kingdom",1,"STRPNE_8",2011,6.2569664853,2.18012769742104,286.9999997111
"12853","United Kingdom",1,"STRPNE_8",2012,11.2784810094,3.98532898552076,282.9999995076
"12854","United Kingdom",1,"STRPNE_8",2013,12.8148148083,3.96743493000613,322.9999996063
"12855","United Kingdom",1,"STRPNE_8",2014,8.8009067452,3.45133598353522,254.9999996287
"12856","United Kingdom",1,"STRPNE_8",2015,23.341666656,8.1329849055211,286.9999997191
"12857","United Kingdom",1,"STRPNE_8",2016,22.2165268368,7.35646585029905,301.9999995772
"12858","United Kingdom",1,"STRPNE_8",2017,24.1726768254,9.15631699109653,263.9999996604
"12859","United Kingdom",1,"STRPNE_8",2018,25.2527308656,8.67791439858641,290.9999996049
"12860","United Kingdom",1,"STRPNE_8",2019,15.097037783,5.76222816932396,261.999999642
"12861","United Kingdom",1,"STRPNE_9",2011,0,0,286.9999997111
"12862","United Kingdom",1,"STRPNE_9",2012,0,0,282.9999995076
"12863","United Kingdom",1,"STRPNE_9",2013,3.4074073928,1.0549248906976,322.9999996063
"12864","United Kingdom",1,"STRPNE_9",2016,0,0,301.9999995772
"12865","United Kingdom",1,"STRPNE_9A",2011,1.2283950605,0.428012216632936,286.9999997111
"12866","United Kingdom",1,"STRPNE_9A",2015,0,0,286.9999997191
"12867","United Kingdom",1,"STRPNE_9L",2013,0,0,322.9999996063
"12868","United Kingdom",1,"STRPNE_9L",2014,1.25842696,0.493500769346027,254.9999996287
"12869","United Kingdom",1,"STRPNE_9N",2011,1.2283950605,0.428012216632936,286.9999997111
"12870","United Kingdom",1,"STRPNE_9N",2012,0,0,282.9999995076
"12871","United Kingdom",1,"STRPNE_9N",2013,0,0,322.9999996063
"12872","United Kingdom",1,"STRPNE_9N",2014,6.284052814,2.46433444045101,254.9999996287
"12873","United Kingdom",1,"STRPNE_9N",2015,12.725,4.43379791374723,286.9999997191
"12874","United Kingdom",1,"STRPNE_9N",2016,6.6624904483,2.20612266808857,301.9999995772
"12875","United Kingdom",1,"STRPNE_9N",2017,6.5700415896,2.48865212047404,263.9999996604
"12876","United Kingdom",1,"STRPNE_9N",2018,14.6991062325,5.05123926201287,290.9999996049
"12877","United Kingdom",1,"STRPNE_9N",2019,5.8624446562,2.23757429931699,261.999999642
"12878","United Kingdom",1,"STRPNE_9V",2011,0,0,286.9999997111
"12879","United Kingdom",1,"STRPNE_9V",2012,1.2531645522,0.442814330169759,282.9999995076
"12880","United Kingdom",1,"STRPNE_9V",2013,1.9074073952,0.590528606044864,322.9999996063
"12881","United Kingdom",1,"STRPNE_9V",2014,0,0,254.9999996287
"12882","United Kingdom",1,"STRPNE_9V",2015,2.133333328,0.743321717800694,286.9999997191
"12883","United Kingdom",1,"STRPNE_9V",2016,0,0,301.9999995772
"12884","United Kingdom",1,"STRPNE_9V",2017,0,0,263.9999996604
"12885","United Kingdom",1,"STRPNE_9V",2018,0,0,290.9999996049
"12886","United Kingdom",1,"STRPNE_9V",2019,1.14606741,0.437430309758015,261.999999642
"12887","United Kingdom",1,"STRPNE_NTYP",2011,0,0,286.9999997111
"12888","United Kingdom",1,"STRPNE_NTYP",2012,0,0,282.9999995076
"12889","United Kingdom",1,"STRPNE_NTYP",2013,0,0,322.9999996063
"12890","United Kingdom",1,"STRPNE_NTYP",2014,0,0,254.9999996287
"12891","United Kingdom",1,"STRPNE_NTYP",2015,0,0,286.9999997191
"12892","United Kingdom",1,"STRPNE_NTYP",2016,0,0,301.9999995772
"12893","United Kingdom",1,"STRPNE_NTYP",2017,0,0,263.9999996604
"12894","United Kingdom",1,"STRPNE_NTYP",2018,0,0,290.9999996049
"12895","United Kingdom",1,"STRPNE_NTYP",2019,0,0,261.999999642
"12896","United Kingdom",5,"STRPNE_1",2011,55.45980704,3.15112540535691,1759.999997008
"12897","United Kingdom",5,"STRPNE_1",2012,40.2397474322,1.89274447359621,2125.9999959606
"12898","United Kingdom",5,"STRPNE_1",2013,27.9862743139,1.37254901398039,2038.9999940869
"12899","United Kingdom",5,"STRPNE_1",2014,8.1817593559,0.452781370996119,1806.9999960246
"12900","United Kingdom",5,"STRPNE_1",2015,4.2446854234,0.173535790468547,2445.9999933958
"12901","United Kingdom",5,"STRPNE_1",2016,4.3013399376,0.144875040275263,2968.9999943589
"12902","United Kingdom",5,"STRPNE_1",2017,1.0571728574,0.0350754100771659,3013.9999933692
"12903","United Kingdom",5,"STRPNE_1",2018,3.18,0.10000000017,3179.999994594
"12904","United Kingdom",5,"STRPNE_1",2019,1.0927721292,0.035958280104279,3038.9999911869
"12905","United Kingdom",5,"STRPNE_10",2011,0,0,1759.999997008
"12906","United Kingdom",5,"STRPNE_10",2012,0,0,2125.9999959606
"12907","United Kingdom",5,"STRPNE_10",2013,0,0,2038.9999940869
"12908","United Kingdom",5,"STRPNE_10",2014,0,0,1806.9999960246
"12909","United Kingdom",5,"STRPNE_10",2015,1.0611711724,0.0433839401171366,2445.9999933958
"12910","United Kingdom",5,"STRPNE_10",2016,0,0,2968.9999943589
"12911","United Kingdom",5,"STRPNE_10",2018,0,0,3179.999994594
"12912","United Kingdom",5,"STRPNE_10",2019,0,0,3038.9999911869
"12913","United Kingdom",5,"STRPNE_10A",2011,22.636655888,1.2861736321865,1759.999997008
"12914","United Kingdom",5,"STRPNE_10A",2012,32.1917980308,1.51419558287697,2125.9999959606
"12915","United Kingdom",5,"STRPNE_10A",2013,42.6457514714,2.09150326606536,2038.9999940869
"12916","United Kingdom",5,"STRPNE_10A",2014,40.9087967795,2.2639068549806,1806.9999960246
"12917","United Kingdom",5,"STRPNE_10A",2015,74.281995521,3.03687635819957,2445.9999933958
"12918","United Kingdom",5,"STRPNE_10A",2016,78.4994565333,2.64396957502354,2968.9999943589
"12919","United Kingdom",5,"STRPNE_10A",2017,88.8025251454,2.94633461648194,3013.9999933692
"12920","United Kingdom",5,"STRPNE_10A",2018,69.96,2.20000000374,3179.999994594
"12921","United Kingdom",5,"STRPNE_10A",2019,78.6796115364,2.58899676750809,3038.9999911869
"12922","United Kingdom",5,"STRPNE_10B",2011,0,0,1759.999997008
"12923","United Kingdom",5,"STRPNE_10B",2012,0,0,2125.9999959606
"12924","United Kingdom",5,"STRPNE_10B",2013,0,0,2038.9999940869
"12925","United Kingdom",5,"STRPNE_10B",2014,1.1688227135,0.0646830501423027,1806.9999960246
"12926","United Kingdom",5,"STRPNE_10B",2015,1.0611711724,0.0433839401171366,2445.9999933958
"12927","United Kingdom",5,"STRPNE_10B",2016,0,0,2968.9999943589
"12928","United Kingdom",5,"STRPNE_10B",2017,1.0571728574,0.0350754100771659,3013.9999933692
"12929","United Kingdom",5,"STRPNE_10B",2018,3.18,0.10000000017,3179.999994594
"12930","United Kingdom",5,"STRPNE_10B",2019,1.0927721292,0.035958280104279,3038.9999911869
"12931","United Kingdom",5,"STRPNE_10C",2013,2.6653593905,0.130718950379085,2038.9999940869
"12932","United Kingdom",5,"STRPNE_10C",2017,0,0,3013.9999933692
"12933","United Kingdom",5,"STRPNE_10C",2018,0,0,3179.999994594
"12934","United Kingdom",5,"STRPNE_10F",2011,4.527331072,0.257234720437299,1759.999997008
"12935","United Kingdom",5,"STRPNE_10F",2012,1.3413248648,0.0630914801198738,2125.9999959606
"12936","United Kingdom",5,"STRPNE_10F",2013,0,0,2038.9999940869
"12937","United Kingdom",5,"STRPNE_10F",2014,1.1688227135,0.0646830501423027,1806.9999960246
"12938","United Kingdom",5,"STRPNE_10F",2015,3.1835140064,0.13015184035141,2445.9999933958
"12939","United Kingdom",5,"STRPNE_10F",2016,0,0,2968.9999943589
"12940","United Kingdom",5,"STRPNE_10F",2017,1.0571728574,0.0350754100771659,3013.9999933692
"12941","United Kingdom",5,"STRPNE_10F",2018,1.059999894,0.0333333300566667,3179.999994594
"12942","United Kingdom",5,"STRPNE_10F",2019,0,0,3038.9999911869
"12943","United Kingdom",5,"STRPNE_11",2011,0,0,1759.999997008
"12944","United Kingdom",5,"STRPNE_11",2012,0,0,2125.9999959606
"12945","United Kingdom",5,"STRPNE_11",2013,0,0,2038.9999940869
"12946","United Kingdom",5,"STRPNE_11",2014,0,0,1806.9999960246
"12947","United Kingdom",5,"STRPNE_11",2015,0,0,2445.9999933958
"12948","United Kingdom",5,"STRPNE_11",2016,0,0,2968.9999943589
"12949","United Kingdom",5,"STRPNE_11",2017,0,0,3013.9999933692
"12950","United Kingdom",5,"STRPNE_11",2019,0,0,3038.9999911869
"12951","United Kingdom",5,"STRPNE_11A",2011,45.273311776,2.57234726437299,1759.999997008
"12952","United Kingdom",5,"STRPNE_11A",2012,52.3116718532,2.46056782467508,2125.9999959606
"12953","United Kingdom",5,"STRPNE_11A",2013,70.6320259892,3.46405229004575,2038.9999940869
"12954","United Kingdom",5,"STRPNE_11A",2014,54.9346700643,3.04010349668823,1806.9999960246
"12955","United Kingdom",5,"STRPNE_11A",2015,70.0373100976,2.86334056773102,2445.9999933958
"12956","United Kingdom",5,"STRPNE_11A",2016,73.1227813144,2.46287576467946,2968.9999943589
"12957","United Kingdom",5,"STRPNE_11A",2017,77.1736231112,2.56050508563311,3013.9999933692
"12958","United Kingdom",5,"STRPNE_11A",2018,92.22,2.90000000493,3179.999994594
"12959","United Kingdom",5,"STRPNE_11A",2019,89.6073352596,2.94857964855088,3038.9999911869
"12960","United Kingdom",5,"STRPNE_11B",2011,2.263665536,0.128617360218649,1759.999997008
"12961","United Kingdom",5,"STRPNE_11B",2013,1.3326795933,0.0653594701895425,2038.9999940869
"12962","United Kingdom",5,"STRPNE_11B",2014,0,0,1806.9999960246
"12963","United Kingdom",5,"STRPNE_11B",2015,0,0,2445.9999933958
"12964","United Kingdom",5,"STRPNE_11B",2016,0,0,2968.9999943589
"12965","United Kingdom",5,"STRPNE_11B",2017,0,0,3013.9999933692
"12966","United Kingdom",5,"STRPNE_11B",2018,1.059999894,0.0333333300566667,3179.999994594
"12967","United Kingdom",5,"STRPNE_11B",2019,1.0927721292,0.035958280104279,3038.9999911869
"12968","United Kingdom",5,"STRPNE_11C",2011,0,0,1759.999997008
"12969","United Kingdom",5,"STRPNE_11C",2012,0,0,2125.9999959606
"12970","United Kingdom",5,"STRPNE_11C",2013,0,0,2038.9999940869
"12971","United Kingdom",5,"STRPNE_11C",2014,2.337645427,0.129366100284605,1806.9999960246
"12972","United Kingdom",5,"STRPNE_11C",2015,0,0,2445.9999933958
"12973","United Kingdom",5,"STRPNE_11C",2016,0,0,2968.9999943589
"12974","United Kingdom",5,"STRPNE_11C",2017,0,0,3013.9999933692
"12975","United Kingdom",5,"STRPNE_11C",2018,0,0,3179.999994594
"12976","United Kingdom",5,"STRPNE_11D",2011,0,0,1759.999997008
"12977","United Kingdom",5,"STRPNE_11D",2015,0,0,2445.9999933958
"12978","United Kingdom",5,"STRPNE_11D",2017,0,0,3013.9999933692
"12979","United Kingdom",5,"STRPNE_11D",2018,0,0,3179.999994594
"12980","United Kingdom",5,"STRPNE_11D",2019,0,0,3038.9999911869
"12981","United Kingdom",5,"STRPNE_11E",2019,0,0,3038.9999911869
"12982","United Kingdom",5,"STRPNE_11F",2011,0,0,1759.999997008
"12983","United Kingdom",5,"STRPNE_11F",2012,0,0,2125.9999959606
"12984","United Kingdom",5,"STRPNE_11F",2018,0,0,3179.999994594
"12985","United Kingdom",5,"STRPNE_12",2011,0,0,1759.999997008
"12986","United Kingdom",5,"STRPNE_12",2012,0,0,2125.9999959606
"12987","United Kingdom",5,"STRPNE_12",2013,0,0,2038.9999940869
"12988","United Kingdom",5,"STRPNE_12",2014,0,0,1806.9999960246
"12989","United Kingdom",5,"STRPNE_12",2015,0,0,2445.9999933958
"12990","United Kingdom",5,"STRPNE_12",2016,0,0,2968.9999943589
"12991","United Kingdom",5,"STRPNE_12",2017,0,0,3013.9999933692
"12992","United Kingdom",5,"STRPNE_12",2018,0,0,3179.999994594
"12993","United Kingdom",5,"STRPNE_12",2019,0,0,3038.9999911869
"12994","United Kingdom",5,"STRPNE_12A",2012,0,0,2125.9999959606
"12995","United Kingdom",5,"STRPNE_12A",2013,0,0,2038.9999940869
"12996","United Kingdom",5,"STRPNE_12A",2015,1.0611711724,0.0433839401171366,2445.9999933958
"12997","United Kingdom",5,"STRPNE_12A",2017,1.0571728574,0.0350754100771659,3013.9999933692
"12998","United Kingdom",5,"STRPNE_12A",2018,0,0,3179.999994594
"12999","United Kingdom",5,"STRPNE_12B",2011,0,0,1759.999997008
"13000","United Kingdom",5,"STRPNE_12B",2012,0,0,2125.9999959606
"13001","United Kingdom",5,"STRPNE_12B",2013,0,0,2038.9999940869
"13002","United Kingdom",5,"STRPNE_12B",2014,3.5064681405,0.194049150426908,1806.9999960246
"13003","United Kingdom",5,"STRPNE_12B",2015,0,0,2445.9999933958
"13004","United Kingdom",5,"STRPNE_12B",2016,2.1506699688,0.0724375201376313,2968.9999943589
"13005","United Kingdom",5,"STRPNE_12B",2017,3.1715185722,0.105226230231498,3013.9999933692
"13006","United Kingdom",5,"STRPNE_12B",2018,3.18,0.10000000017,3179.999994594
"13007","United Kingdom",5,"STRPNE_12B",2019,0,0,3038.9999911869
"13008","United Kingdom",5,"STRPNE_12F",2011,43.00964624,2.44372990415434,1759.999997008
"13009","United Kingdom",5,"STRPNE_12F",2012,45.6050473166,2.14511041407571,2125.9999959606
"13010","United Kingdom",5,"STRPNE_12F",2013,53.3071894412,2.6143790875817,2038.9999940869
"13011","United Kingdom",5,"STRPNE_12F",2014,125.0640361269,6.92108668522639,1806.9999960246
"13012","United Kingdom",5,"STRPNE_12F",2015,186.7661603418,7.63557485061605,2445.9999933958
"13013","United Kingdom",5,"STRPNE_12F",2016,288.1897862107,9.70662804844259,2968.9999943589
"13014","United Kingdom",5,"STRPNE_12F",2017,241.0354259544,7.99719397759383,3013.9999933692
"13015","United Kingdom",5,"STRPNE_12F",2018,185.499999894,5.83333333991667,3179.999994594
"13016","United Kingdom",5,"STRPNE_12F",2019,122.3905067331,4.02732830167925,3038.9999911869
"13017","United Kingdom",5,"STRPNE_13",2011,0,0,1759.999997008
"13018","United Kingdom",5,"STRPNE_13",2012,1.3413248648,0.0630914801198738,2125.9999959606
"13019","United Kingdom",5,"STRPNE_13",2013,0,0,2038.9999940869
"13020","United Kingdom",5,"STRPNE_13",2014,1.1688227135,0.0646830501423027,1806.9999960246
"13021","United Kingdom",5,"STRPNE_13",2015,2.1223425894,0.0867678902342733,2445.9999933958
"13022","United Kingdom",5,"STRPNE_13",2016,2.1506699688,0.0724375201376313,2968.9999943589
"13023","United Kingdom",5,"STRPNE_13",2017,3.1715185722,0.105226230231498,3013.9999933692
"13024","United Kingdom",5,"STRPNE_13",2018,2.119999788,0.0666666601133333,3179.999994594
"13025","United Kingdom",5,"STRPNE_13",2019,9.8349512901,0.323624590938511,3038.9999911869
"13026","United Kingdom",5,"STRPNE_14",2011,15.845659104,0.900321541530547,1759.999997008
"13027","United Kingdom",5,"STRPNE_14",2012,17.4372238802,0.820189271558359,2125.9999959606
"13028","United Kingdom",5,"STRPNE_14",2013,14.6594769536,0.718954242084967,2038.9999940869
"13029","United Kingdom",5,"STRPNE_14",2014,8.1817593559,0.452781370996119,1806.9999960246
"13030","United Kingdom",5,"STRPNE_14",2015,7.4281994298,0.303687630819957,2445.9999933958
"13031","United Kingdom",5,"STRPNE_14",2016,9.6780151565,0.325968850619341,2968.9999943589
"13032","United Kingdom",5,"STRPNE_14",2017,11.6289020342,0.385829530848825,3013.9999933692
"13033","United Kingdom",5,"STRPNE_14",2018,7.419999894,0.233333330396667,3179.999994594
"13034","United Kingdom",5,"STRPNE_14",2019,15.2988131517,0.503416031459907,3038.9999911869
"13035","United Kingdom",5,"STRPNE_15",2011,1.131832768,0.0643086801093247,1759.999997008
"13036","United Kingdom",5,"STRPNE_15",2012,0,0,2125.9999959606
"13037","United Kingdom",5,"STRPNE_15",2013,3.9980391877,0.196078430568627,2038.9999940869
"13038","United Kingdom",5,"STRPNE_15",2014,19.869987033,1.09961190241915,1806.9999960246
"13039","United Kingdom",5,"STRPNE_15",2015,3.1835140064,0.13015184035141,2445.9999933958
"13040","United Kingdom",5,"STRPNE_15",2016,1.0753349844,0.0362187600688156,2968.9999943589
"13041","United Kingdom",5,"STRPNE_15",2017,0,0,3013.9999933692
"13042","United Kingdom",5,"STRPNE_15",2018,0,0,3179.999994594
"13043","United Kingdom",5,"STRPNE_15",2019,0,0,3038.9999911869
"13044","United Kingdom",5,"STRPNE_15A",2011,69.041800608,3.92282958666881,1759.999997008
"13045","United Kingdom",5,"STRPNE_15A",2012,136.8151419498,6.43533124222713,2125.9999959606
"13046","United Kingdom",5,"STRPNE_15A",2013,143.9294115728,7.05882354047059,2038.9999940869
"13047","United Kingdom",5,"STRPNE_15A",2014,112.2069857363,6.20957310366106,1806.9999960246
"13048","United Kingdom",5,"STRPNE_15A",2015,167.6650758142,6.85466378850759,2445.9999933958
"13049","United Kingdom",5,"STRPNE_15A",2016,150.5469031602,5.07062658963419,2968.9999943589
"13050","United Kingdom",5,"STRPNE_15A",2017,170.204840289,5.64714136242371,3013.9999933692
"13051","United Kingdom",5,"STRPNE_15A",2018,155.82,4.90000000833,3179.999994594
"13052","United Kingdom",5,"STRPNE_15A",2019,149.709816345,4.92628551428623,3038.9999911869
"13053","United Kingdom",5,"STRPNE_15B",2011,12.450160624,0.707395491202572,1759.999997008
"13054","United Kingdom",5,"STRPNE_15B",2012,21.4611986872,1.00946372191798,2125.9999959606
"13055","United Kingdom",5,"STRPNE_15B",2013,26.6535947206,1.30718954379085,2038.9999940869
"13056","United Kingdom",5,"STRPNE_15B",2014,12.8570503906,0.71151358156533,1806.9999960246
"13057","United Kingdom",5,"STRPNE_15B",2015,0,0,2445.9999933958
"13058","United Kingdom",5,"STRPNE_15B",2016,0,0,2968.9999943589
"13059","United Kingdom",5,"STRPNE_15B",2017,12.6860748916,0.420904940925991,3013.9999933692
"13060","United Kingdom",5,"STRPNE_15B",2018,43.459999788,1.36666666232333,3179.999994594
"13061","United Kingdom",5,"STRPNE_15B",2019,36.0614884689,1.18662351344121,3038.9999911869
"13062","United Kingdom",5,"STRPNE_15B/C",2012,0,0,2125.9999959606
"13063","United Kingdom",5,"STRPNE_15B/C",2013,0,0,2038.9999940869
"13064","United Kingdom",5,"STRPNE_15B/C",2014,3.5064681405,0.194049150426908,1806.9999960246
"13065","United Kingdom",5,"STRPNE_15B/C",2015,39.2633404722,1.60520607433406,2445.9999933958
"13066","United Kingdom",5,"STRPNE_15B/C",2016,67.7461063924,2.28178196433539,2968.9999943589
"13067","United Kingdom",5,"STRPNE_15B/C",2017,25.3721500846,0.841809891851982,3013.9999933692
"13068","United Kingdom",5,"STRPNE_15B/C",2018,15.9,0.50000000085,3179.999994594
"13069","United Kingdom",5,"STRPNE_15B/C",2019,8.742178857,0.287666300834232,3038.9999911869
"13070","United Kingdom",5,"STRPNE_15C",2011,6.790996784,0.385852090655949,1759.999997008
"13071","United Kingdom",5,"STRPNE_15C",2012,8.0479494014,0.378548890719243,2125.9999959606
"13072","United Kingdom",5,"STRPNE_15C",2013,13.3267973603,0.653594771895425,2038.9999940869
"13073","United Kingdom",5,"STRPNE_15C",2014,5.8441137482,0.323415260711514,1806.9999960246
"13074","United Kingdom",5,"STRPNE_15C",2015,0,0,2445.9999933958
"13075","United Kingdom",5,"STRPNE_15C",2016,0,0,2968.9999943589
"13076","United Kingdom",5,"STRPNE_15C",2017,3.1715185722,0.105226230231498,3013.9999933692
"13077","United Kingdom",5,"STRPNE_15C",2018,3.18,0.10000000017,3179.999994594
"13078","United Kingdom",5,"STRPNE_15C",2019,4.3710894285,0.143833150417116,3038.9999911869
"13079","United Kingdom",5,"STRPNE_15F",2011,0,0,1759.999997008
"13080","United Kingdom",5,"STRPNE_15F",2012,0,0,2125.9999959606
"13081","United Kingdom",5,"STRPNE_15F",2013,0,0,2038.9999940869
"13082","United Kingdom",5,"STRPNE_15F",2014,0,0,1806.9999960246
"13083","United Kingdom",5,"STRPNE_15F",2015,0,0,2445.9999933958
"13084","United Kingdom",5,"STRPNE_15F",2016,3.2260049532,0.108656280206447,2968.9999943589
"13085","United Kingdom",5,"STRPNE_15F",2017,5.2858645884,0.17537706038583,3013.9999933692
"13086","United Kingdom",5,"STRPNE_15F",2018,0,0,3179.999994594
"13087","United Kingdom",5,"STRPNE_16",2011,4.527331072,0.257234720437299,1759.999997008
"13088","United Kingdom",5,"STRPNE_16",2012,1.3413248648,0.0630914801198738,2125.9999959606
"13089","United Kingdom",5,"STRPNE_16",2013,0,0,2038.9999940869
"13090","United Kingdom",5,"STRPNE_16",2014,0,0,1806.9999960246
"13091","United Kingdom",5,"STRPNE_16",2016,0,0,2968.9999943589
"13092","United Kingdom",5,"STRPNE_16",2017,0,0,3013.9999933692
"13093","United Kingdom",5,"STRPNE_16",2018,0,0,3179.999994594
"13094","United Kingdom",5,"STRPNE_16",2019,0,0,3038.9999911869
"13095","United Kingdom",5,"STRPNE_16A",2013,0,0,2038.9999940869
"13096","United Kingdom",5,"STRPNE_16A",2014,0,0,1806.9999960246
"13097","United Kingdom",5,"STRPNE_16A",2015,0,0,2445.9999933958
"13098","United Kingdom",5,"STRPNE_16A",2017,1.0571728574,0.0350754100771659,3013.9999933692
"13099","United Kingdom",5,"STRPNE_16A",2018,0,0,3179.999994594
"13100","United Kingdom",5,"STRPNE_16A",2019,0,0,3038.9999911869
"13101","United Kingdom",5,"STRPNE_16F",2011,36.218649456,2.05787781349839,1759.999997008
"13102","United Kingdom",5,"STRPNE_16F",2012,54.9943215828,2.58675078491483,2125.9999959606
"13103","United Kingdom",5,"STRPNE_16F",2013,51.974509644,2.54901960739216,2038.9999940869
"13104","United Kingdom",5,"STRPNE_16F",2014,51.4282017431,2.84605433626132,1806.9999960246
"13105","United Kingdom",5,"STRPNE_16F",2015,66.8537960912,2.73318872737961,2445.9999933958
"13106","United Kingdom",5,"STRPNE_16F",2016,63.4447661579,2.13690691406012,2968.9999943589
"13107","United Kingdom",5,"STRPNE_16F",2017,64.4875482196,2.13960014470712,3013.9999933692
"13108","United Kingdom",5,"STRPNE_16F",2018,80.559999894,2.53333333430667,3179.999994594
"13109","United Kingdom",5,"STRPNE_16F",2019,66.6591153801,2.19345559636102,3038.9999911869
"13110","United Kingdom",5,"STRPNE_17",2011,0,0,1759.999997008
"13111","United Kingdom",5,"STRPNE_17",2012,0,0,2125.9999959606
"13112","United Kingdom",5,"STRPNE_17",2013,0,0,2038.9999940869
"13113","United Kingdom",5,"STRPNE_17",2014,0,0,1806.9999960246
"13114","United Kingdom",5,"STRPNE_17",2017,0,0,3013.9999933692
"13115","United Kingdom",5,"STRPNE_17A",2011,0,0,1759.999997008
"13116","United Kingdom",5,"STRPNE_17A",2012,0,0,2125.9999959606
"13117","United Kingdom",5,"STRPNE_17A",2013,0,0,2038.9999940869
"13118","United Kingdom",5,"STRPNE_17A",2014,0,0,1806.9999960246
"13119","United Kingdom",5,"STRPNE_17A",2015,0,0,2445.9999933958
"13120","United Kingdom",5,"STRPNE_17A",2016,0,0,2968.9999943589
"13121","United Kingdom",5,"STRPNE_17A",2017,0,0,3013.9999933692
"13122","United Kingdom",5,"STRPNE_17A",2018,0,0,3179.999994594
"13123","United Kingdom",5,"STRPNE_17A",2019,0,0,3038.9999911869
"13124","United Kingdom",5,"STRPNE_17F",2011,16.977491872,0.964630221639871,1759.999997008
"13125","United Kingdom",5,"STRPNE_17F",2012,20.1198736098,0.946372231798107,2125.9999959606
"13126","United Kingdom",5,"STRPNE_17F",2013,23.9882351262,1.17647058341176,2038.9999940869
"13127","United Kingdom",5,"STRPNE_17F",2014,16.3635187118,0.905562741992238,1806.9999960246
"13128","United Kingdom",5,"STRPNE_17F",2015,36.0798262212,1.47505422398265,2445.9999933958
"13129","United Kingdom",5,"STRPNE_17F",2016,50.5407460482,1.70228178323434,2968.9999943589
"13130","United Kingdom",5,"STRPNE_17F",2017,51.8014730266,1.71869519378113,3013.9999933692
"13131","United Kingdom",5,"STRPNE_17F",2018,56.179999788,1.76666666300333,3179.999994594
"13132","United Kingdom",5,"STRPNE_17F",2019,56.8241637861,1.86983099542251,3038.9999911869
"13133","United Kingdom",5,"STRPNE_18",2011,0,0,1759.999997008
"13134","United Kingdom",5,"STRPNE_18",2012,0,0,2125.9999959606
"13135","United Kingdom",5,"STRPNE_18",2013,0,0,2038.9999940869
"13136","United Kingdom",5,"STRPNE_18",2014,0,0,1806.9999960246
"13137","United Kingdom",5,"STRPNE_18",2019,0,0,3038.9999911869
"13138","United Kingdom",5,"STRPNE_18A",2011,0,0,1759.999997008
"13139","United Kingdom",5,"STRPNE_18A",2012,0,0,2125.9999959606
"13140","United Kingdom",5,"STRPNE_18A",2013,0,0,2038.9999940869
"13141","United Kingdom",5,"STRPNE_18A",2014,1.1688227135,0.0646830501423027,1806.9999960246
"13142","United Kingdom",5,"STRPNE_18A",2015,0,0,2445.9999933958
"13143","United Kingdom",5,"STRPNE_18A",2016,1.0753349844,0.0362187600688156,2968.9999943589
"13144","United Kingdom",5,"STRPNE_18A",2017,0,0,3013.9999933692
"13145","United Kingdom",5,"STRPNE_18A",2018,0,0,3179.999994594
"13146","United Kingdom",5,"STRPNE_18A",2019,1.0927721292,0.035958280104279,3038.9999911869
"13147","United Kingdom",5,"STRPNE_18B",2011,0,0,1759.999997008
"13148","United Kingdom",5,"STRPNE_18B",2012,0,0,2125.9999959606
"13149","United Kingdom",5,"STRPNE_18B",2013,0,0,2038.9999940869
"13150","United Kingdom",5,"STRPNE_18B",2014,0,0,1806.9999960246
"13151","United Kingdom",5,"STRPNE_18B",2017,0,0,3013.9999933692
"13152","United Kingdom",5,"STRPNE_18B",2018,0,0,3179.999994594
"13153","United Kingdom",5,"STRPNE_18B",2019,0,0,3038.9999911869
"13154","United Kingdom",5,"STRPNE_18C",2011,5.65916384,0.321543400546624,1759.999997008
"13155","United Kingdom",5,"STRPNE_18C",2012,6.7066245366,0.315457410599369,2125.9999959606
"13156","United Kingdom",5,"STRPNE_18C",2013,1.3326795933,0.0653594701895425,2038.9999940869
"13157","United Kingdom",5,"STRPNE_18C",2014,1.1688227135,0.0646830501423027,1806.9999960246
"13158","United Kingdom",5,"STRPNE_18C",2015,1.0611711724,0.0433839401171366,2445.9999933958
"13159","United Kingdom",5,"STRPNE_18C",2016,1.0753349844,0.0362187600688156,2968.9999943589
"13160","United Kingdom",5,"STRPNE_18C",2017,0,0,3013.9999933692
"13161","United Kingdom",5,"STRPNE_18C",2018,2.119999788,0.0666666601133333,3179.999994594
"13162","United Kingdom",5,"STRPNE_18C",2019,2.1855445623,0.0719165702085581,3038.9999911869
"13163","United Kingdom",5,"STRPNE_18F",2011,0,0,1759.999997008
"13164","United Kingdom",5,"STRPNE_18F",2013,0,0,2038.9999940869
"13165","United Kingdom",5,"STRPNE_18F",2015,0,0,2445.9999933958
"13166","United Kingdom",5,"STRPNE_18F",2016,0,0,2968.9999943589
"13167","United Kingdom",5,"STRPNE_19",2011,0,0,1759.999997008
"13168","United Kingdom",5,"STRPNE_19",2012,0,0,2125.9999959606
"13169","United Kingdom",5,"STRPNE_19",2013,0,0,2038.9999940869
"13170","United Kingdom",5,"STRPNE_19",2014,0,0,1806.9999960246
"13171","United Kingdom",5,"STRPNE_19",2016,0,0,2968.9999943589
"13172","United Kingdom",5,"STRPNE_19",2017,0,0,3013.9999933692
"13173","United Kingdom",5,"STRPNE_19",2018,0,0,3179.999994594
"13174","United Kingdom",5,"STRPNE_19",2019,0,0,3038.9999911869
"13175","United Kingdom",5,"STRPNE_19A",2011,225.23472664,12.7974276717556,1759.999997008
"13176","United Kingdom",5,"STRPNE_19A",2012,229.3665614478,10.7886435504984,2125.9999959606
"13177","United Kingdom",5,"STRPNE_19A",2013,145.26209137,7.12418302066013,2038.9999940869
"13178","United Kingdom",5,"STRPNE_19A",2014,120.3887450922,6.66235447465718,1806.9999960246
"13179","United Kingdom",5,"STRPNE_19A",2015,143.2581344462,5.85683298581345,2445.9999933958
"13180","United Kingdom",5,"STRPNE_19A",2016,163.4509235668,5.50525173045998,2968.9999943589
"13181","United Kingdom",5,"STRPNE_19A",2017,178.662223751,5.92774466304104,3013.9999933692
"13182","United Kingdom",5,"STRPNE_19A",2018,173.839999788,5.46666666929333,3179.999994594
"13183","United Kingdom",5,"STRPNE_19A",2019,137.6893201887,4.53074434313916,3038.9999911869
"13184","United Kingdom",5,"STRPNE_19B",2014,0,0,1806.9999960246
"13185","United Kingdom",5,"STRPNE_19B",2016,0,0,2968.9999943589
"13186","United Kingdom",5,"STRPNE_19B",2018,0,0,3179.999994594
"13187","United Kingdom",5,"STRPNE_19C",2011,0,0,1759.999997008
"13188","United Kingdom",5,"STRPNE_19C",2012,0,0,2125.9999959606
"13189","United Kingdom",5,"STRPNE_19C",2013,0,0,2038.9999940869
"13190","United Kingdom",5,"STRPNE_19C",2014,0,0,1806.9999960246
"13191","United Kingdom",5,"STRPNE_19C",2017,1.0571728574,0.0350754100771659,3013.9999933692
"13192","United Kingdom",5,"STRPNE_19F",2011,26.032154192,1.47909967251447,1759.999997008
"13193","United Kingdom",5,"STRPNE_19F",2012,14.754573938,0.694006301318612,2125.9999959606
"13194","United Kingdom",5,"STRPNE_19F",2013,15.9921567508,0.78431372227451,2038.9999940869
"13195","United Kingdom",5,"STRPNE_19F",2014,15.1946958176,0.840879681849935,1806.9999960246
"13196","United Kingdom",5,"STRPNE_19F",2015,16.9787416936,0.694143161874186,2445.9999933958
"13197","United Kingdom",5,"STRPNE_19F",2016,35.4860556728,1.19521912227092,2968.9999943589
"13198","United Kingdom",5,"STRPNE_19F",2017,38.0582249762,1.26271483277797,3013.9999933692
"13199","United Kingdom",5,"STRPNE_19F",2018,49.819999788,1.56666666266333,3179.999994594
"13200","United Kingdom",5,"STRPNE_19F",2019,53.5458467907,1.76195613510967,3038.9999911869
"13201","United Kingdom",5,"STRPNE_2",2011,0,0,1759.999997008
"13202","United Kingdom",5,"STRPNE_2",2012,0,0,2125.9999959606
"13203","United Kingdom",5,"STRPNE_2",2013,0,0,2038.9999940869
"13204","United Kingdom",5,"STRPNE_2",2015,0,0,2445.9999933958
"13205","United Kingdom",5,"STRPNE_2",2016,0,0,2968.9999943589
"13206","United Kingdom",5,"STRPNE_2",2019,0,0,3038.9999911869
"13207","United Kingdom",5,"STRPNE_20",2011,26.032154192,1.47909967251447,1759.999997008
"13208","United Kingdom",5,"STRPNE_20",2012,25.4851734942,1.1987381722776,2125.9999959606
"13209","United Kingdom",5,"STRPNE_20",2013,23.9882351262,1.17647058341176,2038.9999940869
"13210","United Kingdom",5,"STRPNE_20",2014,10.5194047829,0.582147471280725,1806.9999960246
"13211","United Kingdom",5,"STRPNE_20",2015,36.0798262212,1.47505422398265,2445.9999933958
"13212","United Kingdom",5,"STRPNE_20",2016,47.3147407981,1.59362549302789,2968.9999943589
"13213","United Kingdom",5,"STRPNE_20",2017,43.3440895646,1.4380918931638,3013.9999933692
"13214","United Kingdom",5,"STRPNE_20",2018,36.039999894,1.13333333192667,3179.999994594
"13215","United Kingdom",5,"STRPNE_20",2019,54.6386189199,1.79791441521395,3038.9999911869
"13216","United Kingdom",5,"STRPNE_21",2011,1.131832768,0.0643086801093247,1759.999997008
"13217","United Kingdom",5,"STRPNE_21",2012,0,0,2125.9999959606
"13218","United Kingdom",5,"STRPNE_21",2013,1.3326795933,0.0653594701895425,2038.9999940869
"13219","United Kingdom",5,"STRPNE_21",2014,2.337645427,0.129366100284605,1806.9999960246
"13220","United Kingdom",5,"STRPNE_21",2015,7.4281994298,0.303687630819957,2445.9999933958
"13221","United Kingdom",5,"STRPNE_21",2016,4.3013399376,0.144875040275263,2968.9999943589
"13222","United Kingdom",5,"STRPNE_21",2017,2.1143457148,0.0701508201543318,3013.9999933692
"13223","United Kingdom",5,"STRPNE_21",2018,7.419999894,0.233333330396667,3179.999994594
"13224","United Kingdom",5,"STRPNE_21",2019,8.742178857,0.287666300834232,3038.9999911869
"13225","United Kingdom",5,"STRPNE_22",2011,0,0,1759.999997008
"13226","United Kingdom",5,"STRPNE_22",2012,0,0,2125.9999959606
"13227","United Kingdom",5,"STRPNE_22",2013,0,0,2038.9999940869
"13228","United Kingdom",5,"STRPNE_22",2014,0,0,1806.9999960246
"13229","United Kingdom",5,"STRPNE_22",2015,1.0611711724,0.0433839401171366,2445.9999933958
"13230","United Kingdom",5,"STRPNE_22",2016,0,0,2968.9999943589
"13231","United Kingdom",5,"STRPNE_22",2017,0,0,3013.9999933692
"13232","United Kingdom",5,"STRPNE_22",2018,0,0,3179.999994594
"13233","United Kingdom",5,"STRPNE_22",2019,0,0,3038.9999911869
"13234","United Kingdom",5,"STRPNE_22A",2011,0,0,1759.999997008
"13235","United Kingdom",5,"STRPNE_22A",2012,0,0,2125.9999959606
"13236","United Kingdom",5,"STRPNE_22A",2013,1.3326795933,0.0653594701895425,2038.9999940869
"13237","United Kingdom",5,"STRPNE_22A",2014,0,0,1806.9999960246
"13238","United Kingdom",5,"STRPNE_22A",2015,1.0611711724,0.0433839401171366,2445.9999933958
"13239","United Kingdom",5,"STRPNE_22A",2016,1.0753349844,0.0362187600688156,2968.9999943589
"13240","United Kingdom",5,"STRPNE_22A",2017,0,0,3013.9999933692
"13241","United Kingdom",5,"STRPNE_22A",2018,0,0,3179.999994594
"13242","United Kingdom",5,"STRPNE_22A",2019,2.1855445623,0.0719165702085581,3038.9999911869
"13243","United Kingdom",5,"STRPNE_22F",2011,158.456591568,9.00321544530546,1759.999997008
"13244","United Kingdom",5,"STRPNE_22F",2012,213.2706624324,10.0315457590599,2125.9999959606
"13245","United Kingdom",5,"STRPNE_22F",2013,187.9078430453,9.21568629672549,2038.9999940869
"13246","United Kingdom",5,"STRPNE_22F",2014,192.8557567625,10.6727037734799,1806.9999960246
"13247","United Kingdom",5,"STRPNE_22F",2015,211.1731017098,8.6334056533102,2445.9999933958
"13248","United Kingdom",5,"STRPNE_22F",2016,236.5737051781,7.96812750513944,2968.9999943589
"13249","United Kingdom",5,"STRPNE_22F",2017,249.4928094164,8.27779727821115,3013.9999933692
"13250","United Kingdom",5,"STRPNE_22F",2018,239.559999894,7.53333334280667,3179.999994594
"13251","United Kingdom",5,"STRPNE_22F",2019,239.3171519085,7.87486517283711,3038.9999911869
"13252","United Kingdom",5,"STRPNE_23",2011,0,0,1759.999997008
"13253","United Kingdom",5,"STRPNE_23",2012,2.6826497296,0.126182960239748,2125.9999959606
"13254","United Kingdom",5,"STRPNE_23",2013,1.3326795933,0.0653594701895425,2038.9999940869
"13255","United Kingdom",5,"STRPNE_23",2014,0,0,1806.9999960246
"13256","United Kingdom",5,"STRPNE_23",2015,0,0,2445.9999933958
"13257","United Kingdom",5,"STRPNE_23",2016,0,0,2968.9999943589
"13258","United Kingdom",5,"STRPNE_23",2017,0,0,3013.9999933692
"13259","United Kingdom",5,"STRPNE_23",2018,0,0,3179.999994594
"13260","United Kingdom",5,"STRPNE_23",2019,0,0,3038.9999911869
"13261","United Kingdom",5,"STRPNE_23A",2011,48.668810256,2.76527331470096,1759.999997008
"13262","United Kingdom",5,"STRPNE_23A",2012,91.2100946332,4.29022082815142,2125.9999959606
"13263","United Kingdom",5,"STRPNE_23A",2013,73.2973855836,3.59477125042484,2038.9999940869
"13264","United Kingdom",5,"STRPNE_23A",2014,54.9346700643,3.04010349668823,1806.9999960246
"13265","United Kingdom",5,"STRPNE_23A",2015,75.343166938,3.0802603083167,2445.9999933958
"13266","United Kingdom",5,"STRPNE_23A",2016,86.026801721,2.89750090550525,2968.9999943589
"13267","United Kingdom",5,"STRPNE_23A",2017,84.5738337158,2.80603297617327,3013.9999933692
"13268","United Kingdom",5,"STRPNE_23A",2018,80.559999894,2.53333333430667,3179.999994594
"13269","United Kingdom",5,"STRPNE_23A",2019,78.6796115364,2.58899676750809,3038.9999911869
"13270","United Kingdom",5,"STRPNE_23B",2011,27.163987136,1.54340836262379,1759.999997008
"13271","United Kingdom",5,"STRPNE_23B",2012,37.5570977026,1.76656151335647,2125.9999959606
"13272","United Kingdom",5,"STRPNE_23B",2013,55.9725488317,2.74509803796078,2038.9999940869
"13273","United Kingdom",5,"STRPNE_23B",2014,44.4152651007,2.4579560154075,1806.9999960246
"13274","United Kingdom",5,"STRPNE_23B",2015,57.3032535828,2.34273318632538,2445.9999933958
"13275","United Kingdom",5,"STRPNE_23B",2016,73.1227813144,2.46287576467946,2968.9999943589
"13276","United Kingdom",5,"STRPNE_23B",2017,76.1164502538,2.52542967555595,3013.9999933692
"13277","United Kingdom",5,"STRPNE_23B",2018,86.919999894,2.73333333464667,3179.999994594
"13278","United Kingdom",5,"STRPNE_23B",2019,97.2567419874,3.20028766928083,3038.9999911869
"13279","United Kingdom",5,"STRPNE_23F",2011,18.10932464,1.0289389017492,1759.999997008
"13280","United Kingdom",5,"STRPNE_23F",2012,12.0719242084,0.567823341078864,2125.9999959606
"13281","United Kingdom",5,"STRPNE_23F",2013,13.3267973603,0.653594771895425,2038.9999940869
"13282","United Kingdom",5,"STRPNE_23F",2014,9.3505820694,0.517464421138422,1806.9999960246
"13283","United Kingdom",5,"STRPNE_23F",2015,6.3670280128,0.26030368070282,2445.9999933958
"13284","United Kingdom",5,"STRPNE_23F",2016,5.376674922,0.181093800344078,2968.9999943589
"13285","United Kingdom",5,"STRPNE_23F",2017,4.2286914296,0.140301640308664,3013.9999933692
"13286","United Kingdom",5,"STRPNE_23F",2018,4.239999894,0.133333330226667,3179.999994594
"13287","United Kingdom",5,"STRPNE_23F",2019,3.2783169954,0.107874860312837,3038.9999911869
"13288","United Kingdom",5,"STRPNE_24",2011,0,0,1759.999997008
"13289","United Kingdom",5,"STRPNE_24",2012,0,0,2125.9999959606
"13290","United Kingdom",5,"STRPNE_24",2013,0,0,2038.9999940869
"13291","United Kingdom",5,"STRPNE_24",2014,0,0,1806.9999960246
"13292","United Kingdom",5,"STRPNE_24",2019,0,0,3038.9999911869
"13293","United Kingdom",5,"STRPNE_24A",2011,0,0,1759.999997008
"13294","United Kingdom",5,"STRPNE_24A",2012,0,0,2125.9999959606
"13295","United Kingdom",5,"STRPNE_24A",2013,1.3326795933,0.0653594701895425,2038.9999940869
"13296","United Kingdom",5,"STRPNE_24A",2014,0,0,1806.9999960246
"13297","United Kingdom",5,"STRPNE_24A",2015,0,0,2445.9999933958
"13298","United Kingdom",5,"STRPNE_24A",2016,0,0,2968.9999943589
"13299","United Kingdom",5,"STRPNE_24A",2017,1.0571728574,0.0350754100771659,3013.9999933692
"13300","United Kingdom",5,"STRPNE_24A",2018,0,0,3179.999994594
"13301","United Kingdom",5,"STRPNE_24A",2019,6.5566342947,0.215749730625674,3038.9999911869
"13302","United Kingdom",5,"STRPNE_24B",2011,0,0,1759.999997008
"13303","United Kingdom",5,"STRPNE_24B",2012,1.3413248648,0.0630914801198738,2125.9999959606
"13304","United Kingdom",5,"STRPNE_24B",2016,0,0,2968.9999943589
"13305","United Kingdom",5,"STRPNE_24B",2017,0,0,3013.9999933692
"13306","United Kingdom",5,"STRPNE_24B",2018,1.059999894,0.0333333300566667,3179.999994594
"13307","United Kingdom",5,"STRPNE_24B",2019,1.0927721292,0.035958280104279,3038.9999911869
"13308","United Kingdom",5,"STRPNE_24F",2011,27.163987136,1.54340836262379,1759.999997008
"13309","United Kingdom",5,"STRPNE_24F",2012,36.2157728378,1.70347003323659,2125.9999959606
"13310","United Kingdom",5,"STRPNE_24F",2013,93.2875815221,4.57516340326797,2038.9999940869
"13311","United Kingdom",5,"STRPNE_24F",2014,73.6358343838,4.07503234896507,1806.9999960246
"13312","United Kingdom",5,"STRPNE_24F",2015,65.7926246742,2.68980477726247,2445.9999933958
"13313","United Kingdom",5,"STRPNE_24F",2016,50.5407460482,1.70228178323434,2968.9999943589
"13314","United Kingdom",5,"STRPNE_24F",2017,57.087337615,1.89407225416696,3013.9999933692
"13315","United Kingdom",5,"STRPNE_24F",2018,50.88,1.60000000272,3179.999994594
"13316","United Kingdom",5,"STRPNE_24F",2019,55.731391353,1.83387270531823,3038.9999911869
"13317","United Kingdom",5,"STRPNE_25A",2011,0,0,1759.999997008
"13318","United Kingdom",5,"STRPNE_25A",2012,0,0,2125.9999959606
"13319","United Kingdom",5,"STRPNE_25A",2013,0,0,2038.9999940869
"13320","United Kingdom",5,"STRPNE_25A",2014,0,0,1806.9999960246
"13321","United Kingdom",5,"STRPNE_25A",2015,0,0,2445.9999933958
"13322","United Kingdom",5,"STRPNE_25A",2016,2.1506699688,0.0724375201376313,2968.9999943589
"13323","United Kingdom",5,"STRPNE_25A",2017,6.3430374458,0.210452470462995,3013.9999933692
"13324","United Kingdom",5,"STRPNE_25A",2018,1.059999894,0.0333333300566667,3179.999994594
"13325","United Kingdom",5,"STRPNE_25A",2019,0,0,3038.9999911869
"13326","United Kingdom",5,"STRPNE_25F",2011,0,0,1759.999997008
"13327","United Kingdom",5,"STRPNE_25F",2012,0,0,2125.9999959606
"13328","United Kingdom",5,"STRPNE_25F",2014,1.1688227135,0.0646830501423027,1806.9999960246
"13329","United Kingdom",5,"STRPNE_25F",2015,0,0,2445.9999933958
"13330","United Kingdom",5,"STRPNE_25F",2016,0,0,2968.9999943589
"13331","United Kingdom",5,"STRPNE_25F",2017,0,0,3013.9999933692
"13332","United Kingdom",5,"STRPNE_25F",2018,0,0,3179.999994594
"13333","United Kingdom",5,"STRPNE_25F",2019,0,0,3038.9999911869
"13334","United Kingdom",5,"STRPNE_27",2011,2.263665536,0.128617360218649,1759.999997008
"13335","United Kingdom",5,"STRPNE_27",2012,0,0,2125.9999959606
"13336","United Kingdom",5,"STRPNE_27",2013,1.3326795933,0.0653594701895425,2038.9999940869
"13337","United Kingdom",5,"STRPNE_27",2014,1.1688227135,0.0646830501423027,1806.9999960246
"13338","United Kingdom",5,"STRPNE_27",2015,1.0611711724,0.0433839401171366,2445.9999933958
"13339","United Kingdom",5,"STRPNE_27",2016,0,0,2968.9999943589
"13340","United Kingdom",5,"STRPNE_27",2017,1.0571728574,0.0350754100771659,3013.9999933692
"13341","United Kingdom",5,"STRPNE_27",2018,6.36,0.20000000034,3179.999994594
"13342","United Kingdom",5,"STRPNE_27",2019,1.0927721292,0.035958280104279,3038.9999911869
"13343","United Kingdom",5,"STRPNE_28",2014,0,0,1806.9999960246
"13344","United Kingdom",5,"STRPNE_28",2015,0,0,2445.9999933958
"13345","United Kingdom",5,"STRPNE_28A",2011,0,0,1759.999997008
"13346","United Kingdom",5,"STRPNE_28A",2012,1.3413248648,0.0630914801198738,2125.9999959606
"13347","United Kingdom",5,"STRPNE_28A",2013,1.3326795933,0.0653594701895425,2038.9999940869
"13348","United Kingdom",5,"STRPNE_28A",2014,0,0,1806.9999960246
"13349","United Kingdom",5,"STRPNE_28A",2015,0,0,2445.9999933958
"13350","United Kingdom",5,"STRPNE_28A",2016,0,0,2968.9999943589
"13351","United Kingdom",5,"STRPNE_28A",2017,0,0,3013.9999933692
"13352","United Kingdom",5,"STRPNE_28A",2018,0,0,3179.999994594
"13353","United Kingdom",5,"STRPNE_28A",2019,1.0927721292,0.035958280104279,3038.9999911869
"13354","United Kingdom",5,"STRPNE_28F",2012,0,0,2125.9999959606
"13355","United Kingdom",5,"STRPNE_28F",2013,0,0,2038.9999940869
"13356","United Kingdom",5,"STRPNE_28F",2014,0,0,1806.9999960246
"13357","United Kingdom",5,"STRPNE_28F",2017,0,0,3013.9999933692
"13358","United Kingdom",5,"STRPNE_28F",2019,0,0,3038.9999911869
"13359","United Kingdom",5,"STRPNE_29",2011,1.131832768,0.0643086801093247,1759.999997008
"13360","United Kingdom",5,"STRPNE_29",2012,5.3652996718,0.252365930479495,2125.9999959606
"13361","United Kingdom",5,"STRPNE_29",2013,0,0,2038.9999940869
"13362","United Kingdom",5,"STRPNE_29",2014,3.5064681405,0.194049150426908,1806.9999960246
"13363","United Kingdom",5,"STRPNE_29",2015,0,0,2445.9999933958
"13364","United Kingdom",5,"STRPNE_29",2016,3.2260049532,0.108656280206447,2968.9999943589
"13365","United Kingdom",5,"STRPNE_29",2017,4.2286914296,0.140301640308664,3013.9999933692
"13366","United Kingdom",5,"STRPNE_29",2018,0,0,3179.999994594
"13367","United Kingdom",5,"STRPNE_29",2019,0,0,3038.9999911869
"13368","United Kingdom",5,"STRPNE_3",2011,170.906752368,9.71061094650804,1759.999997008
"13369","United Kingdom",5,"STRPNE_3",2012,193.15078861,9.08517351726183,2125.9999959606
"13370","United Kingdom",5,"STRPNE_3",2013,170.5830064973,8.36601309426144,2038.9999940869
"13371","United Kingdom",5,"STRPNE_3",2014,155.4534281235,8.60284606892626,1806.9999960246
"13372","United Kingdom",5,"STRPNE_3",2015,209.0507591204,8.54663776307592,2445.9999933958
"13373","United Kingdom",5,"STRPNE_3",2016,315.0731617114,10.612097080163,2968.9999943589
"13374","United Kingdom",5,"STRPNE_3",2017,372.1248684098,12.3465450971624,3013.9999933692
"13375","United Kingdom",5,"STRPNE_3",2018,430.359999894,13.5333333530067,3179.999994594
"13376","United Kingdom",5,"STRPNE_3",2019,407.6040990084,13.4124415988961,3038.9999911869
"13377","United Kingdom",5,"STRPNE_31",2011,21.50482312,1.22186495207717,1759.999997008
"13378","United Kingdom",5,"STRPNE_31",2012,37.5570977026,1.76656151335647,2125.9999959606
"13379","United Kingdom",5,"STRPNE_31",2013,45.3111110658,2.22222222644444,2038.9999940869
"13380","United Kingdom",5,"STRPNE_31",2014,39.739974066,2.19922380483829,1806.9999960246
"13381","United Kingdom",5,"STRPNE_31",2015,51.9973967424,2.1258134457397,2445.9999933958
"13382","United Kingdom",5,"STRPNE_31",2016,44.0887358449,1.48496921282144,2968.9999943589
"13383","United Kingdom",5,"STRPNE_31",2017,69.773412808,2.31497720509295,3013.9999933692
"13384","United Kingdom",5,"STRPNE_31",2018,59.359999788,1.86666666317333,3179.999994594
"13385","United Kingdom",5,"STRPNE_31",2019,54.6386189199,1.79791441521395,3038.9999911869
"13386","United Kingdom",5,"STRPNE_32A",2013,0,0,2038.9999940869
"13387","United Kingdom",5,"STRPNE_32A",2015,0,0,2445.9999933958
"13388","United Kingdom",5,"STRPNE_33",2011,0,0,1759.999997008
"13389","United Kingdom",5,"STRPNE_33",2012,0,0,2125.9999959606
"13390","United Kingdom",5,"STRPNE_33",2013,0,0,2038.9999940869
"13391","United Kingdom",5,"STRPNE_33",2014,0,0,1806.9999960246
"13392","United Kingdom",5,"STRPNE_33",2015,0,0,2445.9999933958
"13393","United Kingdom",5,"STRPNE_33",2017,0,0,3013.9999933692
"13394","United Kingdom",5,"STRPNE_33",2018,0,0,3179.999994594
"13395","United Kingdom",5,"STRPNE_33",2019,0,0,3038.9999911869
"13396","United Kingdom",5,"STRPNE_33A",2011,0,0,1759.999997008
"13397","United Kingdom",5,"STRPNE_33A",2012,0,0,2125.9999959606
"13398","United Kingdom",5,"STRPNE_33A",2013,2.6653593905,0.130718950379085,2038.9999940869
"13399","United Kingdom",5,"STRPNE_33A",2014,0,0,1806.9999960246
"13400","United Kingdom",5,"STRPNE_33A",2015,0,0,2445.9999933958
"13401","United Kingdom",5,"STRPNE_33A",2016,0,0,2968.9999943589
"13402","United Kingdom",5,"STRPNE_33A",2017,1.0571728574,0.0350754100771659,3013.9999933692
"13403","United Kingdom",5,"STRPNE_33A",2018,0,0,3179.999994594
"13404","United Kingdom",5,"STRPNE_33A",2019,1.0927721292,0.035958280104279,3038.9999911869
"13405","United Kingdom",5,"STRPNE_33B",2013,0,0,2038.9999940869
"13406","United Kingdom",5,"STRPNE_33B",2014,1.1688227135,0.0646830501423027,1806.9999960246
"13407","United Kingdom",5,"STRPNE_33B",2015,0,0,2445.9999933958
"13408","United Kingdom",5,"STRPNE_33B",2017,4.2286914296,0.140301640308664,3013.9999933692
"13409","United Kingdom",5,"STRPNE_33B",2018,0,0,3179.999994594
"13410","United Kingdom",5,"STRPNE_33B",2019,0,0,3038.9999911869
"13411","United Kingdom",5,"STRPNE_33D",2016,2.1506699688,0.0724375201376313,2968.9999943589
"13412","United Kingdom",5,"STRPNE_33D",2017,7.4002103032,0.245527880540161,3013.9999933692
"13413","United Kingdom",5,"STRPNE_33D",2018,1.059999894,0.0333333300566667,3179.999994594
"13414","United Kingdom",5,"STRPNE_33F",2011,50.932475792,2.89389067491961,1759.999997008
"13415","United Kingdom",5,"STRPNE_33F",2012,89.8687695558,4.22712933803155,2125.9999959606
"13416","United Kingdom",5,"STRPNE_33F",2013,70.6320259892,3.46405229004575,2038.9999940869
"13417","United Kingdom",5,"STRPNE_33F",2014,94.6746441303,5.23932730152652,1806.9999960246
"13418","United Kingdom",5,"STRPNE_33F",2015,96.5665942996,3.94793927065944,2445.9999933958
"13419","United Kingdom",5,"STRPNE_33F",2016,111.8348422373,3.76675117715683,2968.9999943589
"13420","United Kingdom",5,"STRPNE_33F",2017,116.2890212462,3.85829533848825,3013.9999933692
"13421","United Kingdom",5,"STRPNE_33F",2018,108.12,3.40000000578,3179.999994594
"13422","United Kingdom",5,"STRPNE_33F",2019,120.2049621708,3.95541173147069,3038.9999911869
"13423","United Kingdom",5,"STRPNE_34",2011,4.527331072,0.257234720437299,1759.999997008
"13424","United Kingdom",5,"STRPNE_34",2012,4.0239745944,0.189274440359621,2125.9999959606
"13425","United Kingdom",5,"STRPNE_34",2013,2.6653593905,0.130718950379085,2038.9999940869
"13426","United Kingdom",5,"STRPNE_34",2014,4.6752910347,0.258732210569211,1806.9999960246
"13427","United Kingdom",5,"STRPNE_34",2015,6.3670280128,0.26030368070282,2445.9999933958
"13428","United Kingdom",5,"STRPNE_34",2016,4.3013399376,0.144875040275263,2968.9999943589
"13429","United Kingdom",5,"STRPNE_34",2017,1.0571728574,0.0350754100771659,3013.9999933692
"13430","United Kingdom",5,"STRPNE_34",2018,18.019999788,0.566666660963333,3179.999994594
"13431","United Kingdom",5,"STRPNE_34",2019,14.2060407186,0.467457741355627,3038.9999911869
"13432","United Kingdom",5,"STRPNE_35",2011,0,0,1759.999997008
"13433","United Kingdom",5,"STRPNE_35",2012,0,0,2125.9999959606
"13434","United Kingdom",5,"STRPNE_35",2013,0,0,2038.9999940869
"13435","United Kingdom",5,"STRPNE_35",2014,0,0,1806.9999960246
"13436","United Kingdom",5,"STRPNE_35",2017,0,0,3013.9999933692
"13437","United Kingdom",5,"STRPNE_35",2019,0,0,3038.9999911869
"13438","United Kingdom",5,"STRPNE_35A",2012,0,0,2125.9999959606
"13439","United Kingdom",5,"STRPNE_35A",2013,7.9960783754,0.392156861137255,2038.9999940869
"13440","United Kingdom",5,"STRPNE_35A",2014,11.6882276771,0.646830531423027,1806.9999960246
"13441","United Kingdom",5,"STRPNE_35A",2015,2.1223425894,0.0867678902342733,2445.9999933958
"13442","United Kingdom",5,"STRPNE_35A",2016,5.376674922,0.181093800344078,2968.9999943589
"13443","United Kingdom",5,"STRPNE_35A",2017,5.2858645884,0.17537706038583,3013.9999933692
"13444","United Kingdom",5,"STRPNE_35A",2019,0,0,3038.9999911869
"13445","United Kingdom",5,"STRPNE_35B",2011,20.372990352,1.15755627196785,1759.999997008
"13446","United Kingdom",5,"STRPNE_35B",2012,44.2637222392,2.08201892395584,2125.9999959606
"13447","United Kingdom",5,"STRPNE_35B",2013,39.9803920809,1.96078431568627,2038.9999940869
"13448","United Kingdom",5,"STRPNE_35B",2014,26.8829234947,1.48771021327296,1806.9999960246
"13449","United Kingdom",5,"STRPNE_35B",2015,45.6303687296,1.86550976503688,2445.9999933958
"13450","United Kingdom",5,"STRPNE_35B",2016,61.2940961891,2.06446939392249,2968.9999943589
"13451","United Kingdom",5,"STRPNE_35B",2017,58.1445104724,1.92914766424412,3013.9999933692
"13452","United Kingdom",5,"STRPNE_35B",2018,67.839999894,2.13333333362667,3179.999994594
"13453","United Kingdom",5,"STRPNE_35B",2019,63.3807980808,2.08558072604818,3038.9999911869
"13454","United Kingdom",5,"STRPNE_35C",2011,0,0,1759.999997008
"13455","United Kingdom",5,"STRPNE_35C",2013,0,0,2038.9999940869
"13456","United Kingdom",5,"STRPNE_35C",2017,0,0,3013.9999933692
"13457","United Kingdom",5,"STRPNE_35F",2011,36.218649456,2.05787781349839,1759.999997008
"13458","United Kingdom",5,"STRPNE_35F",2012,36.2157728378,1.70347003323659,2125.9999959606
"13459","United Kingdom",5,"STRPNE_35F",2013,39.9803920809,1.96078431568627,2038.9999940869
"13460","United Kingdom",5,"STRPNE_35F",2014,47.9217334219,2.65200517583441,1806.9999960246
"13461","United Kingdom",5,"STRPNE_35F",2015,49.875054153,2.03904555550542,2445.9999933958
"13462","United Kingdom",5,"STRPNE_35F",2016,53.7667510014,1.81093806344078,2968.9999943589
"13463","United Kingdom",5,"STRPNE_35F",2017,43.3440895646,1.4380918931638,3013.9999933692
"13464","United Kingdom",5,"STRPNE_35F",2018,50.88,1.60000000272,3179.999994594
"13465","United Kingdom",5,"STRPNE_35F",2019,51.3603019245,1.69003955490111,3038.9999911869
"13466","United Kingdom",5,"STRPNE_36",2013,0,0,2038.9999940869
"13467","United Kingdom",5,"STRPNE_37",2011,1.131832768,0.0643086801093247,1759.999997008
"13468","United Kingdom",5,"STRPNE_37",2012,1.3413248648,0.0630914801198738,2125.9999959606
"13469","United Kingdom",5,"STRPNE_37",2013,1.3326795933,0.0653594701895425,2038.9999940869
"13470","United Kingdom",5,"STRPNE_37",2014,5.8441137482,0.323415260711514,1806.9999960246
"13471","United Kingdom",5,"STRPNE_37",2015,2.1223425894,0.0867678902342733,2445.9999933958
"13472","United Kingdom",5,"STRPNE_37",2016,0,0,2968.9999943589
"13473","United Kingdom",5,"STRPNE_37",2017,1.0571728574,0.0350754100771659,3013.9999933692
"13474","United Kingdom",5,"STRPNE_37",2018,8.479999788,0.266666660453333,3179.999994594
"13475","United Kingdom",5,"STRPNE_37",2019,4.3710894285,0.143833150417116,3038.9999911869
"13476","United Kingdom",5,"STRPNE_38",2011,28.295819904,1.60771704273312,1759.999997008
"13477","United Kingdom",5,"STRPNE_38",2012,44.2637222392,2.08201892395584,2125.9999959606
"13478","United Kingdom",5,"STRPNE_38",2013,42.6457514714,2.09150326606536,2038.9999940869
"13479","United Kingdom",5,"STRPNE_38",2014,17.5323414253,0.970245792134541,1806.9999960246
"13480","United Kingdom",5,"STRPNE_38",2015,29.7127982084,1.21475054327983,2445.9999933958
"13481","United Kingdom",5,"STRPNE_38",2016,40.8627308917,1.37631293261499,2968.9999943589
"13482","United Kingdom",5,"STRPNE_38",2017,27.4864957994,0.911960712006314,3013.9999933692
"13483","United Kingdom",5,"STRPNE_38",2018,51.939999894,1.63333333277667,3179.999994594
"13484","United Kingdom",5,"STRPNE_38",2019,31.6903990404,1.04279036302409,3038.9999911869
"13485","United Kingdom",5,"STRPNE_39",2014,1.1688227135,0.0646830501423027,1806.9999960246
"13486","United Kingdom",5,"STRPNE_39",2016,0,0,2968.9999943589
"13487","United Kingdom",5,"STRPNE_4",2011,10.186495088,0.578778130983923,1759.999997008
"13488","United Kingdom",5,"STRPNE_4",2012,13.4132490732,0.630914821198738,2125.9999959606
"13489","United Kingdom",5,"STRPNE_4",2013,10.6614377659,0.52287581151634,2038.9999940869
"13490","United Kingdom",5,"STRPNE_4",2014,0,0,1806.9999960246
"13491","United Kingdom",5,"STRPNE_4",2015,5.3058565958,0.216919730585683,2445.9999933958
"13492","United Kingdom",5,"STRPNE_4",2016,4.3013399376,0.144875040275263,2968.9999943589
"13493","United Kingdom",5,"STRPNE_4",2017,5.2858645884,0.17537706038583,3013.9999933692
"13494","United Kingdom",5,"STRPNE_4",2018,11.659999788,0.366666660623333,3179.999994594
"13495","United Kingdom",5,"STRPNE_4",2019,2.1855445623,0.0719165702085581,3038.9999911869
"13496","United Kingdom",5,"STRPNE_40",2013,0,0,2038.9999940869
"13497","United Kingdom",5,"STRPNE_40",2015,0,0,2445.9999933958
"13498","United Kingdom",5,"STRPNE_40",2017,1.0571728574,0.0350754100771659,3013.9999933692
"13499","United Kingdom",5,"STRPNE_41A",2019,0,0,3038.9999911869
"13500","United Kingdom",5,"STRPNE_42",2016,1.0753349844,0.0362187600688156,2968.9999943589
"13501","United Kingdom",5,"STRPNE_42",2018,1.059999894,0.0333333300566667,3179.999994594
"13502","United Kingdom",5,"STRPNE_45",2016,0,0,2968.9999943589
"13503","United Kingdom",5,"STRPNE_46",2015,0,0,2445.9999933958
"13504","United Kingdom",5,"STRPNE_47F",2016,0,0,2968.9999943589
"13505","United Kingdom",5,"STRPNE_5",2011,0,0,1759.999997008
"13506","United Kingdom",5,"STRPNE_5",2012,1.3413248648,0.0630914801198738,2125.9999959606
"13507","United Kingdom",5,"STRPNE_5",2013,0,0,2038.9999940869
"13508","United Kingdom",5,"STRPNE_5",2014,0,0,1806.9999960246
"13509","United Kingdom",5,"STRPNE_5",2015,4.2446854234,0.173535790468547,2445.9999933958
"13510","United Kingdom",5,"STRPNE_5",2016,0,0,2968.9999943589
"13511","United Kingdom",5,"STRPNE_5",2017,0,0,3013.9999933692
"13512","United Kingdom",5,"STRPNE_5",2019,0,0,3038.9999911869
"13513","United Kingdom",5,"STRPNE_6",2011,0,0,1759.999997008
"13514","United Kingdom",5,"STRPNE_6",2012,1.3413248648,0.0630914801198738,2125.9999959606
"13515","United Kingdom",5,"STRPNE_6",2013,0,0,2038.9999940869
"13516","United Kingdom",5,"STRPNE_6",2014,0,0,1806.9999960246
"13517","United Kingdom",5,"STRPNE_6",2015,0,0,2445.9999933958
"13518","United Kingdom",5,"STRPNE_6",2017,0,0,3013.9999933692
"13519","United Kingdom",5,"STRPNE_6",2018,0,0,3179.999994594
"13520","United Kingdom",5,"STRPNE_6",2019,0,0,3038.9999911869
"13521","United Kingdom",5,"STRPNE_6A",2011,39.61414776,2.25080385382637,1759.999997008
"13522","United Kingdom",5,"STRPNE_6A",2012,22.802523552,1.07255520203785,2125.9999959606
"13523","United Kingdom",5,"STRPNE_6A",2013,10.6614377659,0.52287581151634,2038.9999940869
"13524","United Kingdom",5,"STRPNE_6A",2014,5.8441137482,0.323415260711514,1806.9999960246
"13525","United Kingdom",5,"STRPNE_6A",2015,11.6728848532,0.477223421288503,2445.9999933958
"13526","United Kingdom",5,"STRPNE_6A",2016,2.1506699688,0.0724375201376313,2968.9999943589
"13527","United Kingdom",5,"STRPNE_6A",2017,5.2858645884,0.17537706038583,3013.9999933692
"13528","United Kingdom",5,"STRPNE_6A",2018,5.299999788,0.166666660283333,3179.999994594
"13529","United Kingdom",5,"STRPNE_6A",2019,5.4638618616,0.179791440521395,3038.9999911869
"13530","United Kingdom",5,"STRPNE_6B",2011,27.163987136,1.54340836262379,1759.999997008
"13531","United Kingdom",5,"STRPNE_6B",2012,14.754573938,0.694006301318612,2125.9999959606
"13532","United Kingdom",5,"STRPNE_6B",2013,7.9960783754,0.392156861137255,2038.9999940869
"13533","United Kingdom",5,"STRPNE_6B",2014,5.8441137482,0.323415260711514,1806.9999960246
"13534","United Kingdom",5,"STRPNE_6B",2015,10.6117134362,0.433839471171367,2445.9999933958
"13535","United Kingdom",5,"STRPNE_6B",2016,4.3013399376,0.144875040275263,2968.9999943589
"13536","United Kingdom",5,"STRPNE_6B",2017,10.5717291768,0.350754120771659,3013.9999933692
"13537","United Kingdom",5,"STRPNE_6B",2018,5.299999788,0.166666660283333,3179.999994594
"13538","United Kingdom",5,"STRPNE_6B",2019,4.3710894285,0.143833150417116,3038.9999911869
"13539","United Kingdom",5,"STRPNE_6C",2011,83.755626944,4.75884244809003,1759.999997008
"13540","United Kingdom",5,"STRPNE_6C",2012,97.9167191698,4.60567823875079,2125.9999959606
"13541","United Kingdom",5,"STRPNE_6C",2013,75.9627449741,3.72549020080392,2038.9999940869
"13542","United Kingdom",5,"STRPNE_6C",2014,37.4023284583,2.06985769455369,1806.9999960246
"13543","United Kingdom",5,"STRPNE_6C",2015,56.2420824104,2.29934924620824,2445.9999933958
"13544","United Kingdom",5,"STRPNE_6C",2016,43.0134008605,1.44875045275263,2968.9999943589
"13545","United Kingdom",5,"STRPNE_6C",2017,51.8014730266,1.71869519378113,3013.9999933692
"13546","United Kingdom",5,"STRPNE_6C",2018,67.839999894,2.13333333362667,3179.999994594
"13547","United Kingdom",5,"STRPNE_6C",2019,52.4530743576,1.72599784500539,3038.9999911869
"13548","United Kingdom",5,"STRPNE_6D",2012,0,0,2125.9999959606
"13549","United Kingdom",5,"STRPNE_6D",2013,0,0,2038.9999940869
"13550","United Kingdom",5,"STRPNE_6D",2014,0,0,1806.9999960246
"13551","United Kingdom",5,"STRPNE_6D",2015,0,0,2445.9999933958
"13552","United Kingdom",5,"STRPNE_6D",2016,1.0753349844,0.0362187600688156,2968.9999943589
"13553","United Kingdom",5,"STRPNE_6D",2017,1.0571728574,0.0350754100771659,3013.9999933692
"13554","United Kingdom",5,"STRPNE_6D",2018,3.18,0.10000000017,3179.999994594
"13555","United Kingdom",5,"STRPNE_6D",2019,0,0,3038.9999911869
"13556","United Kingdom",5,"STRPNE_7",2011,0,0,1759.999997008
"13557","United Kingdom",5,"STRPNE_7",2012,0,0,2125.9999959606
"13558","United Kingdom",5,"STRPNE_7",2013,0,0,2038.9999940869
"13559","United Kingdom",5,"STRPNE_7",2014,0,0,1806.9999960246
"13560","United Kingdom",5,"STRPNE_7",2016,0,0,2968.9999943589
"13561","United Kingdom",5,"STRPNE_7",2019,0,0,3038.9999911869
"13562","United Kingdom",5,"STRPNE_7A",2012,0,0,2125.9999959606
"13563","United Kingdom",5,"STRPNE_7A",2014,1.1688227135,0.0646830501423027,1806.9999960246
"13564","United Kingdom",5,"STRPNE_7A",2015,1.0611711724,0.0433839401171366,2445.9999933958
"13565","United Kingdom",5,"STRPNE_7A",2017,0,0,3013.9999933692
"13566","United Kingdom",5,"STRPNE_7A",2018,0,0,3179.999994594
"13567","United Kingdom",5,"STRPNE_7A",2019,0,0,3038.9999911869
"13568","United Kingdom",5,"STRPNE_7B",2011,1.131832768,0.0643086801093247,1759.999997008
"13569","United Kingdom",5,"STRPNE_7B",2012,0,0,2125.9999959606
"13570","United Kingdom",5,"STRPNE_7B",2013,0,0,2038.9999940869
"13571","United Kingdom",5,"STRPNE_7B",2014,1.1688227135,0.0646830501423027,1806.9999960246
"13572","United Kingdom",5,"STRPNE_7B",2015,2.1223425894,0.0867678902342733,2445.9999933958
"13573","United Kingdom",5,"STRPNE_7B",2016,0,0,2968.9999943589
"13574","United Kingdom",5,"STRPNE_7B",2017,2.1143457148,0.0701508201543318,3013.9999933692
"13575","United Kingdom",5,"STRPNE_7B",2018,2.119999788,0.0666666601133333,3179.999994594
"13576","United Kingdom",5,"STRPNE_7B",2019,3.2783169954,0.107874860312837,3038.9999911869
"13577","United Kingdom",5,"STRPNE_7C",2011,0,0,1759.999997008
"13578","United Kingdom",5,"STRPNE_7C",2012,4.0239745944,0.189274440359621,2125.9999959606
"13579","United Kingdom",5,"STRPNE_7C",2013,3.9980391877,0.196078430568627,2038.9999940869
"13580","United Kingdom",5,"STRPNE_7C",2014,1.1688227135,0.0646830501423027,1806.9999960246
"13581","United Kingdom",5,"STRPNE_7C",2015,3.1835140064,0.13015184035141,2445.9999933958
"13582","United Kingdom",5,"STRPNE_7C",2016,10.7533501409,0.362187610688156,2968.9999943589
"13583","United Kingdom",5,"STRPNE_7C",2017,32.7723603878,1.08733777239214,3013.9999933692
"13584","United Kingdom",5,"STRPNE_7C",2018,80.559999894,2.53333333430667,3179.999994594
"13585","United Kingdom",5,"STRPNE_7C",2019,91.7928801258,3.02049622875944,3038.9999911869
"13586","United Kingdom",5,"STRPNE_7F",2011,172.038585136,9.77491962661736,1759.999997008
"13587","United Kingdom",5,"STRPNE_7F",2012,163.6416403088,7.6971608946246,2125.9999959606
"13588","United Kingdom",5,"STRPNE_7F",2013,121.2738560399,5.94771242724837,2038.9999940869
"13589","United Kingdom",5,"STRPNE_7F",2014,59.609961099,3.29883570725744,1806.9999960246
"13590","United Kingdom",5,"STRPNE_7F",2015,56.2420824104,2.29934924620824,2445.9999933958
"13591","United Kingdom",5,"STRPNE_7F",2016,50.5407460482,1.70228178323434,2968.9999943589
"13592","United Kingdom",5,"STRPNE_7F",2017,30.658014673,1.01718695223781,3013.9999933692
"13593","United Kingdom",5,"STRPNE_7F",2018,19.08,0.60000000102,3179.999994594
"13594","United Kingdom",5,"STRPNE_7F",2019,9.8349512901,0.323624590938511,3038.9999911869
"13595","United Kingdom",5,"STRPNE_8",2011,127.897105952,7.2668810323537,1759.999997008
"13596","United Kingdom",5,"STRPNE_8",2012,178.3962144594,8.39116720594322,2125.9999959606
"13597","United Kingdom",5,"STRPNE_8",2013,219.8921567508,10.7843137512745,2038.9999940869
"13598","United Kingdom",5,"STRPNE_8",2014,197.5310477972,10.9314359840492,1806.9999960246
"13599","United Kingdom",5,"STRPNE_8",2015,320.4737525242,13.1019523053753,2445.9999933958
"13600","United Kingdom",5,"STRPNE_8",2016,487.1267654503,16.4070989011735,2968.9999943589
"13601","United Kingdom",5,"STRPNE_8",2017,444.0126269326,14.7316731224097,3013.9999933692
"13602","United Kingdom",5,"STRPNE_8",2018,507.739999788,15.9666666871433,3179.999994594
"13603","United Kingdom",5,"STRPNE_8",2019,525.6235166169,17.2959367601582,3038.9999911869
"13604","United Kingdom",5,"STRPNE_9",2011,0,0,1759.999997008
"13605","United Kingdom",5,"STRPNE_9",2012,1.3413248648,0.0630914801198738,2125.9999959606
"13606","United Kingdom",5,"STRPNE_9",2013,1.3326795933,0.0653594701895425,2038.9999940869
"13607","United Kingdom",5,"STRPNE_9",2014,0,0,1806.9999960246
"13608","United Kingdom",5,"STRPNE_9",2015,0,0,2445.9999933958
"13609","United Kingdom",5,"STRPNE_9",2016,0,0,2968.9999943589
"13610","United Kingdom",5,"STRPNE_9",2017,0,0,3013.9999933692
"13611","United Kingdom",5,"STRPNE_9",2018,0,0,3179.999994594
"13612","United Kingdom",5,"STRPNE_9",2019,0,0,3038.9999911869
"13613","United Kingdom",5,"STRPNE_9A",2011,0,0,1759.999997008
"13614","United Kingdom",5,"STRPNE_9A",2012,0,0,2125.9999959606
"13615","United Kingdom",5,"STRPNE_9A",2013,1.3326795933,0.0653594701895425,2038.9999940869
"13616","United Kingdom",5,"STRPNE_9A",2014,0,0,1806.9999960246
"13617","United Kingdom",5,"STRPNE_9A",2015,0,0,2445.9999933958
"13618","United Kingdom",5,"STRPNE_9A",2016,0,0,2968.9999943589
"13619","United Kingdom",5,"STRPNE_9A",2017,0,0,3013.9999933692
"13620","United Kingdom",5,"STRPNE_9A",2018,0,0,3179.999994594
"13621","United Kingdom",5,"STRPNE_9A",2019,0,0,3038.9999911869
"13622","United Kingdom",5,"STRPNE_9L",2011,0,0,1759.999997008
"13623","United Kingdom",5,"STRPNE_9L",2013,0,0,2038.9999940869
"13624","United Kingdom",5,"STRPNE_9L",2014,0,0,1806.9999960246
"13625","United Kingdom",5,"STRPNE_9L",2015,0,0,2445.9999933958
"13626","United Kingdom",5,"STRPNE_9L",2016,0,0,2968.9999943589
"13627","United Kingdom",5,"STRPNE_9L",2017,0,0,3013.9999933692
"13628","United Kingdom",5,"STRPNE_9L",2018,0,0,3179.999994594
"13629","United Kingdom",5,"STRPNE_9L",2019,0,0,3038.9999911869
"13630","United Kingdom",5,"STRPNE_9N",2011,41.877813472,2.37942122404502,1759.999997008
"13631","United Kingdom",5,"STRPNE_9N",2012,49.629021911,2.33438485443533,2125.9999959606
"13632","United Kingdom",5,"STRPNE_9N",2013,65.3013070043,3.20261437928758,2038.9999940869
"13633","United Kingdom",5,"STRPNE_9N",2014,81.8175937397,4.52781371996119,1806.9999960246
"13634","United Kingdom",5,"STRPNE_9N",2015,183.5826463354,7.50542301026464,2445.9999933958
"13635","United Kingdom",5,"STRPNE_9N",2016,212.9163346306,7.1713147536255,2968.9999943589
"13636","United Kingdom",5,"STRPNE_9N",2017,206.1487195504,6.83970537504735,3013.9999933692
"13637","United Kingdom",5,"STRPNE_9N",2018,202.459999788,6.36666667082333,3179.999994594
"13638","United Kingdom",5,"STRPNE_9N",2019,203.2556631357,6.6882416493959,3038.9999911869
"13639","United Kingdom",5,"STRPNE_9V",2011,19.241157408,1.09324758185852,1759.999997008
"13640","United Kingdom",5,"STRPNE_9V",2012,16.0958990154,0.757097791438486,2125.9999959606
"13641","United Kingdom",5,"STRPNE_9V",2013,1.3326795933,0.0653594701895425,2038.9999940869
"13642","United Kingdom",5,"STRPNE_9V",2014,8.1817593559,0.452781370996119,1806.9999960246
"13643","United Kingdom",5,"STRPNE_9V",2015,9.5505422638,0.39045553105423,2445.9999933958
"13644","United Kingdom",5,"STRPNE_9V",2016,7.5273448908,0.25353132048171,2968.9999943589
"13645","United Kingdom",5,"STRPNE_9V",2017,5.2858645884,0.17537706038583,3013.9999933692
"13646","United Kingdom",5,"STRPNE_9V",2018,13.779999894,0.433333330736667,3179.999994594
"13647","United Kingdom",5,"STRPNE_9V",2019,6.5566342947,0.215749730625674,3038.9999911869
"13648","United Kingdom",5,"STRPNE_NTYP",2011,0,0,1759.999997008
"13649","United Kingdom",5,"STRPNE_NTYP",2012,0,0,2125.9999959606
"13650","United Kingdom",5,"STRPNE_NTYP",2013,0,0,2038.9999940869
"13651","United Kingdom",5,"STRPNE_NTYP",2014,0,0,1806.9999960246
"13652","United Kingdom",5,"STRPNE_NTYP",2015,0,0,2445.9999933958
"13653","United Kingdom",5,"STRPNE_NTYP",2016,0,0,2968.9999943589
"13654","United Kingdom",5,"STRPNE_NTYP",2017,0,0,3013.9999933692
"13655","United Kingdom",5,"STRPNE_NTYP",2018,0,0,3179.999994594
"13656","United Kingdom",5,"STRPNE_NTYP",2019,0,0,3038.9999911869
